{
	"": [
		"--------------------------------------------------------------------------------------------",
		"Copyright (c) Microsoft Corporation. All rights reserved.",
		"Licensed under the MIT License. See License.txt in the project root for license information.",
		"--------------------------------------------------------------------------------------------",
		"Do not edit this file. It is machine generated."
	],
	"version": "1.0.0",
	"contents": {
		"package": {
			"add.eventListener.breakpoint": "Přepnout zarážky naslouchacího procesu událostí",
			"add.xhr.breakpoint": "Přidat zarážku XHR/Fetch",
			"attach.node.process": "Připojit k procesu uzlu",
			"base.cascadeTerminateToConfigurations.label": "Seznam relací ladění, které budou také zastaveny, když bude ukončena tato relace ladění",
			"base.enableDWARF.label": "Přepíná, jestli se ladicí program pokusí přečíst ladicí symboly DWARF z WebAssembly, což může být náročné na prostředky. Aby bylo možné fungovat, vyžaduje rozšíření ms-vscode.wasm-vm-debugging.",
			"breakpoint.xhr.any": "Jakékoli XHR/Fetch",
			"breakpoint.xhr.contains": "Přerušit, pokud adresa URL obsahuje:",
			"browser.address.description": "IP adresa nebo název hostitele, na kterých naslouchá laděný prohlížeč",
			"browser.attach.port.description": "Port, který se má použít ke vzdálenému ladění prohlížeče, zadaný jako --remote-debugging-port při spuštění prohlížeče",
			"browser.baseUrl.description": "Base URL to resolve paths baseUrl. baseURL is trimmed when mapping URLs to the files on disk. Defaults to the launch URL domain.",
			"browser.browserAttachLocation.description": "Vynutí připojení prohlížeče v jednom umístění. Ve vzdáleném pracovním prostoru (například přes SSH nebo WSL) lze pomocí tohoto nastavení připojit prohlížeč na vzdáleném počítači (místo toho, aby byl připojen místně).",
			"browser.browserLaunchLocation.description": "Vynutí spuštění prohlížeče v jednom umístění. Ve vzdáleném pracovním prostoru (například přes SSH nebo WSL) lze pomocí tohoto nastavení otevřít prohlížeč na vzdáleném počítači (místo toho, aby byl připojen místně).",
			"browser.cleanUp.description": "Jaké čištění se má provést po dokončení relace ladění. Určuje, jestli se má zavřít pouze laděná karta nebo celý prohlížeč.",
			"browser.cwd.description": "Volitelný pracovní adresář pro spustitelný soubor modulu runtime",
			"browser.disableNetworkCache.description": "Určuje, jestli se má u každého požadavku přeskočit mezipaměť sítě.",
			"browser.env.description": "Optional dictionary of environment key/value pairs for the browser.",
			"browser.file.description": "Místní soubor HTML, který se má otevřít v prohlížeči",
			"browser.includeDefaultArgs.description": "Určuje, jestli se pro spuštění použijí výchozí argumenty pro spuštění prohlížeče (k zakázání funkcí, které by mohly ladění ztížit).",
			"browser.includeLaunchArgs.description": "Pokročilé: Určuje, jestli jsou v prohlížeči nastavené nějaké výchozí argumenty spuštění/ladění. Ladicí program bude předpokládat, že prohlížeč bude používat ladění kanálu, například ladění, které je k dispozici s parametrem --remote-debugging-pipe.",
			"browser.inspectUri.description": "Formát pro přepis inspectUri: Jde o šablonu, která interpoluje klíče v {curlyBraces}. Dostupné klíče:\r\n – url.* je parsovaná adresa běžící aplikace. Například {url.port}, {url.hostname}.\r\n – port je ladicí port, na kterém naslouchá Chrome.\r\n – browserInspectUri je identifikátor URI inspektoru ve spuštěném prohlížeči.\r\n – browserInspectUriPath je část cesty v identifikátoru URI inspektoru ve spuštěném prohlížeči (např.: /devtools/browser/e9ec0098-306e-472a-8133-5e42488929c2).\r\n – wsProtocol je doporučený protokol websocket. Nastaví se na wss, pokud původní adresa URL začíná na https, jinak ws.\r\n",
			"browser.launch.port.description": "Port, na kterém má prohlížeč naslouchat. Výchozí nastavení 0 způsobí, že prohlížeč bude laděn přes kanály, což je obecně bezpečnější možnost, kterou se doporučuje zvolit, pokud se nebudete chtít k prohlížeči připojovat z jiného nástroje.",
			"browser.pathMapping.description": "A mapping of URLs/paths to local folders, to resolve scripts in the Browser to scripts on disk",
			"browser.perScriptSourcemaps.description": "Určuje, jestli se skripty načítají jednotlivě s jedinečnými soubory sourcemap, které obsahují základní název zdrojového souboru. Tato možnost se dá nastavit, aby se optimalizovalo zpracování souboru sourcemap při práci s velkým počtem malých skriptů. Když se nastaví auto, zjistíme známé případy, kdy je to žádoucí.",
			"browser.profileStartup.description": "V případě hodnoty true bude profilování spuštěno při spuštění procesu.",
			"browser.restart": "Určuje, jestli se má obnovit připojení při zavření připojení prohlížeče.",
			"browser.revealPage": "Přepnout fokus na kartu",
			"browser.runtimeArgs.description": "Nepovinné argumenty se předaly do spustitelného souboru modulu runtime.",
			"browser.runtimeExecutable.description": "Either 'canary', 'stable', 'custom' or path to the browser executable. Custom means a custom wrapper, custom build or CHROME_PATH environment variable.",
			"browser.runtimeExecutable.edge.description": "Může mít hodnotu canary, stable, dev nebo custom, případně to může být cesta ke spustitelnému souboru prohlížeče. Možnost custom znamená vlastní obálku, vlastní sestavení nebo proměnnou prostředí EDGE_PATH.",
			"browser.server.description": "Configures a web server to start up. Takes the same configuration as the 'node' launch task.",
			"browser.skipFiles.description": "Pole názvů souborů, složek nebo globů cest, které se mají při ladění přeskočit. Hvězdicové vzory a negace jsou povolené, například: [\"**/node_modules/**\", \"!**/node_modules/my-module/**\"].",
			"browser.smartStep.description": "Automatické krokování pro nenamapované řádky v souborech sourcemap. Například kód, který TypeScript vytváří automaticky při kompilaci async/await nebo jiných funkcí.",
			"browser.sourceMapPathOverrides.description": "Sada mapování pro přepsání umístění zdrojových souborů z umístění podle sourcemapu na jejich umístění na disku. Podrobnosti najdete v souboru README.",
			"browser.sourceMapRenames.description": "Určuje, zda se má v zdrojovém mapování použít mapování „names“. Tato možnost vyžaduje požadavek na zdrojový obsah, který může být u určitých ladicích programů pomalý.",
			"browser.sourceMaps.description": "Použijí se soubory sourcemap JavaScriptu (pokud existují).",
			"browser.targetSelection": "Určuje, jestli se má provést připojení ke všem cílům, které odpovídají filtru adresy URL (automatic), nebo jestli se má zobrazit výzva k výběru jednoho z nich (pick).",
			"browser.timeout.description": "Retry for this number of milliseconds to connect to the browser. Default is 10000 ms.",
			"browser.url.description": "Will search for a tab with this exact url and attach to it, if found",
			"browser.urlFilter.description": "Bude hledat stránku s touto adresou URL, a pokud ji najde, připojí se k ní. Může obsahovat zástupné znaky *.",
			"browser.userDataDir.description": "Ve výchozím nastavení je prohlížeč spuštěn se samostatným profilem uživatele v dočasné složce. Pomocí této možnosti to lze přepsat. Pokud chcete prohlížeč spustit s výchozím profilem uživatele, nastavte hodnotu false. Nový prohlížeč nelze spustit, pokud je instance již spuštěna z „userDataDir“. ",
			"browser.vueComponentPaths": "Seznam vzorů glob souboru pro hledání komponent *.vue. Ve výchozím nastavení se vyhledávání provádí v celém pracovním prostoru. Tento seznam musí být specifikován z důvodu dalších vyhledávání požadovaných mapováními zdroje ve Vue CLI 4. Pokud chcete toto speciální zpracovávání zakázat, zadejte jako hodnotu tohoto nastavení prázdné pole hodnot.",
			"browser.webRoot.description": "Určuje absolutní cestu pracovního prostoru ke kořenovému adresáři webového serveru. Používá se pro překlad cest k souborům na disku, například /app.js. Zkratka pro pathMapping pro /",
			"chrome.attach.description": "Attach to an instance of Chrome already in debug mode",
			"chrome.attach.label": "Chrome: připojení",
			"chrome.label": "Webová aplikace (Chrome)",
			"chrome.launch.description": "Launch Chrome to debug a URL",
			"chrome.launch.label": "Chrome: spustit",
			"commands.callersAdd.label": "Vyloučit volajícího",
			"commands.callersAdd.paletteLabel": "Vyloučit volajícího z pozastavení v aktuálním umístění",
			"commands.callersGoToCaller.label": "Přejít do umístění volajícího",
			"commands.callersGoToTarget.label": "Přejít do cílového umístění",
			"commands.callersRemove.label": "Odebrat vyloučeného volajícího",
			"commands.callersRemoveAll.label": "Odebrat všechny vyloučené volající",
			"commands.disableSourceMapStepping.label": "Zakázat krokování namapovaného zdroje",
			"commands.enableSourceMapStepping.label": "Povolit krokování namapovaného zdroje",
			"commands.networkClear.label": "Vymazat protokol sítě",
			"commands.networkCopyURI.label": "Zkopírovat adresu URL žádosti",
			"commands.networkOpenBody.label": "Otevřít text odpovědi",
			"commands.networkOpenBodyInHexEditor.label": "Otevřít text odpovědi v šestnáctkovém editoru",
			"commands.networkReplayXHR.label": "Žádost o opětovné přehrání",
			"commands.networkViewRequest.label": "Zobrazit žádost jako cURL",
			"configuration.autoAttachMode": "Konfiguruje, které procesy se mají automaticky připojovat a ladit, když je zapnuté nastavení #debug.node.autoAttach#. Proces uzlu spuštěný s příznakem --inspect bude bez ohledu na toto nastavení připojen vždy.",
			"configuration.autoAttachMode.always": "Automaticky připojovat ke každému procesu Node.js spuštěnému v terminálu",
			"configuration.autoAttachMode.disabled": "Auto attach is disabled and not shown in status bar.",
			"configuration.autoAttachMode.explicit": "Připojit, pouze pokud je zadán parametr --inspect",
			"configuration.autoAttachMode.smart": "Automaticky připojit při spouštění skriptů, které nejsou ve složce node_modules",
			"configuration.autoAttachSmartPatterns": "Konfiguruje vzory globů pro určení, kdy se má k připojení použít inteligentní režim #debug.javascript.autoAttachFilter#. Parametr $KNOWN_TOOLS$ se nahradí seznamem názvů běžných spouštěčů testů a kódu. [Další informace najdete v dokumentaci pro VS Code](https://code.visualstudio.com/docs/nodejs/nodejs-debugging#_auto-attach-smart-patterns).",
			"configuration.automaticallyTunnelRemoteServer": "Při ladění vzdálené webové aplikace určuje, jestli se má automaticky vytvářet tunelové připojení mezi vzdáleným serverem a vaším místním počítačem.",
			"configuration.breakOnConditionalError": "Určuje, jestli se má ukončit, když podmíněné zarážky způsobí chybu.",
			"configuration.debugByLinkOptions": "Možnosti použité při ladění otevřených odkazů, na které se kliklo z terminálu ladění JavaScriptu. Pokud chcete toto chování zakázat, můžete pro toto nastavení zadat hodnotu off (vypnuto). Hodnota always (vždy) povolí ladění na všech terminálech.",
			"configuration.defaultRuntimeExecutables": "Výchozí hodnota runtimeExecutable používaná pro spouštění konfigurací, pokud není zadaná. Toto možnost se dá použít ke konfiguraci vlastních cest k instalacím Node.js nebo prohlížeče.",
			"configuration.enableNetworkView": "Povolí experimentální zobrazení sítě pro cíle, které ho podporují.",
			"configuration.npmScriptLensLocation": "Where a \"Run\" and \"Debug\" code lens should be shown in your npm scripts. It may be on \"all\", scripts, on \"top\" of the script section, or \"never\".",
			"configuration.pickAndAttachOptions": "Výchozí možnosti používané při ladění procesu pomocí příkazu Ladit: připojit k procesu Node.js",
			"configuration.resourceRequestOptions": "Možnosti požadavku, které se mají použít při načítání prostředků, třeba map zdrojů, v ladicím programu. Možná je bude nutné nakonfigurovat, pokud vaše mapy zdrojů například vyžadují ověření nebo používají certifikát podepsaný svým držitelem (self-signed certificate). Možnosti se používají při vytváření požadavku pomocí knihovny [`got`](https://github.com/sindresorhus/got).\r\n\r\nBěžný způsob, jak zakázat ověřování certifikátu, je předáním `{ \"https\": { \"rejectUnauthorized\": false } }`.",
			"configuration.terminalOptions": "Default launch options for the JavaScript debug terminal and npm scripts.",
			"configuration.unmapMissingSources": "Konfiguruje, jestli se automaticky zruší mapování souboru sourcemapped v případech, kdy se původní soubor nedá přečíst. Pokud je tato hodnota false (výchozí), zobrazí se výzva.",
			"createDiagnostics.label": "Diagnostikovat problémy zarážky",
			"customDescriptionGenerator.description": "Přizpůsobte si textový popis, který ladicí program zobrazí pro objekty (místní proměnné atd.). Příklady:\r\n      1. this.toString()// bude volat metodu toString pro tisk všech objektů.\r\n      2. this.customDescription ? this.customDescription() : defaultValue // Použít metodu customDescription, pokud je k dispozici, jinak vrátit hodnotu defaultValue\r\n      3. function (def) { return this.customDescription ? this.customDescription() : def } // Použít metodu customDescription, pokud je k dispozici, jinak vrátit hodnotu defaultValue\r\n      ",
			"customPropertiesGenerator.description": "Umožňuje přizpůsobit vlastnosti zobrazené pro objekt v ladicím programu (místní proměnné apod.). Příklady:\r\n    1. { ...this, extraProperty: '12345' } // Přidat extraProperty 12345 ke všem objektům\r\n    2. this.customProperties ? this.customProperties() : this // Použít metodu customProperties, pokud je k dispozici, v opačném případě použít vlastnosti v tomto zadání (výchozí vlastnosti)\r\n    3. function () { return this.customProperties ? this.customProperties() : this } // Použít metodu customDescription, pokud je k dispozici, v opačném případě vrátit výchozí vlastnosti\r\n\r\n    Zastaralé: Toto je dočasná implementace této funkce, než ji implementujeme způsobem popsaným tady: https://github.com/microsoft/vscode/issues/102181",
			"debug.npm.edit": "Upravit soubor package.json",
			"debug.npm.noScripts": "Ve vašem souboru package.json nebyly nalezeny žádné skripty npm.",
			"debug.npm.noWorkspaceFolder": "Pokud chcete ladit skripty npm, musíte otevřít složku pracovního prostoru.",
			"debug.npm.parseError": "Nelze přečíst {0}: {1}",
			"debug.npm.script": "Ladit skript NPM",
			"debug.terminal.attach": "Připojit k procesu terminálu Node.js",
			"debug.terminal.label": "Terminál pro ladění JavaScriptu",
			"debug.terminal.program.description": "Command to run in the launched terminal. If not provided, the terminal will open without launching a program.",
			"debug.terminal.snippet.label": "Run \"npm start\" in a debug terminal",
			"debug.terminal.toggleAuto": "Přepnout automatické připojení Node.js terminálu",
			"debug.terminal.welcome": "[Terminál pro ladění JavaScriptu](command:extension.js-debug.createDebuggerTerminal)\r\n\r\nPomocí terminálu pro ladění JavaScriptu můžete ladit procesy Node.js spuštěné na příkazovém řádku.",
			"debug.terminal.welcomeWithLink": "[Terminál pro ladění JavaScriptu](command:extension.js-debug.createDebuggerTerminal)\r\n\r\nPomocí terminálu pro ladění JavaScriptu můžete ladit procesy Node.js spuštěné na příkazovém řádku.\r\n\r\n[Adresa URL pro ladění](command:extension.js-debug.debugLink)",
			"debug.unverifiedBreakpoints": "Některé z vašich zarážek nelze nastavit. Pokud máte problém, můžete [troubleshoot your launch configuration](command:extension.js-debug.createDiagnostics).",
			"debugLink.label": "Otevřít odkaz",
			"edge.address.description": "IP adresa nebo název hostitele, kterým webové zobrazení naslouchá při ladění webových zobrazení. Pokud není nastaveno, bude automaticky zjištěno.",
			"edge.attach.description": "Attach to an instance of Edge already in debug mode",
			"edge.attach.label": "Edge: připojit",
			"edge.label": "Webová aplikace (Edge)",
			"edge.launch.description": "Launch Edge to debug a URL",
			"edge.launch.label": "Edge: spustit",
			"edge.port.description": "Port, na kterém ladicí program webového zobrazení naslouchá při ladění webových zobrazení. Pokud není nastaveno, bude automaticky zjištěno.",
			"edge.useWebView.attach.description": "Objekt obsahující pipeName kanálu ladění pro Webview2 hostované na UPW Toto je MyTestSharedMemory při vytváření kanálu „\\\\.\\pipe\\LOCAL\\MyTestSharedMemory“.",
			"edge.useWebView.launch.description": "Když má hodnotu true, bude ladicí program považovat spustitelný soubor modulu runtime za hostitelskou aplikaci, která obsahuje webové zobrazení (WebView), což vám umožní ladit obsah skriptu webového zobrazení.",
			"edit.xhr.breakpoint": "Upravit zarážku XHR/Fetch",
			"enableContentValidation.description": "Určuje, jestli budeme ověřovat, že se obsah souborů na disku shoduje s těmi, které jsou načteny za běhu. To je užitečné v různých scénářích (a v některých z nich je to vyžadováno), může to však také vést k problémům, například pokud se použije transformace skriptů na straně serveru.",
			"errors.timeout": "{0}: timeout after {1}ms",
			"extension.description": "An extension for debugging Node.js programs and Chrome.",
			"extensionHost.label": "Vývoj rozšíření VS Code",
			"extensionHost.launch.config.name": "Spustit rozšíření",
			"extensionHost.launch.debugWebWorkerHost": "Konfiguruje, jestli se máme zkusit připojit k hostiteli rozšíření webového pracovního procesu.",
			"extensionHost.launch.debugWebviews": "Konfiguruje, jestli se máme pokusit připojit k webovým zobrazením ve spuštěné instanci VS Code. To bude fungovat jenom v editoru VS Code na počítači.",
			"extensionHost.launch.env.description": "Proměnné prostředí se předaly hostiteli rozšíření.",
			"extensionHost.launch.rendererDebugOptions": "Možnosti spuštění prohlížeče Chrome, které se mají použít při připojování k procesu vykreslování pomocí nastavení debugWebviews nebo debugWebWorkerHost",
			"extensionHost.launch.runtimeExecutable.description": "Absolutní cesta k VS Code",
			"extensionHost.launch.stopOnEntry.description": "Po spuštění automaticky zastaví hostitele rozšíření.",
			"extensionHost.launch.testConfiguration": "Cesta ke konfiguračnímu souboru testu pro [testovací CLI](https://code.visualstudio.com/api/working-with-extensions/testing-extension#quick-setup-the-test-cli)",
			"extensionHost.launch.testConfigurationLabel": "Jedna konfigurace, která se má spustit ze souboru. Pokud se nezadá, může se zobrazit výzva k výběru.",
			"extensionHost.snippet.launch.description": "Spustit rozšíření VS Code v režimu ladění",
			"extensionHost.snippet.launch.label": "Vývoj rozšíření VS Code",
			"getDiagnosticLogs.label": "Uložit protokoly ladění diagnostického JS",
			"longPredictionWarning.disable": "Příště už nezobrazovat",
			"longPredictionWarning.message": "Konfigurace zarážek trvá delší dobu. Můžete ji urychlit aktualizací nastavení outFiles v souboru launch.json.",
			"longPredictionWarning.noFolder": "Není otevřená žádná složka pracovního prostoru.",
			"longPredictionWarning.open": "Otevřít soubor launch.json",
			"node.address.description": "TCP/IP address of process to be debugged. Default is 'localhost'.",
			"node.attach.attachExistingChildren.description": "Whether to attempt to attach to already-spawned child processes.",
			"node.attach.attachSpawnedProcesses.description": "Whether to set environment variables in the attached process to track spawned children.",
			"node.attach.config.name": "Připojit",
			"node.attach.continueOnAttach": "If true, we'll automatically resume programs launched and waiting on `--inspect-brk`",
			"node.attach.processId.description": "ID procesu, ke kterému se má provést připojení",
			"node.attach.restart.description": "Umožňuje pokusit se k programu znovu připojit v případě ztráty připojení. Pokud je nastavena hodnota true, budou pokusy o opětovné připojení prováděny jednou za sekundu bez omezení počtu pokusů. Interval a maximální počet opakovaných pokusů můžete upravit tak, že místo toho v objektu zadáte hodnoty pro nastavení delay a maxAttempts.",
			"node.attachSimplePort.description": "Pokud je nastaveno, provede se připojení k procesu přes zadaný port. Obecně to pro programy Node.js již není nutné a ztrácí se tím možnost ladit podřízené procesy, ale může to být užitečné v některých neobvyklých scénářích, například při spuštění Deno a Dockeru. Pokud je nastaveno na hodnotu 0, zvolí se náhodný port a k argumentům spuštění se automaticky přidá volba --inspect-brk.",
			"node.console.title": "Konzole ladění uzlů",
			"node.disableOptimisticBPs.description": "Nenastavujte zarážky do žádného souboru, dokud se pro daný soubor nenačte sourcemap.",
			"node.enableTurboSourcemaps.description": "Konfiguruje, jestli se má pro zjišťování sourcemap použít nový a rychlejší mechanismus.",
			"node.experimentalNetworking.description": "Povolte experimentální kontrolu v Node.js. Pokud je tato možnost nastavená na automaticky, je tato možnost povolená pro verze Node.js, které ji podporují. Můžete ji nastavit na zapnuto nebo vypnuto, aby bylo možné ji explicitně povolit nebo zakázat.",
			"node.killBehavior.description": "Konfiguruje, jak se mají ukončit procesy ladění při zastavení relace. Možnosti:\r\n\r\n- forceful (výchozí): Vynutí okamžité zrušení stromu procesu. Odešle příkaz SIGKILL v posixu nebo taskkill.exe /F ve Windows.\r\n- polite: Strom procesu se zruší řádně. Je možné, že procesy, které se nechovají správně, po vypnutí tímto způsobem nadále poběží. Odešle příkaz SIGTERM v posixu nebo taskkill.exe bez příznaku /F (force) ve Windows.\r\n- none: Nedojde k žádnému ukončení.",
			"node.label": "Node.js",
			"node.launch.args.description": "Argumenty příkazového řádku, které se předávají do programu.\r\n\r\nMůže to být pole řetězců nebo jeden řetězec. Když se program spustí v terminálu, nastavení této vlastnosti na jeden řetězec způsobí, že argumenty pro prostředí nebudou uvozeny.",
			"node.launch.autoAttachChildProcesses.description": "Automaticky připojovat ladicí program k novým podřízených procesům",
			"node.launch.config.name": "Spustit",
			"node.launch.console.description": "Kde se má spustit cíl ladění",
			"node.launch.console.externalTerminal.description": "Externí terminál, který lze konfigurovat pomocí uživatelského nastavení",
			"node.launch.console.integratedTerminal.description": "Integrovaný terminál VS Code",
			"node.launch.console.internalConsole.description": "Konzola ladění VS Code (nepodporující vstup čtení z programu)",
			"node.launch.cwd.description": "Absolutní cesta k pracovnímu adresáři laděného programu. Pokud jste nastavili localRoot, cwd bude odpovídat dané hodnotě, jinak se použije workspaceFolder.",
			"node.launch.env.description": "Proměnné prostředí se předaly do programu. Hodnota null odebere proměnnou z prostředí.",
			"node.launch.envFile.description": "Absolutní cesta k souboru, který obsahuje definice proměnných prostředí",
			"node.launch.logging": "Konfigurace protokolování",
			"node.launch.logging.cdp": "Path to the log file for Chrome DevTools Protocol messages",
			"node.launch.logging.dap": "Path to the log file for Debug Adapter Protocol messages",
			"node.launch.outputCapture.description": "Určuje, odkud se mají zachycovat výstupní zprávy: výchozí rozhraní API pro ladění, pokud je nastaveno na hodnotu console, nebo streamy stdout/stderr, pokud je nastaveno na hodnotu std.",
			"node.launch.program.description": "Absolutní cesta k programu. Vygenerovaná hodnota je odhadnuta podle souboru package.json a otevřených souborů. Upravte tento atribut.",
			"node.launch.restart.description": "Try to restart the program if it exits with a non-zero exit code.",
			"node.launch.runtimeArgs.description": "Nepovinné argumenty se předaly do spustitelného souboru modulu runtime.",
			"node.launch.runtimeExecutable.description": "Modul runtime, který se má použít. Absolutní cesta nebo název modulu runtime, který je k dispozici prostřednictvím proměnné PATH. V případě vynechání se předpokládá hodnota node.",
			"node.launch.runtimeSourcemapPausePatterns": "Seznam vzorů pro ruční vkládání zarážek pro vstupní body. Lze to použít k tomu, aby měl ladicí program možnost nastavit zarážky při použití mapování zdroje, která neexistují nebo která nebylo možné najít před spuštěním, jako například [v případě Serverless Framework](https://github.com/microsoft/vscode-js-debug/issues/492).",
			"node.launch.runtimeVersion.description": "Verze modulu runtime node, která se má používat. Vyžaduje nvm.",
			"node.launch.useWSL.deprecation": "Rozšíření useWSL je zastaralé a přestane se podporovat. Místo toho použijte rozšíření Remote - WSL.",
			"node.launch.useWSL.description": "Použít subsystém Windows pro Linux",
			"node.localRoot.description": "Cesta k místnímu adresáři obsahujícímu program",
			"node.pauseForSourceMap.description": "Whether to wait for source maps to load for each incoming script. This has a performance overhead, and might be safely disabled when running off of disk, so long as `rootPath` is not disabled.",
			"node.port.description": "Port pro ladění, ke kterému se má provést připojení. Výchozí hodnota je 9229.",
			"node.processattach.config.name": "Připojit k procesu",
			"node.profileStartup.description": "V případě hodnoty true bude profilování spuštěno při spuštění procesu.",
			"node.remote.host.header.description": "Explicitní hlavička hostitele, která se má použít při připojování ke inspector protokolu websocket. Pokud se nezadá, hlavička hostitele se nastaví na localhost. To je užitečné, když je inspector spuštěný za proxy serverem, který přijímá jenom konkrétní hlavičku hostitele.",
			"node.remoteRoot.description": "Absolutní cesta ke vzdálenému adresáři obsahujícímu program",
			"node.resolveSourceMapLocations.description": "A list of minimatch patterns for locations (folders and URLs) in which source maps can be used to resolve local files. This can be used to avoid incorrectly breaking in external source mapped code. Patterns can be prefixed with \"!\" to exclude them. May be set to an empty array or null to avoid restriction.",
			"node.showAsyncStacks.description": "Zobrazí se asynchronní volání, která vedla k aktuálnímu zásobníku volání.",
			"node.snippet.attach.description": "Připojit k běžícímu programu uzlu",
			"node.snippet.attach.label": "Node.js: připojit",
			"node.snippet.attachProcess.description": "Otevřít výběr procesu k výběru procesu uzlu, ke kterému se má provést připojení",
			"node.snippet.attachProcess.label": "Node.js: připojit k procesu",
			"node.snippet.electron.description": "Ladit hlavní proces Electron",
			"node.snippet.electron.label": "Node.js: hlavní proces Electron",
			"node.snippet.gulp.description": "Ladit úlohu Gulp (zajistěte, abyste měli v projektu místně nainstalovaný Gulp)",
			"node.snippet.gulp.label": "Node.js: úloha Gulp",
			"node.snippet.launch.description": "Spustit program uzlu v režimu ladění",
			"node.snippet.launch.label": "Node.js: spustit program",
			"node.snippet.mocha.description": "Ladit testy Mocha",
			"node.snippet.mocha.label": "Node.js: testy Mocha",
			"node.snippet.nodemon.description": "Použít nástroj nodemon k opětovnému spuštění relace ladění při změnách zdroje",
			"node.snippet.nodemon.label": "Node.js: instalace nástroje Nodemon",
			"node.snippet.npm.description": "Spustit program uzlu prostřednictvím npm skriptu debug",
			"node.snippet.npm.label": "Node.js: spustit přes NPM",
			"node.snippet.remoteattach.description": "Připojit k portu ladění programu vzdáleného uzlu",
			"node.snippet.remoteattach.label": "Node.js: připojit ke vzdálenému programu",
			"node.snippet.yo.description": "Ladit generátor Yeoman (nainstalujte spuštěním příkazu npm link v projektové složce)",
			"node.snippet.yo.label": "Node.js: generátor Yeoman",
			"node.sourceMapPathOverrides.description": "Sada mapování pro přepsání umístění zdrojových souborů z umístění, která jsou uvedena v mapování zdrojů, na jejich umístění na disku",
			"node.sourceMaps.description": "Použijí se soubory sourcemap JavaScriptu (pokud existují).",
			"node.stopOnEntry.description": "Po spuštění se program automaticky zastaví.",
			"node.timeout.description": "Opakované pokusy o připojení k Node.js se budou provádět tento počet milisekund. Výchozí hodnota je 10000 ms.",
			"node.versionHint.description": "Umožňuje explicitně zadat spuštěnou verzi uzlu, která se dá použít k zakázání nebo povolení určitých chování v případech, kdy nefunguje automatická detekce verze.",
			"node.websocket.address.description": "Přesná adresa protokolu WebSocket pro připojení. Pokud není zadáno, bude zjištěno z adresy a portu.",
			"openEdgeDevTools.label": "Otevřít vývojářské nástroje prohlížeče",
			"outFiles.description": "Při povolení souborů sourcemap tyto vzory glob určují vygenerované soubory JavaScriptu. Pokud vzor začíná znakem !, budou soubory vyloučeny. Pokud není zadán, bude se vygenerovaný kód očekávat ve stejném adresáři jako jeho zdroj.",
			"pretty.print.script": "Pretty print for debugging",
			"profile.start": "Použít profil výkonu",
			"profile.stop": "Zastavit profil výkonu",
			"remove.eventListener.breakpoint.all": "Odebrat všechny zarážky naslouchacího procesu událostí",
			"remove.xhr.breakpoint": "Odebrat zarážku XHR/Fetch",
			"remove.xhr.breakpoint.all": "Odebrat všechny zarážky XHR/Fetch",
			"requestCDPProxy.label": "Požadovat proxy CDP pro relaci ladění",
			"skipFiles.description": "Pole hodnot vzorů glob pro soubory, které se mají přeskočit při ladění. Vzor <node_internals>/** odpovídá všem interním modulům Node.js.",
			"smartStep.description": "Provede se automatické krokování vygenerovaného kódu, který nelze namapovat zpět do původního zdroje.",
			"start.with.stop.on.entry": "Spustit ladění a zastavit na vstupu",
			"startWithStopOnEntry.label": "Spustit ladění a zastavit na vstupu",
			"timeouts.generalDescription": "Časové limity pro několik operací ladicího programu",
			"timeouts.generalDescription.markdown": "Časové limity pro několik operací ladicího programu",
			"timeouts.hoverEvaluation.description": "Čas do vyhodnocení hodnoty pro symboly, na které se najelo myší, se přerušil. Když se nastaví na 0, pro vyhodnocování po najetí myší nikdy nevyprší časový limit.",
			"timeouts.sourceMaps.description": "Časové limity související s operacemi mapování zdroje",
			"timeouts.sourceMaps.sourceMapCumulativePause.description": "Doba navíc (v milisekundách) povolená pro relaci, po kterou je možné čekat na zpracování mapování zdroje po vyčerpání minimální doby (sourceMapMinPause)",
			"timeouts.sourceMaps.sourceMapMinPause.description": "Minimální doba (v milisekundách) strávená čekáním na zpracování jednotlivých mapování zdroje při parsování skriptu",
			"toggle.skipping.this.file": "Přepnout možnost přeskočení tohoto souboru",
			"trace.boolean.description": "Trace may be set to 'true' to write diagnostic logs to the disk.",
			"trace.description": "Configures what diagnostic output is produced.",
			"trace.logFile.description": "Configures where on disk logs are written.",
			"trace.stdio.description": "Určuje, jestli se mají vrátit data trasování ze spuštěné aplikace nebo prohlížeče.",
			"workspaceTrust.description": "K ladění kódu v tomto pracovním prostoru je vyžadován vztah důvěryhodnosti."
		},
		"bundle": {
			"A profiling session is already running, would you like to stop it and start a new session?": "Relace profilování je už spuštěná. Chcete ji zastavit a spustit novou relaci?",
			"Add XHR Breakpoint": "Přidat zarážku XHR",
			"Add new URL...": "Přidat novou adresu URL...",
			"Adjust glob pattern(s) in the 'outFiles' attribute so that they cover the generated JavaScript.": "Upravte vzory glob v atributu outFiles tak, aby pokrývaly vygenerovaný JavaScript.",
			"Always": "Vždy",
			"Always in this Workspace": "Vždy v tomto pracovním prostoru",
			"An error occurred taking a profile from the target.": "Při načítání profilu z cíle došlo k chybě.",
			"Animation Frame Fired": "Vyvolán snímek animace",
			"Any XHR or fetch": "Jakékoli XHR nebo Fetch",
			"Assertion failed": "Kontrolní výraz selhal.",
			"Attach to process: '{0}' doesn't look like a process id.": "Připojit k procesu: {0} nevypadá jako ID procesu.",
			"Attach to process: cannot enable debug mode for process '{0}' ({1}).": "Připojit k procesu: Nelze povolit režim ladění pro proces {0} ({1}).",
			"Attribute 'runtimeVersion' requires Node.js version manager 'nvm-windows' or 'nvs'.": "Atribut runtimeVersion vyžaduje správce verzí Node.js nvm-windows nebo nvs.",
			"Attribute 'runtimeVersion' requires Node.js version manager 'nvs', 'nvm' or 'fnm' to be installed.": "Atribut „runtimeVersion“ vyžaduje instalaci správce verzí Node.js „nvs“, „nvm“ nebo „fnm“.",
			"Attribute 'runtimeVersion' with a flavor/architecture requires 'nvs' to be installed.": "Atribut runtimeVersion s variantou nebo architekturou vyžaduje instalaci nvs.",
			"Bidder Bidding Phase Start": "Zahájení fáze podávání nabídek zájemců",
			"Bidder Reporting Phase Start": "Zahájení fáze reportování zájemců",
			"Block": "Blokovat",
			"Break when URL Contains": "Přerušit, pokud adresa URL obsahuje",
			"Breaks on all throw errors, even if they're caught later.": "Pozastaví se na všech vyvolaných chybách, i když se zachytí později.",
			"Breaks only on errors or promise rejections that are not handled.": "Přeruší se jenom pří chybách nebo zamítnutí příslibů, které nebyly zpracovány.",
			"Browser connection failed, will retry: {0}": "Připojení k prohlížeči selhalo, pokus bude opakován: {0}",
			"CPU Profile": "Profil CPU",
			"CPU profile saved as \"{0}\" in your workspace folder": "Profil procesoru se ve složce pracovního prostoru uložil jako {0}.",
			"CSP violation \"{0}\"": "Porušení CSP {0}",
			"Can't find Node.js binary \"{0}\": {1}. Make sure Node.js is installed and in your PATH, or set the \"runtimeExecutable\" in your launch.json": "Nelze najít binární soubor Node.js {0}: {1}. Zkontrolujte, že je Node.js nainstalovaný a je uveden v proměnné PATH, nebo nastavte runtimeExecutable v souboru launch.json.",
			"Can't load environment variables from file ({0}).": "Nelze načíst proměnné prostředí ze souboru ({0}).",
			"Cancel Animation Frame": "Zrušit snímek animace",
			"Cannot connect to the target at {0}: {1}": "Nelze se připojit k cíli: {0}: {1}",
			"Cannot find `{0}` installed in {1}": "Nejde najít {0} s instalační cestou {1}.",
			"Cannot find a program to debug": "Nelze najít program k ladění.",
			"Cannot find test configuration with label `{0}`, got: {1}": "Nepovedlo se najít konfiguraci testu s popiskem {0}, získalo se: {1}.",
			"Cannot launch debug target in terminal ({0}).": "Nelze spustit cíl ladění v terminálu ({0}).",
			"Cannot restart asynchronous frame": "Nelze restartovat asynchronní blok zásobníku.",
			"Cannot set an empty value": "Nelze nastavit prázdnou hodnotu.",
			"Catch Block": "Blok Catch",
			"Caught Exceptions": "Zachycené výjimky",
			"Close AudioContext": "Zavřít AudioContext",
			"Closure": "Zavření",
			"Closure ({0})": "Zavření ({0})",
			"Console profile started": "Profil konzoly se spustil",
			"Could not connect to any UWP Webview pipe. Make sure your webview is hosted in debug mode, and that the `pipeName` in your `launch.json` is correct.": "Nelze se připojit k žádnému kanálu webového zobrazení UPW. Ujistěte se, že je vaše webové zobrazení hostované v režimu ladění a že „pipeName“ v souboru „launch.json“ je správné.",
			"Could not find a location for the variable": "Nenašlo se umístění pro proměnnou.",
			"Could not query the provided object": "Nepovedlo se zadat dotaz na zadaný objekt.",
			"Could not read source map for {0}: {1}": "Nepovedlo se přečíst mapování zdroje pro {0}: {1}",
			"Could not read {0}: {1}": "Nelze přečíst {0}: {1}",
			"Create AudioContext": "Vytvořit AudioContext",
			"Create canvas context": "Vytvořit kontext plátna",
			"Debug Anyway": "Přesto ladit",
			"Debug URL": "Ladit adresu URL",
			"Details": "Podrobnosti",
			"Don't show again": "Příště už nezobrazovat",
			"Duration": "Doba trvání",
			"Duration of Profile": "Doba trvání profilu",
			"Edit XHR Breakpoint": "Upravit zarážku XHR",
			"Edit package.json": "Upravit soubor package.json",
			"Enables Node.js [auto attach]({0}) debugging in \"{1}\" mode/{Locked='[auto attach]({0})'}the 2nd placeholder is the setting value": "Povolí ladění Node.js [auto attach]({0}) v režimu „{1}“",
			"Enter a URL or a pattern to match": "Zadejte adresu URL nebo vzor, který se má shodovat.",
			"Eval": "Vyhodnocení",
			"Frame could not be restarted": "Rámec se nepovedlo restartovat.",
			"Generates a .cpuprofile file you can open in VS Code or the Edge/Chrome devtools": "Vygeneruje soubor .cpuprofile, který můžete otevřít ve VS Code nebo v Edge/Chrome DevTools.",
			"Generates a .heapprofile file you can open in VS Code or the Edge/Chrome devtools": "Vygeneruje soubor .heapprofile, který můžete otevřít ve VS Code nebo v Edge/Chrome DevTools.",
			"Generates a .heapsnapshot file you can open in VS Code or the Edge/Chrome devtools": "Vygeneruje soubor .heapsnapshot, který můžete otevřít ve VS Code nebo v Edge/Chrome DevTools.",
			"Global": "Globální",
			"Globals": "Globální",
			"Got it!": "OK!",
			"Heap Profile": "Profil haldy",
			"Heap Snapshot": "Snímek haldy",
			"How long to run the profile": "Jak dlouho má být profil spuštěn",
			"Ignore": "Ignorovat",
			"Installation complete! The extension will be used after you restart your debug session.": "Instalace dokončena! Rozšíření se použije po restartování relace ladění.",
			"Installing the DWARF debugger...": "Instaluje se ladicí program DWARF...",
			"Invalid expression": "Neplatný výraz",
			"Invalid hit condition \"{0}\". Expected an expression like \"> 42\" or \"== 2\".": "Neplatná podmínka průchodu {0}. Očekává se výraz, například > 42 nebo == 2.",
			"It looks like a browser is already running from {0}. Please close it before trying to debug, otherwise VS Code may not be able to connect to it.": "Vypadá to, že prohlížeč je již spuštěn z {0}. Před pokusem o ladění ho prosím zavřete, jinak by se k němu VS Code nemusel být schopen připojit.",
			"It looks like your debug session has already ended. Try debugging again, then run the \"Debug: Diagnose Breakpoint Problems\" command.": "Vypadá to, že vaše ladicí relace už skončila. Zkuste ladění opakovat a potom spusťte příkaz „Debug: Diagnose Breakpoint Problems“ (Ladit: Diagnostikovat problémy zarážek).",
			"It's taking a while to configure your breakpoints. You can speed this up by updating the 'outFiles' in your launch.json.": "Konfigurace zarážek trvá delší dobu. Můžete ji urychlit aktualizací nastavení outFiles v souboru launch.json.",
			"JavaScript Debug Terminal": "Terminál pro ladění JavaScriptu",
			"JavaScript debug adapter": "Adaptér ladění JavaScriptu",
			"Launch Chrome against localhost": "Spustit Chrome proti localhostu",
			"Launch Edge against localhost": "Spustit Microsoft Edge proti místnímu hostiteli",
			"Launch Program": "Spustit program",
			"Launch configuration created based on 'package.json'.": "Spustit konfiguraci vytvořenou na základě souboru package.json",
			"Launch configuration for '{0}' project created.": "Spustit konfiguraci pro vytvořený projekt {0}",
			"Local": "Místní",
			"Locals": "Místní proměnné",
			"Lost connection to debugee, reconnecting in {0}ms\r\n": "Bylo ztraceno připojení k laděné součásti. Pokus o opětovné připojení bude proveden za {0} ms.\r\n",
			"Manual": "Ruční",
			"Module": "Modul",
			"Networking not available.": "Síť není k dispozici.",
			"Never": "Nikdy",
			"No": "Ne",
			"No npm scripts found in the workspace folder.": "Ve složce pracovního prostoru nebyly nalezeny žádné skripty npm.",
			"No npm scripts found in your package.json": "Ve vašem souboru package.json nebyly nalezeny žádné skripty npm.",
			"No package.json files found in your workspace.": "Ve vašem pracovním prostoru se nenašly žádné soubory package.json.",
			"No workspace folder open.": "Není otevřená žádná složka pracovního prostoru.",
			"Node Attributes": "Atributy uzlu",
			"Node.js version '{0}' not installed using version manager {1}.": "Node.js verze {0} není nainstalovaný pomocí správce verzí {1}.",
			"Not Now": "Teď ne",
			"Only objects can be queried": "Dotazy lze zadávat pouze na objekty.",
			"Open launch.json": "Otevřít soubor launch.json",
			"Output has been truncated to the first {0} characters. Run `{1}` to copy the full output.": "Výstup byl zkrácen na prvních {0} znaků. Spuštěním příkazu {1} zkopírujte úplný výstup.",
			"Parameters": "Parametry",
			"Paused": "Pozastaveno",
			"Paused before Out Of Memory exception": "Pozastaveno před výjimkou při nedostatku paměti",
			"Paused on Content Security Policy violation instrumentation breakpoint, directive \"{0}\"": "Pozastaveno na zarážce instrumentace porušení zásad zabezpečení obsahu (CSP), direktiva {0}",
			"Paused on DOM breakpoint": "Pozastaveno na zarážce DOM",
			"Paused on WebGL Error instrumentation breakpoint, error \"{0}\"": "Pozastaveno na zarážce instrumentace chyby WebGL. Chyba: {0}",
			"Paused on XMLHttpRequest or fetch": "Pozastaveno na XMLHttpRequest nebo při načtení",
			"Paused on assert": "Pozastaveno na kontrolním příkazu",
			"Paused on breakpoint": "Pozastaveno na zarážce",
			"Paused on debug() call": "Pozastaveno při volání metody debug()",
			"Paused on debugger statement": "Pozastaveno na příkazu ladicího programu",
			"Paused on event listener": "Pozastaveno na naslouchacím procesu událostí",
			"Paused on event listener breakpoint \"{0}\", triggered on \"{1}\"": "Pozastaveno na zarážce naslouchacího procesu události {0}, vyvoláno na {1}",
			"Paused on exception": "Pozastaveno na výjimce",
			"Paused on frame entry": "Pozastaveno na položce rámce",
			"Paused on instrumentation breakpoint": "Pozastaveno na zarážce instrumentace",
			"Paused on instrumentation breakpoint \"{0}\"": "Pozastaveno na zarážce instrumentace {0}",
			"Paused on {0}": "Pozastaveno při: {0}",
			"Pick Breakpoint": "Vybrat zarážku",
			"Pick the node.js process to attach to": "Vyberte proces node.js, ke kterému se má provést připojení.",
			"Please enter a number": "Zadejte prosím číslo.",
			"Please enter a number greater than 1": "Zadejte prosím číslo větší než 1.",
			"Please stop the running profile before starting a new one.": "Před spuštěním nového profilu prosím zastavte běžící profil.",
			"Process picker failed ({0})": "Výběr procesu selhal ({0})",
			"Profile duration in seconds, e.g \"5\"": "Doba trvání profilu v sekundách, například 5",
			"Profiling": "Profilace",
			"Profiling with breakpoints enabled can change the performance of your code. It can be useful to validate your findings with the \"duration\" or \"manual\" termination conditions.": "Profilování s povolenými zarážkami může změnit výkon vašeho kódu. Může být užitečné ověřit zjištěné výsledky pomocí podmínek ukončení duration (doba trvání) nebo manual (ručně).",
			"Read More": "Další informace",
			"Request Animation Frame": "Požádat o snímek animace",
			"Resume AudioContext": "Obnovit AudioContext",
			"Return value": "Návratová hodnota",
			"Run Current File": "Spustit aktuální soubor",
			"Run Node.js tool": "Spustit nástroj Node.js",
			"Run Script: {0}": "Spustit skript: {0}",
			"Run for a specific amount of time": "Provádět po konkrétní dobu",
			"Run until a specific breakpoint is hit": "Provádět, dokud nebude dosaženo konkrétní zarážky",
			"Run until manually stopped": "Provádět do ručního zastavení",
			"Runs a Node.js command-line installed in the workspace node_modules.": "Spustí příkazový řádek Node.js nainstalovaný v pracovním prostoru node_modules.",
			"Saving": "Ukládání",
			"Script": "Skript",
			"Script Blocked by Content Security Policy": "Skript zablokován zásadami zabezpečení obsahu",
			"Script First Statement": "První příkaz skriptu",
			"Select a tab": "Vyberte kartu",
			"Select a tool to run": "Vyberte nástroj, který se má spustit.",
			"Select current working directory for new terminal": "Vyberte aktuální pracovní adresář pro nový terminál.",
			"Select test configuration to run": "Vyberte konfiguraci testu, která se má spustit.",
			"Select the page where you want to open the devtools": "Vyberte stránku, na které chcete vývojářské nástroje otevřít.",
			"Select the session you want to inspect:": "Vyberte relaci, kterou chcete zkontrolovat:",
			"Seller Reporting Phase Start": "Zahájení fáze reportování prodejců",
			"Seller Scoring Phase Start": "Zahájení fáze bodování prodejců",
			"Set innerHTML": "Nastavit innerHTML",
			"Skipped by skipFiles": "Vynecháno na základě skipFiles",
			"Skipped by smartStep": "Vynecháno na základě smartStep",
			"Some breakpoints might not work in your version of Node.js. We recommend upgrading for the latest bug, performance, and security fixes. Details: https://aka.ms/AAcsvqm": "Některé zarážky nemusí ve vaší verzi Node.js fungovat. Doporučujeme upgradovat, abyste získali nejnovější opravy chyb, výkonu a zabezpečení. Podrobnosti: https://aka.ms/AAcsvqm",
			"Source not a source map": "Zdroj není zdrojová mapa.",
			"Source not found": "Zdroj nenalezen",
			"Stack frame not found": "Blok zásobníku nebyl nalezen.",
			"Starting profile...": "Spouští se profil…",
			"Stopping profile...": "Zastavuje se profil...",
			"Suspend AudioContext": "Pozastavit AudioContext",
			"Syntax error setting breakpoint with condition {0} on line {1}: {2}": "Chyba syntaxe při nastavování zarážky s podmínkou {0} na řádku {1}: {2}",
			"Target page not found. You may need to update your \"urlFilter\" to match the page you want to debug.": "Cílová stránka nebyla nalezena. Možná budete muset aktualizovat nastavení urlFilter tak, aby odpovídalo stránce, kterou chcete ladit.",
			"The Node version in \"{0}\" is outdated (version {1}), we require at least Node 8.x.": "Verze Node v „{0}“ je zastaralá (verze {1}). Je vyžadován Node 8.x nebo vyšší verze.",
			"The URL provided is invalid": "Zadaná adresa URL je neplatná.",
			"The browser process exited with code {0} before connecting to the debug server. Make sure the `runtimeExecutable` is configured correctly and that it can run without errors.": "Proces prohlížeče byl ukončen s kódem {0} před připojením k ladicímu serveru. Ujistěte se, že runtimeExecutable je správně nakonfigurovaný a že se dá spustit bez chyb.",
			"The configured `cwd` {0} does not exist.": "Nakonfigurovaný cwd {0} neexistuje.",
			"The configured `cwd` {0} is not a folder.": "Nakonfigurovaný cwd {0} není složka.",
			"This is a missing file path referenced by a sourcemap. Would you like to debug the compiled version instead?": "Jedná se o chybějící cestu k souboru, na kterou odkazuje sourcemap. Chcete místo toho ladit zkompilovanou verzi?",
			"Thread is not paused": "Podproces není pozastaven.",
			"Thread is not paused on exception": "Podproces není pozastaven při výjimce.",
			"Thread not found": "Vlákno se nenašlo",
			"Type of profile": "Typ profilu",
			"URL contains \"{0}\"": "Adresa URL obsahuje: {0}",
			"UWP webview debugging is not available on your platform.": "Ladění webového zobrazení UPW není na vaší platformě k dispozici.",
			"Unable to attach to browser": "Nelze připojit k prohlížeči.",
			"Unable to evaluate": "Nelze vyhodnotit.",
			"Unable to evaluate on async stack frame": "Nelze vyhodnotit v asynchronním bloku zásobníku.",
			"Unable to find an installation of the browser on your system. Try installing it, or providing an absolute path to the browser in the \"runtimeExecutable\" in your launch.json.": "V systému se nepovedlo najít instalaci prohlížeče. Zkuste ji nainstalovat nebo v souboru launch.json zadejte v parametru runtimeExecutable absolutní cestu k prohlížeči.",
			"Unable to find {0} version {1}. Available auto-discovered versions are: {2}. You can set the \"runtimeExecutable\" in your launch.json to one of these, or provide an absolute path to the browser executable.": "Nelze najít {0} verze {1}. Dostupné automaticky zjištěné verze: {2}. Jednu z těchto verzí můžete určit jako hodnotu parametru runtimeExecutable v souboru launch.json nebo můžete zadat absolutní cestu ke spustitelnému souboru prohlížeče.",
			"Unable to launch browser: \"{0}\"": "Nelze spustit prohlížeč: {0}.",
			"Unable to pause": "Nelze pozastavit.",
			"Unable to pretty print": "Nelze provést přehledný výpis.",
			"Unable to resume": "Nedá se pokračovat.",
			"Unable to retrieve source content": "Nelze načíst zdrojový obsah.",
			"Unable to set variable value": "Nelze nastavit hodnotu proměnné.",
			"Unable to step in": "Nelze krokovat s vnořením.",
			"Unable to step next": "Nelze krokovat na další.",
			"Unable to step out": "Nelze krokovat s vystoupením.",
			"Unbound breakpoint": "Nevázaná zarážka",
			"Uncaught Exceptions": "Nezachycené výjimky",
			"Unknown error": "Neznámá chyba",
			"VS Code can provide better debugging experience for WebAssembly via \"DWARF Debugging\" extension. Would you like to install it?/\"DWARF Debugging\" is the extension name and should not be localized.": "VS Code může poskytovat lepší možnosti ladění pro WebAssembly prostřednictvím rozšíření DWARF Debugging. Chcete ji nainstalovat?",
			"Variable not found": "Proměnná se nenašla",
			"Variables not available in async stacks": "Proměnné nejsou dostupné v asynchronních zásobnících.",
			"WARNING: Processing source-maps of {0} took longer than {1} ms so we continued execution without waiting for all the breakpoints for the script to be set.": "UPOZORNĚNÍ: Zpracování mapování zdroje {0} trvalo přes {1} ms, takže jsme pokračovali v provádění bez čekání na nastavení všech zarážek pro skript.",
			"We can't launch a browser in debug mode from here. If you want to debug this webpage, open this workspace from VS Code on your desktop.": "Prohlížeč odsud nemůžeme spustit v režimu ladění. Pokud chcete ladit tuto webovou stránku, otevřete tento pracovní prostor z VS Code na počítači.",
			"We can't launch a browser in debug mode from here. Open this workspace in VS Code on your desktop to enable debugging.": "Prohlížeč odsud nemůžeme spustit v režimu ladění. Pokud chcete povolit ladění, otevřete tento pracovní prostor ve VS Code na počítači.",
			"WebGL Error Fired": "Vyvolána chyba WebGL",
			"WebGL Warning Fired": "Vyvoláno upozornění WebGL",
			"With Block": "Blok With",
			"Would you like to save a configuration in your launch.json for easy access later?": "Chcete si uložit konfiguraci do souboru launch.json, abyste k ní měli snadný přístup později?",
			"XHR/Fetch URLs": "Adresy URL pro XHR/Fetch",
			"Yes": "Ano",
			"You may install the `{}` module via npm for enhanced WebAssembly debugging": "Modul {} můžete nainstalovat přes npm pro vylepšené ladění WebAssembly.",
			"You need to open a workspace folder to debug npm scripts.": "Pokud chcete ladit skripty npm, musíte otevřít složku pracovního prostoru.",
			"You're running an outdated version of Node.js. We recommend upgrading for the latest bug, performance, and security fixes.": "Používáte zastaralou verzi Node.js. Doporučujeme upgradovat, abyste získali nejnovější opravy chyb, výkonu a zabezpečení.",
			"an old debug session": "stará relace ladění",
			"breakpoint.provisionalBreakpoint": "breakpoint.provisionalBreakpoint",
			"path does not exist": "cesta neexistuje",
			"process id: {0} ({1})": "ID procesu: {0} ({1})",
			"process id: {0}, debug port: {1} ({2})": "ID procesu: {0}, port ladění: {1} ({2})",
			"setInterval fired": "vyvolána metoda setInterval",
			"setTimeout fired": "Vyvolána metoda setTimeout",
			"the configured userDataDir": "nakonfigurovaný adresář userDataDir",
			"{0} (couldn't describe: {1})": "{0} (nepovedlo se popsat: {1})",
			"{0} Click to Stop Profiling": "{0} Kliknutím zastavíte profilaci",
			"{0} Click to Stop Profiling ({1} sessions)": "{0} Kliknutím zastavíte profilaci (relace {1})",
			"{0} Click to Stop Profiling ({1})": "{0} Kliknutím zastavíte profilaci ({1})"
		}
	}
}