{
	"": [
		"--------------------------------------------------------------------------------------------",
		"Copyright (c) Microsoft Corporation. All rights reserved.",
		"Licensed under the MIT License. See License.txt in the project root for license information.",
		"--------------------------------------------------------------------------------------------",
		"Do not edit this file. It is machine generated."
	],
	"version": "1.0.0",
	"contents": {
		"bundle": {
			"\"{0}\" has fingerprint \"{1}\"": "\"{0}\" hat Fingerabdruck \"{1}\"",
			"$(info) Remote \"{0}\" has no tags.": "$(info) Remote \"{0}\" hat keine Tags.",
			"$(info) This repository has no stashes.": "$(info) Dieses Repository hat keine Stashes.",
			"$(info) This repository has no tags.": "$(info) Dieses Repository hat keine Tags.",
			"A branch named \"{0}\" already exists": "Ein Branch mit dem Namen \"{0}\" ist bereits vorhanden.",
			"A git repository was found in the parent folders of the workspace or the open file(s). Would you like to open the repository?": "Ein Git-Repository wurde in den übergeordneten Ordnern des Arbeitsbereichs oder in den geöffneten Dateien gefunden. Möchten Sie das Repository öffnen?",
			"Absolute paths not supported in \"git.scanRepositories\" setting.": "Absolute Pfade werden in der Einstellung \"git.scanRepositories\" nicht unterstützt.",
			"Add Remote": "Remoterepository hinzufügen",
			"Add a new remote...": "Neues Remoterepository hinzufügen...",
			"Add remote from URL": "Remoterepository aus URL hinzufügen",
			"Add remote from {0}": "Remoterepository aus {0} hinzufügen",
			"Add to Workspace": "Zum Arbeitsbereich hinzufügen",
			"All Changes ({0} ↔ {1})": "Alle Änderungen ({0} ↔ {1})",
			"All Repositories": "Alle Repositorys",
			"Always": "Immer",
			"Always Pull": "Immer pullen",
			"Always Replace Local Tag(s)": "Lokale Tags immer ersetzen",
			"Are you sure you want to DELETE {0} files?\nThis is IRREVERSIBLE!\nThese files will be FOREVER LOST if you proceed.": "Möchten Sie {0} Dateien LÖSCHEN?\nDieser Vorgang ist UNUMKEHRBAR!\nWenn Sie fortfahren, gehen diese Dateien DAUERHAFT VERLOREN.",
			"Are you sure you want to DELETE {0}?\nThis is IRREVERSIBLE!\nThis file will be FOREVER LOST if you proceed.": "Möchten Sie \"{0}\" LÖSCHEN?\nDieser Vorgang ist UNUMKEHRBAR!\nWenn Sie fortfahren, geht die Datei DAUERHAFT VERLOREN.",
			"Are you sure you want to continue connecting?": "Möchten Sie die Verbindungsherstellung fortsetzen?",
			"Are you sure you want to create an empty commit?": "Möchten Sie wirklich einen leeren Commit erstellen?",
			"Are you sure you want to discard ALL changes in {0} files?\nThis is IRREVERSIBLE!\nYour current working set will be FOREVER LOST if you proceed.": "Möchten Sie ALLE Änderungen in {0} Dateien verwerfen?\nDieser Vorgang ist UNUMKEHRBAR!\nWenn Sie fortfahren, geht Ihr aktueller Arbeitssatz DAUERHAFT VERLOREN.",
			"Are you sure you want to discard changes in {0} files?": "Möchten Sie wirklich Änderungen in {0} Dateien verwerfen?",
			"Are you sure you want to discard changes in {0}?": "Möchten Sie die Änderungen in {0} wirklich verwerfen?",
			"Are you sure you want to drop ALL stashes? There are {0} stashes that will be subject to pruning, and MAY BE IMPOSSIBLE TO RECOVER.": "Sind Sie sich sicher, dass Sie ALLE Stashes löschen möchten? Es sind {0} Stashes vorhanden, die gelöscht werden müssen und MÖGLICHERWEISE NICHT WIEDERHERGESTELLT werden können.",
			"Are you sure you want to drop ALL stashes? There is 1 stash that will be subject to pruning, and MAY BE IMPOSSIBLE TO RECOVER.": "Sind Sie sich sicher, dass Sie ALLE Stashes löschen möchten? Es ist 1 Stash vorhanden, der gelöscht werden muss und MÖGLICHERWEISE NICHT WIEDERHERGESTELLT werden kann.",
			"Are you sure you want to drop the stash: {0}?": "Möchten Sie den folgenden Stash löschen: {0}?",
			"Are you sure you want to restore {0} files?": "Möchten Sie {0} Dateien wirklich wiederherstellen?",
			"Are you sure you want to restore {0}?": "Möchten Sie {0} wirklich wiederherstellen?",
			"Are you sure you want to stage {0} files with merge conflicts?": "Möchten Sie {0} Dateien mit Mergingkonflikten bereitstellen?",
			"Are you sure you want to stage {0} with merge conflicts?": "Möchten Sie {0} mit Mergingkonflikten bereitstellen?",
			"Ask Me Later": "Erneut nachfragen",
			"Branch name": "Branchname",
			"Branch name needs to match regex: {0}": "Der Name des Branches muss mit RegEx übereinstimmen: {0}",
			"Can't force push refs to remote. The tip of the remote-tracking branch has been updated since the last checkout. Try running \"Pull\" first to pull the latest changes from the remote branch first.": "Pushverweise an remote kann nicht erzwungen werden. Die Spitze des Remotenachverfolgungsbranchs wurde seit dem letzten Check-Out aktualisiert. Führen Sie zuerst „Pull“ aus, um zuerst die neuesten Änderungen aus dem Remotebranch abzurufen.",
			"Can't push refs to remote. Try running \"Pull\" first to integrate your changes.": "Verweise können nicht per Push an remote übertragen werden. Führen Sie zunächst \"Pull\" aus, um Ihre Änderungen zu integrieren.",
			"Can't undo because HEAD doesn't point to any commit.": "Die Aktion kann nicht rückgängig gemacht werden, da HEAD nicht auf einen Commit verweist.",
			"Changes": "Änderungen",
			"Checking Out Branch/Tag...": "Verzweigung/Tag wird ausgecheckt ...",
			"Checking Out Changes...": "Änderungen werden ausgecheckt ...",
			"Checkout Branch/Tag...": "Verzweigung/Tag auschecken ...",
			"Choose Folder...": "Ordner auswählen...",
			"Choose a folder to clone {0} into": "Wählen Sie einen Ordner aus, in den {0} geklont werden soll.",
			"Choose a repository": "Repository auswählen",
			"Choose which repository to clone": "Wählen Sie aus, welches Repository geklont werden soll.",
			"Clear whitespace characters": "Leerzeichen löschen",
			"Clone from URL": "Repository-URL",
			"Clone from {0}": "Aus \"{0}\" klonen",
			"Cloning git repository \"{0}\"...": "Git-Repository \"{0}\" wird geklont...",
			"Commit": "Commit",
			"Commit & Push Changes": "Committen und Änderungen pushen",
			"Commit & Sync Changes": "Committen und Änderungen synchronisieren",
			"Commit Anyway": "Commit dennoch ausführen",
			"Commit Changes": "Änderungen committen",
			"Commit Changes on \"{0}\"": "Änderungen an \"{0}\" committen",
			"Commit Changes to New Branch": "Commit der Änderungen für neue Verzweigung ausführen",
			"Commit Hash": "Commithash",
			"Commit message": "Commit-Nachricht",
			"Commit operation was cancelled due to empty commit message.": "Der Commitvorgang wurde aufgrund einer leeren Commitnachricht abgebrochen.",
			"Commit to New Branch & Push Changes": "Commit an neuer Verzweigung ausführen und Änderungen mit Push übertragen",
			"Commit to New Branch & Synchronize Changes": "Commit an neuer Verzweigung ausführen und Änderungen synchronisieren",
			"Commit to a New Branch": "Commit für eine neue Verzweigung ausführen",
			"Commits without verification are not allowed, please enable them with the \"git.allowNoVerifyCommit\" setting.": "Commits ohne Überprüfung sind nicht zulässig. Aktivieren Sie sie mit der Einstellung \"git.allowNoVerifyCommit\".",
			"Committing & Pushing Changes...": "Commit wird ausgeführt und Änderungen werden per Push übertragen...",
			"Committing & Synchronizing Changes...": "Commit wird ausgeführt und Änderungen werden synchronisiert...",
			"Committing Changes to New Branch...": "Committen von Änderungen an neuer Verzweigung wird ausgeführt...",
			"Committing Changes...": "Änderungen werden committet...",
			"Committing to New Branch & Pushing Changes...": "Committen an neuer Verzweigung wird ausgeführt und Änderungen werden mit Push übertragen...",
			"Committing to New Branch & Synchronizing Changes...": "Commit an neuer Verzweigung wird ausgeführt und Änderungen werden synchronisiert...",
			"Conflict: Added By Them": "Konflikt: von Anderen hinzugefügt",
			"Conflict: Added By Us": "Konflikt: von uns hinzugefügt",
			"Conflict: Both Added": "Konflikt: beide hinzugefügt",
			"Conflict: Both Deleted": "Konflikt: beide gelöscht",
			"Conflict: Both Modified": "Konflikt: beide geändert",
			"Conflict: Deleted By Them": "Konflikt: von Anderen gelöscht",
			"Conflict: Deleted By Us": "Konflikt: von uns gelöscht",
			"Continue Rebase": "Rebase fortsetzen",
			"Continuing Rebase...": "Rebase wird fortgesetzt...",
			"Copy Commit Hash": "Commithash kopieren",
			"Could not clone your repository as Git is not installed.": "Ihr Repository konnte nicht geklont werden, da Git nicht installiert ist.",
			"Create Empty Commit": "Leeren Commit erstellen",
			"Current": "Aktuell",
			"Current commit message only contains whitespace characters": "Die aktuelle Commitnachricht enthält nur Leerzeichen.",
			"Delete Branch": "Branch löschen",
			"Delete File": "Datei löschen",
			"Delete Files": "Dateien löschen",
			"Delete file": "Datei löschen",
			"Deleted": "Gelöscht",
			"Discard 1 File": "Eine Datei verwerfen",
			"Discard 1 Tracked File": "1 verfolgte Datei verwerfen",
			"Discard All {0} Files": "Alle {0} Dateien verwerfen",
			"Discard Changes": "Änderungen verwerfen",
			"Discard {0} Tracked Files": "{0} verfolgte Dateien verwerfen",
			"Don't Pull": "Nicht pullen",
			"Don't Show Again": "Nicht mehr anzeigen",
			"Download Git": "Git herunterladen",
			"Email": "E-Mail",
			"Enables the following features: {0}": "Folgende Features werden aktivieren: {0}",
			"Failed to authenticate to git remote.": "Fehler bei der Authentifizierung beim Git-Remoterepository.",
			"Failed to authenticate to git remote:\n\n{0}": "Fehler bei der Authentifizierung beim Git-Remoterepository:\n\n{0}",
			"File \"{0}\" was deleted by them and modified by us.\n\nWhat would you like to do?": "Die Datei \"{0}\" wurde von ihnen gelöscht und von uns geändert.\n\nWas möchten Sie tun?",
			"File \"{0}\" was deleted by us and modified by them.\n\nWhat would you like to do?": "Die Datei \"{0}\" wurde von uns gelöscht und von ihnen geändert.\n\nWas möchten Sie tun?",
			"Force Checkout": "Auschecken erzwingen",
			"Force push is not allowed, please enable it with the \"git.allowForcePush\" setting.": "Push erzwingen ist nicht zulässig. Aktivieren Sie es mit der Einstellung \"git.allowForcePush\".",
			"Git Blame Information": "Git Blame-Informationen",
			"Git History": "Git-Verlauf",
			"Git error": "Git-Fehler",
			"Git local changes (working tree + index)": "Lokale Git-Änderungen (Arbeitsstruktur + Index)",
			"Git local changes (working tree)": "Lokale Git-Änderungen (Arbeitsstruktur)",
			"Git not found. Install it or configure it using the \"git.path\" setting.": "Git wurde nicht gefunden. Installieren Sie es, oder konfigurieren Sie es mithilfe der Einstellung \"git.path\".",
			"Git repositories were found in the parent folders of the workspace or the open file(s). Would you like to open the repositories?": "Git-Repositorys wurden in den übergeordneten Ordnern des Arbeitsbereichs oder in den geöffneten Dateien gefunden. Möchten Sie die Repositorys öffnen?",
			"Git: {0}": "Git: {0}",
			"HEAD version of \"{0}\" is not available.": "Es ist keine HEAD-Version von \"{0}\" verfügbar.",
			"Hard wrap all lines": "Alle Zeilen hart umbrechen",
			"Hard wrap line": "Zeile hart umbrechen",
			"Ignored": "Ignoriert",
			"Incoming": "Eingehend",
			"Incoming Changes": "Eingehende Änderungen",
			"Incoming Changes (added)": "Eingehende Änderungen (hinzugefügt)",
			"Incoming Changes (deleted)": "Eingehende Änderungen (gelöscht)",
			"Incoming Changes (modified)": "Eingehende Änderungen (geändert)",
			"Incoming Changes (renamed)": "Eingehende Änderungen (umbenannt)",
			"Index Added": "Index hinzugefügt",
			"Index Copied": "Index kopiert",
			"Index Deleted": "Index gelöscht",
			"Index Modified": "Index geändert",
			"Index Renamed": "Index umbenannt",
			"Initialize Repository": "Repository initialisieren",
			"Intent to Add": "Hinzuzufügende Absicht",
			"Intent to Rename": "Absicht zum Umbenennen",
			"Invalid branch name": "Ungültiger Branchname",
			"It looks like the current branch \"{0}\" might have been rebased. Are you sure you still want to pull into it?": "Es sieht so aus, als wäre der aktuelle Branch \"{0}\" möglicherweise rebasiert worden. Möchten Sie den Pullvorgang wirklich fortsetzen?",
			"It looks like the current branch might have been rebased. Are you sure you still want to pull into it?": "Offenbar wurde für den aktuellen Branch ein Rebase ausgeführt. Möchten Sie ihn dennoch als Ziel für den Pullvorgang verwenden?",
			"It's not possible to change the commit message in the middle of a rebase. Please complete the rebase operation and use interactive rebase instead.": "Die Commit-Nachricht kann während der Rebase-Ausführung nicht geändert werden. Verwenden Sie stattdessen den interaktiven Rebase-Vorgang und schließen Sie die Rebase-Ausführung ab.",
			"Keep Our Version": "Unsere Version beibehalten",
			"Keep Their Version": "Deren Version beibehalten",
			"Learn More": "Weitere Informationen",
			"Make sure you configure your \"user.name\" and \"user.email\" in git.": "Stellen Sie sicher, dass Sie Ihre \"user.name\" und \"user.email\" in Git konfigurieren.",
			"Manage Unsafe Repositories": "Unsichere Repositorys verwalten",
			"Merge Changes": "Änderungen zusammenführen",
			"Message": "Nachricht",
			"Message (commit on \"{0}\")": "Nachricht (Commit auf \"{0}\")",
			"Message ({0} to commit on \"{1}\")": "Nachricht ({0} für \"{1}\" committen)",
			"Message ({0} to commit)": "Nachricht ({0} für Commit)",
			"Migrate Changes": "Änderungen migrieren",
			"Modified": "Geändert",
			"Never": "Nie",
			"No": "Nein",
			"No rebase in progress.": "Es wird kein Rebase ausgeführt.",
			"Not Committed Yet": "Noch kein Commit ausgeführt",
			"Not Committed Yet (Staged)": "Noch kein Commit ausgeführt (gestaffelt)",
			"OK": "OK",
			"OK, Don't Ask Again": "OK, nicht mehr fragen",
			"OK, Don't Show Again": "OK, nicht mehr anzeigen",
			"Open": "Öffnen",
			"Open Commit": "Commit öffnen",
			"Open Comparison": "Vergleich öffnen",
			"Open File": "Datei öffnen",
			"Open Git Log": "Git-Protokoll öffnen",
			"Open Merge": "Merge öffnen",
			"Open Repositories In Parent Folders": "Repositorys in übergeordneten Ordnern öffnen",
			"Open Repository": "Repository öffnen",
			"Open in New Window": "In neuem Fenster öffnen",
			"Optionally provide a stash message": "Geben Sie optional eine Stash-Nachricht ein.",
			"Passphrase": "Passphrase",
			"Pick a branch to pull from": "Branch für Pull auswählen",
			"Pick a provider to publish the branch \"{0}\" to:": "Wählen Sie einen Anbieter aus, um den Branch \"{0}\" hier zu veröffentlichen:",
			"Pick a remote to publish the branch \"{0}\" to:": "Wählen Sie ein Remote-Objekt aus, in dem der Branch \"{0}\" veröffentlicht werden soll:",
			"Pick a remote to pull the branch from": "Remoteelement zum Pullen des Branch auswählen",
			"Pick a remote to remove": "Remote zum Entfernen auswählen",
			"Pick a repository to mark as safe and open": "Wählen Sie ein Repository aus, das als sicher markiert werden soll und öffnen Sie es",
			"Pick a repository to open": "Zu öffnendes Repository auswählen",
			"Pick a repository to reopen": "Zu öffnendes Repository auswählen",
			"Pick a stash to apply": "Stash zum Anwenden auswählen",
			"Pick a stash to drop": "Zu löschenden Stash auswählen",
			"Pick a stash to pop": "Wählen Sie einen Stash aus, für den ein Pop ausgeführt werden soll.",
			"Pick a stash to view": "Stash zum Anzeigen auswählen",
			"Pick workspace folder to initialize git repo in": "Arbeitsbereichsordner auswählen, in dem das Git-Repository initialisiert wird",
			"Please check out a branch to push to a remote.": "Wählen Sie ein Branch für den Push zu einem Remoteelement aus.",
			"Please clean your repository working tree before checkout.": "Bereinigen Sie Ihre Repository-Arbeitsstruktur vor Auftragsabschluss.",
			"Please provide a commit message": "Geben Sie eine Commit-Nachrichte ein.",
			"Please provide a message to annotate the tag": "Geben Sie eine Meldung ein, um das Tag mit einer Anmerkung zu versehen.",
			"Please provide a new branch name": "Bitte geben Sie einen neuen Branchnamen an.",
			"Please provide a remote name": "Remotenamen angeben",
			"Please provide a tag name": "Geben Sie einen Tagnamen an.",
			"Please provide the commit hash": "Geben Sie den Commithash an.",
			"Publish Branch": "Verzweigung veröffentlichen",
			"Publish Branch \"{0}\"/{Locked=\"Branch\"}Do not translate \"Branch\" as it is a git term": "Branch \"{0}\" veröffentlichen",
			"Publish Branch/{Locked=\"Branch\"}Do not translate \"Branch\" as it is a git term": "Branch veröffentlichen",
			"Publish to {0}": "In \"{0}\" veröffentlichen",
			"Publish to...": "Veröffentlichen in...",
			"Publishing Branch \"{0}\".../{Locked=\"Branch\"}Do not translate \"Branch\" as it is a git term": "Branch \"{0}\" wird veröffentlicht...",
			"Publishing Branch.../{Locked=\"Branch\"}Do not translate \"Branch\" as it is a git term": "Branch wird veröffentlicht...",
			"Pull": "Pull",
			"Pull {0} and push {1} commits between {2}/{3}": "{0} Commits per Pull und {1} Commits per Push zwischen {2}/{3} übertragen",
			"Pull {0} commits from {1}/{2}": "{0} Commits aus {1}/{2} per Pull übertragen",
			"Push {0} commits to {1}/{2}": "{0} Commits per Push nach {1}/{2} übertragen",
			"Rebasing": "Rebase wird ausgeführt",
			"Regenerate Branch Name": "Branchnamen neu generieren",
			"Remote \"{0}\" already exists.": "Remote \"{0}\" ist bereits vorhanden.",
			"Remote branch at {0}": "Remotebranch unter {0}",
			"Remote name": "Remotename",
			"Remote name format invalid": "Ungültiges Format des Remotenamens",
			"Remote tag at {0}": "Remotetag bei {0}",
			"Reopen Closed Repositories": "Geschlossene Repositorys erneut öffnen",
			"Replace Local Tag(s)": "Lokale Tags ersetzen",
			"Restore file": "Datei wiederherstellen",
			"Restore files": "Dateien wiederherstellen",
			"Save All & Commit Changes": "Alles speichern und Änderungen committen",
			"Save All & Stash": "Alle speichern und stashen",
			"Select a branch or tag to checkout": "Wählen Sie einen Branch oder ein Tag zum Auschecken aus.",
			"Select a branch or tag to merge from": "Wählen Sie einen Branch oder ein Tag aus, aus dem zusammengeführt werden sollen.",
			"Select a branch to checkout in detached mode": "Wählen Sie einen Branch zum Auschecken im getrennten Modus aus.",
			"Select a branch to delete": "Wählen Sie einen Branch zum Löschen aus",
			"Select a branch to rebase onto": "Branch für Rebase auswählen",
			"Select a ref to create the branch from": "Wählen Sie einen Verweis aus, aus dem der Branch erstellt werden soll.",
			"Select a remote tag to delete": "Remotetag zum Löschen auswählen",
			"Select a remote to delete a tag from": "Wählen Sie ein Remoteelement aus, aus dem ein Tag gelöscht werden soll.",
			"Select a remote to fetch": "Remote zum Abrufen auswählen",
			"Select a tag to delete": "Zu löschendes Tag auswählen",
			"Select as Repository Destination": "Als Repositoryziel auswählen",
			"Show Changes": "Änderungen anzeigen",
			"Show Command Output": "Befehlsausgabe anzeigen",
			"Staged Changes": "Gestagete Änderungen",
			"Stash & Checkout": "Stashen und auschecken",
			"Stash Anyway": "Dennoch stashen",
			"Stash message": "Stash-Nachricht",
			"Stashed Changes": "Gestashte Änderungen",
			"Successfully pushed.": "Push wurde erfolgreich ausgeführt.",
			"Synchronize Changes": "Änderungen synchronisieren",
			"Synchronizing Changes...": "Änderungen werden synchronisiert...",
			"Syncing. Cancelling may cause serious damages to the repository": "Synchronisierung wird durchgeführt. Das Abbrechen des Vorgangs kann zu schweren Schäden am Repository führen.",
			"Tag at {0}": "Tag bei {0}",
			"Tag name": "Tag-Name",
			"The \"{0}\" repository has {1} submodules which won't be opened automatically. You can still open each one individually by opening a file within.": "Das Repository \"{0}\" enthält {1} Submodule, die nicht automatisch geöffnet werden. Sie können jede Datei dennoch einzeln öffnen, indem Sie darin eine Datei öffnen.",
			"The branch \"{0}\" has no remote branch. Would you like to publish this branch?": "Der Branch \"{0}\" weist keinen Remotebranch auf. Möchten Sie diesen Branch veröffentlichen?",
			"The branch \"{0}\" is not fully merged. Delete anyway?": "Der Branch \"{0}\" ist nicht vollständig zusammengeführt. Trotzdem löschen?",
			"The changes are already present in the current branch.": "Die Änderungen sind bereits im aktuellen Branch vorhanden.",
			"The current branch is not published to the remote. Would you like to publish it to access your changes elsewhere?": "Der aktuelle Branch wird nicht auf dem Remotecomputer veröffentlicht. Möchten Sie ihn veröffentlichen, um an anderer Stelle auf Ihre Änderungen zuzugreifen?",
			"The following file has unsaved changes which won't be included in the commit if you proceed: {0}.\n\nWould you like to save it before committing?": "Die folgende Datei umfasst noch nicht gespeicherte Änderungen, die beim Fortsetzen des Vorgangs nicht in den Commit einbezogen werden: {0}.\n\nMöchten Sie vor dem Commit speichern?",
			"The following file has unsaved changes which won't be included in the stash if you proceed: {0}.\n\nWould you like to save it before stashing?": "Die folgende Datei umfasst nicht gespeicherte Änderungen, die beim Fortsetzen des Vorgangs nicht in den Stash einbezogen werden: {0}.\n\nMöchten Sie sie vor dem Stashen speichern?",
			"The following untracked file will be DELETED FROM DISK if discarded: {0}.": "Die folgende nicht verfolgte Datei wird VOM DATENTRÄGER GELÖSCHT, wenn sie verworfen wird: {0}.",
			"The git repositories in the current folder are potentially unsafe as the folders are owned by someone other than the current user.": "Die Git-Repositorys im aktuellen Ordner sind potenziell unsicher, weil sich die Ordner im Besitz einer anderen Person als dem aktuellen Benutzer befinden.",
			"The git repository at \"{0}\" has too many active changes, only a subset of Git features will be enabled.": "Das Git-Repository unter \"{0}\" weist zu viele aktive Änderungen auf. Es wird nur eine Teilmenge der Git-Features aktiviert.",
			"The git repository in the current folder is potentially unsafe as the folder is owned by someone other than the current user.": "Das Git-Repository im aktuellen Ordner ist potenziell unsicher, weil sich der Ordner im Besitz einer anderen Person als dem aktuellen Benutzer befindet.",
			"The last commit was a merge commit. Are you sure you want to undo it?": "Der letzte Commit war ein Mergecommit. Möchten Sie den Vorgang wirklich rückgängig machen?",
			"The new branch will be \"{0}\"": "Der neue Branch lautet \"{0}\".",
			"The repository does not have any changes.": "Das Repository weist keine Änderungen auf.",
			"The repository does not have any commits. Please make an initial commit before creating a stash.": "Das Repository weist keine Commits auf. Führen Sie einen ersten Commit aus, bevor Sie einen Stash erstellen.",
			"The repository does not have any staged changes.": "Das Repository weist keine gestageten Änderungen auf.",
			"The repository does not have any untracked changes.": "Das Repository weist keine nicht verfolgten Änderungen auf.",
			"The selection range does not contain any changes.": "Der Auswahlbereich enthält keine Änderungen.",
			"There are known issues with the installed Git \"{0}\". Please update to Git >= 2.27 for the git features to work correctly.": "Es gibt bekannte Probleme mit der installierten Git \"{0}\". Aktualisieren Sie auf Git >= 2.27, damit die Git-Features ordnungsgemäß funktionieren.",
			"There are merge conflicts. Resolve them before committing.": "Es liegen Zusammenführungskonflikte vor. Beheben Sie die Konflikte vor dem Committen.",
			"There are no available repositories": "Es sind keine verfügbaren Repositorys vorhanden.",
			"There are no changes to commit.": "Keine Änderungen zum Speichern vorhanden.",
			"There are no changes to stash.": "Es sind keine Änderungen vorhanden, für die ein Stash ausgeführt werden kann.",
			"There are no staged changes to commit.\n\nWould you like to stage all your changes and commit them directly?": "Es sind keine gestageten Änderungen vorhanden, für die ein Commit durchgeführt werden kann.\n\nMöchten Sie all Ihre Änderungen stagen und direkt committen?",
			"There are no staged changes to stash.": "Es sind keine gestagete Änderungen vorhanden, um einen Stash auszuführen.",
			"There are no stashes in the repository.": "Das Repository enthält keine Stashes.",
			"There are {0} unsaved files.\n\nWould you like to save them before committing?": "{0} Dateien wurden nicht gespeichert.\n\nMöchten Sie diese vor dem Ausführen des Commits speichern?",
			"There are {0} unsaved files.\n\nWould you like to save them before stashing?": "{0} Dateien wurden nicht gespeichert.\n\nMöchten Sie diese vor dem Stashen speichern?",
			"There are {0} untracked files which will be DELETED FROM DISK if discarded.": "Es sind {0} nicht verfolgte Dateien vorhanden, die VOM DATENTRÄGER GELÖSCHT werden, wenn sie verworfen werden.",
			"There were merge conflicts while applying the stash.": "Beim Anwenden des Stashes sind Merge-Konflikte aufgetreten.",
			"There were merge conflicts while cherry picking the changes. Resolve the conflicts before committing them.": "Mergekonflikte beim Cherrypicking der Änderungen. Lösen Sie die Konflikte vor dem Commit.",
			"This action will pull and push commits from and to \"{0}/{1}\".": "Durch diese Aktion werden Commits von und an \"{0}/{1}\" gepullt und gepusht.",
			"This repository has no remotes configured to fetch from.": "In diesem Repository wurden keine Remoteelemente konfiguriert, aus denen ein Abrufen erfolgt.",
			"This will DELETE {0} untracked files!\nThis is IRREVERSIBLE!\nThese files will be FOREVER LOST.": "Hierdurch werden {0} nicht nachverfolgte Dateien GELÖSCHT!\nDieser Vorgang ist UNUMKEHRBAR.\nDie Dateien gehen DAUERHAFT VERLOREN.",
			"This will create a Git repository in \"{0}\". Are you sure you want to continue?": "Dadurch wird ein Git-Repository in \"{0}\" erstellt. Möchten Sie den Vorgang wirklich fortsetzen?",
			"Too many changes were detected. Only the first {0} changes will be shown below.": "Es wurden zu viele Änderungen erkannt. Im Folgenden werden nur die ersten {0} Änderungen angezeigt.",
			"Type Changed": "Typ geändert",
			"Unable to pull from remote repository due to conflicting tag(s): {0}. Would you like to resolve the conflict by replacing the local tag(s)?": "Aus dem Remote Repository kann aufgrund von in Konflikt stehenden Tags nicht zugegriffen werden: {0}. Möchten Sie den Konflikt lösen, indem Sie die lokalen Tags ersetzen?",
			"Uncommitted Changes": "Ausgecheckte Änderungen",
			"Undo merge commit": "Mergecommit rückgängig machen",
			"Untracked": "Nicht verfolgt",
			"Untracked Changes": "Nicht nachverfolgte Änderungen",
			"Update Git": "Git aktualisieren",
			"View Commit": "Commit anzeigen",
			"Would you like to add \"{0}\" to .gitignore?": "Möchten Sie \"{0}\" zu \".gitignore\" hinzufügen?",
			"Would you like to open the cloned repository, or add it to the current workspace?": "Möchten Sie das geklonte Repository öffnen oder es zum aktuellen Arbeitsbereich hinzufügen?",
			"Would you like to open the cloned repository?": "Möchten Sie das geklonte Repository öffnen?",
			"Would you like to open the initialized repository, or add it to the current workspace?": "Möchten Sie das initialisierte Repository öffnen oder es zum aktuellen Arbeitsbereich hinzufügen?",
			"Would you like to open the initialized repository?": "Möchten Sie das initialisierte Repository öffnen?",
			"Would you like {0} to [periodically run \"git fetch\"]({1})?": "Soll {0} [in regelmäßigen Abständen \"git fetch\" ausführen]({1})?",
			"Yes": "Ja",
			"Yes, Don't Show Again": "Ja, nicht mehr anzeigen",
			"You": "Sie",
			"You are about to commit your changes without verification, this skips pre-commit hooks and can be undesirable.\n\nAre you sure to continue?": "Sie sind im Begriff, Ihre Änderungen ohne Überprüfung zu committen. Hierdurch werden Pre-commit-Hooks übersprungen, was möglicherweise nicht erwünscht ist.\n\nMöchten Sie den Vorgang fortsetzen?",
			"You are about to force push your changes, this can be destructive and could inadvertently overwrite changes made by others.\n\nAre you sure to continue?": "Sie sind dabei, einen erzwungenen Push für Ihre Änderungen durchzuführen. Dieser Vorgang kann negative Auswirkungen haben und die Änderungen anderer Benutzer überschreiben.\n\nMöchten Sie fortfahren?",
			"You are trying to commit to a protected branch and you might not have permission to push your commits to the remote.\n\nHow would you like to proceed?": "Sie versuchen, einen Commit für eine geschützte Verzweigung auszuführen, und sind möglicherweise nicht berechtigt, Ihre Commits per Push auf die Remote-Verzweigung zu übertragen.\n\nWie möchten Sie fortfahren?",
			"You seem to have git \"{0}\" installed. Code works best with git >= 2": "Git \"{0}\" scheint installiert zu sein. Code funktioniert am besten mit Git >= 2",
			"Your local changes would be overwritten by checkout.": "Ihre lokalen Änderungen werden durch Auschecken überschrieben.",
			"Your repository has no remotes configured to publish to.": "In Ihrem Repository wurden keine Remoteelemente für die Veröffentlichung konfiguriert.",
			"Your repository has no remotes configured to pull from.": "In Ihrem Repository wurden keine Remoteelemente für den Pull konfiguriert.",
			"Your repository has no remotes configured to push to.": "In Ihrem Repository wurden keine Remoteelemente für den Push konfiguriert.",
			"Your repository has no remotes.": "In Ihrem Repository liegen keine Remoteelemente vor.",
			"[main] Log level: {0}": "[main] Protokolliergrad: {0}",
			"[main] Skipped found git in: \"{0}\"": "[main] Gefundenes Git wurde übersprungen in: \"{0}\"",
			"[main] Using git \"{0}\" from \"{1}\"": "[main] Git \"{0}\" von \"{1}\" verwenden",
			"[main] Validating found git in: \"{0}\"": "[main] Gefundenes Git wird überprüft in: \"{0}\"",
			"branches": "Branches",
			"in {0}": "in {0}",
			"no": "Nein",
			"now": "jetzt",
			"remote branches": "Remotebranches",
			"tags": "Tags",
			"yes": "Ja",
			"{0}\n\nThis is IRREVERSIBLE, your current working set will be FOREVER LOST.": "{0}\n\nDies kann NICHT rückgängig gemacht werden, und Ihr aktueller Arbeitssatz geht DAUERHAFT verloren.",
			"{0} (Deleted)": "{0} (gelöscht)",
			"{0} (Index)": "{0} (Index)",
			"{0} (Intent to add)": "{0} (Hinzuzufügende Absicht)",
			"{0} (Ours)": "{0} (unseres)",
			"{0} (Theirs)": "{0} (ihres)",
			"{0} (Type changed)": "{0} (Typ geändert)",
			"{0} (Untracked)": "{0} (keine Nachverfolgung)",
			"{0} (Working Tree)": "{0} (Arbeitsstruktur)",
			"{0} ({1})": "{0} ({1})",
			"{0} ({1}) ↔ {0} ({2})": "{0} ({1}) ↔ {0} ({2})",
			"{0} Checkout detached...": "{0} Auschecken getrennt...",
			"{0} Commit": "{0} Commit",
			"{0} Commit & Push": "{0} Commit und Push",
			"{0} Commit & Sync": "{0} Commit und Synchronisieren",
			"{0} Commit (Amend)": "{0} Committen (Korrigieren)",
			"{0} Continue": "{0} Weiterfahren",
			"{0} Create new branch from...": "{0} Neuen Branch erstellen aus...",
			"{0} Create new branch...": "{0} Neuen Branch erstellen...",
			"{0} Fetch all remotes": "{0} Abrufen aller Remotes",
			"{0} Publish Branch/{Locked=\"Branch\"}Do not translate \"Branch\" as it is a git term": "{0} Branch veröffentlichen",
			"{0} Sync Changes{1}{2}": "{0} Änderungen synchronisieren{1}{2}",
			"{0} characters over {1} in current line": "{0} Zeichen über {1} in der aktuellen Zeile",
			"{0} day": "{0} Tag",
			"{0} day ago": "Vor {0} Tag",
			"{0} days": "{0} Tage",
			"{0} days ago": "Vor {0} Tagen",
			"{0} hour": "{0} Stunde",
			"{0} hour ago": "Vor {0} Stunde",
			"{0} hours": "{0} Stunden",
			"{0} hours ago": "Vor {0} Stunden",
			"{0} hr": "{0} Std.",
			"{0} hr ago": "vor {0} Std.",
			"{0} hrs": "{0} Std.",
			"{0} hrs ago": "vor {0} Std.",
			"{0} min": "{0} Min.",
			"{0} min ago": "Vor {0} Min.",
			"{0} mins": "{0} Min.",
			"{0} mins ago": "Vor {0} Min.",
			"{0} minute": "{0} Minute",
			"{0} minute ago": "Vor {0} Minute",
			"{0} minutes": "{0} Minuten",
			"{0} minutes ago": "Vor {0} Minuten",
			"{0} mo": "{0} Mo.",
			"{0} mo ago": "vor {0} Mo.",
			"{0} month": "{0} Monat",
			"{0} month ago": "Vor {0} Monat",
			"{0} months": "{0} Monate",
			"{0} months ago": "Vor {0} Monaten",
			"{0} mos": "{0} Mo.",
			"{0} mos ago": "Vor {0} Mo.",
			"{0} sec": "{0} Sek.",
			"{0} sec ago": "vor {0} Sek.",
			"{0} second": "{0} Sekunde",
			"{0} second ago": "Vor {0} Sekunde",
			"{0} seconds": "{0} Sekunden",
			"{0} seconds ago": "Vor {0} Sekunden",
			"{0} secs": "{0} Sek.",
			"{0} secs ago": "Vor {0} Sek.",
			"{0} week": "{0} Woche",
			"{0} week ago": "Vor {0} Woche",
			"{0} weeks": "{0} Wochen",
			"{0} weeks ago": "Vor {0} Wochen",
			"{0} wk": "{0} Wo.",
			"{0} wk ago": "Vor {0} Woche",
			"{0} wks": "{0} Wochen",
			"{0} wks ago": "Vor {0} Wochen",
			"{0} year": "{0} Jahr",
			"{0} year ago": "Vor {0} Jahr",
			"{0} years": "{0} Jahre",
			"{0} years ago": "Vor {0} Jahren",
			"{0} yr": "{0} J.",
			"{0} yr ago": "Vor {0} J.",
			"{0} yrs": "{0} J.",
			"{0} yrs ago": "Vor {0} J.",
			"{0} ↔ {1}": "{0} ↔ {1}"
		},
		"package": {
			"colors.added": "Farbe für hinzugefügte Ressourcen.",
			"colors.blameEditorDecoration": "Farbe für die Dekoration des Blame-Editors.",
			"colors.conflict": "Farbe für Ressourcen mit Konflikten.",
			"colors.deleted": "Farbe für gelöschte Ressourcen.",
			"colors.ignored": "Farbe für ignorierte Ressourcen.",
			"colors.incomingAdded": "Farbe für hinzugefügte eingehende Ressource.",
			"colors.incomingDeleted": "Farbe für gelöschte eingehende Ressource.",
			"colors.incomingModified": "Farbe für geänderte eingehende Ressource.",
			"colors.incomingRenamed": "Farbe für umbenannte eingehende Ressource.",
			"colors.modified": "Farbe für geänderte Ressourcen.",
			"colors.renamed": "Farbe für umbenannte oder kopierte Ressourcen.",
			"colors.stageDeleted": "Farbe für gelöschte Ressourcen, die gestaget wurden.",
			"colors.stageModified": "Farbe für geänderte Ressourcen, die gestaget wurden.",
			"colors.submodule": "Farbe für Submodul-Ressourcen.",
			"colors.untracked": "Farbe für nicht verfolgte Ressourcen.",
			"command.addRemote": "Remoterepository hinzufügen...",
			"command.api.getRemoteSources": "Remotequellen abrufen",
			"command.api.getRepositories": "Repositorys abrufen",
			"command.api.getRepositoryState": "Repositorystatus abrufen",
			"command.branch": "Branch wird erstellt...",
			"command.branchFrom": "Branch erstellen aus...",
			"command.checkout": "Check-Out nach...",
			"command.checkoutDetached": "Auschecken an (getrennt)...",
			"command.checkoutRef": "Check-Out",
			"command.checkoutRefDetached": "Check-Out (getrennt)",
			"command.cherryPick": "Cherry-Pick...",
			"command.cherryPickAbort": "Cherrypicking abbrechen",
			"command.cherryPickRef": "Cherrypicking",
			"command.clean": "Änderungen verwerfen",
			"command.cleanAll": "Alle Änderungen verwerfen",
			"command.cleanAllTracked": "Alle nachverfolgten Änderungen verwerfen",
			"command.cleanAllUntracked": "Alle nicht nachverfolgten Änderungen verwerfen",
			"command.clone": "Klonen",
			"command.cloneRecursive": "Klonen (rekursiv)",
			"command.close": "Repository schließen",
			"command.closeAllDiffEditors": "Alle Diff-Editoren schließen",
			"command.closeAllUnmodifiedEditors": "Alle unveränderten Editoren schließen",
			"command.closeOtherRepositories": "Andere Repositorys schließen",
			"command.commit": "Commit",
			"command.commitAll": "Commit für alle ausführen",
			"command.commitAllAmend": "Alle committen (Bearbeiten)",
			"command.commitAllAmendNoVerify": "Alle committen (Bearbeiten, keine Überprüfung)",
			"command.commitAllNoVerify": "Alle committen (keine Überprüfung)",
			"command.commitAllSigned": "Alle committen (unterzeichnet)",
			"command.commitAllSignedNoVerify": "Alle committen (abgemeldet, keine Überprüfung)",
			"command.commitAmend": "Committen (Korrigieren)",
			"command.commitAmendNoVerify": "Committen (Korrigieren, keine Überprüfung)",
			"command.commitEmpty": "Leer committen",
			"command.commitEmptyNoVerify": "Commit leer (keine Überprüfung)",
			"command.commitMessageAccept": "Commit-Nachricht akzeptieren",
			"command.commitMessageDiscard": "Commit-Nachricht verwerfen",
			"command.commitNoVerify": "Commit ausführen (keine Überprüfung)",
			"command.commitSigned": "Committen (Abgemeldet)",
			"command.commitSignedNoVerify": "Committen (Abgemeldet, keine Überprüfung)",
			"command.commitStaged": "Gestagetes committen",
			"command.commitStagedAmend": "Gestagete committen (Bearbeiten)",
			"command.commitStagedAmendNoVerify": "Gestagete commiten (Bearbeiten, keine Überprüfung)",
			"command.commitStagedNoVerify": "Commit gestaget (keine Überprüfung)",
			"command.commitStagedSigned": "Gestagetes committen (signiert)",
			"command.commitStagedSignedNoVerify": "Commit gestaget (abgemeldet, keine Überprüfung)",
			"command.continueInLocalClone": "Repository lokal klonen und auf Desktop öffnen...",
			"command.continueInLocalClone.qualifiedName": "Weiterarbeiten im neuen lokalen Klon",
			"command.createTag": "Tag erstellen...",
			"command.deleteBranch": "Branch löschen...",
			"command.deleteRemoteTag": "Remotetag löschen...",
			"command.deleteTag": "Tag löschen...",
			"command.fetch": "Fetchen",
			"command.fetchAll": "Von allen Remotes holen",
			"command.fetchPrune": "Abrufen (Prune)",
			"command.git.acceptMerge": "Zusammenführen abschließen",
			"command.git.openMergeEditor": "Im Merge-Editor auflösen",
			"command.git.runGitMerge": "Computekonflikte mit Git",
			"command.git.runGitMergeDiff3": "Computekonflikte mit Git (Diff3)",
			"command.ignore": "Zu .gitignore hinzufügen",
			"command.init": "Repository initialisieren",
			"command.manageUnsafeRepositories": "Unsichere Repositorys verwalten",
			"command.merge": "Zusammenführen...",
			"command.mergeAbort": "Merge abbrechen",
			"command.openAllChanges": "Alle Änderungen öffnen",
			"command.openChange": "Offene Änderungen",
			"command.openFile": "Datei öffnen",
			"command.openHEADFile": "Datei öffnen (HEAD)",
			"command.openRepositoriesInParentFolders": "Repositorys in übergeordneten Ordnern öffnen",
			"command.openRepository": "Repository öffnen",
			"command.publish": "Branch veröffentlichen...",
			"command.pull": "Pull",
			"command.pullFrom": "Pullen von...",
			"command.pullRebase": "Pull (Rebase)",
			"command.push": "Push",
			"command.pushFollowTags": "Push (Tags folgen)",
			"command.pushFollowTagsForce": "Push (Tags folgen, Erzwingen)",
			"command.pushForce": "Push (Erzwingen)",
			"command.pushTags": "Tags pushen",
			"command.pushTo": "Push zu...",
			"command.pushToForce": "Push zu... (Erzwingen)",
			"command.rebase": "Rebase für Branch ausführen...",
			"command.rebaseAbort": "Rebase abbrechen",
			"command.refresh": "Aktualisieren",
			"command.removeRemote": "Remote entfernen",
			"command.rename": "Umbenennen",
			"command.renameBranch": "Branch umbenennen...",
			"command.reopenClosedRepositories": "Geschlossene Repositorys erneut öffnen...",
			"command.restoreCommitTemplate": "Commitvorlage wiederherstellen",
			"command.revealFileInOS.linux": "Übergeordneten Ordner öffnen",
			"command.revealFileInOS.mac": "Im Finder anzeigen",
			"command.revealFileInOS.windows": "Im Datei-Explorer anzeigen",
			"command.revealInExplorer": "In Explorer-Ansicht anzeigen",
			"command.revertChange": "Änderung zurücksetzen",
			"command.revertSelectedRanges": "Ausgewählte Bereiche zurücksetzen",
			"command.showOutput": "Git-Ausgabe anzeigen",
			"command.stage": "Änderungen bereitstellen",
			"command.stageAll": "Alle Änderungen bereitstellen",
			"command.stageAllMerge": "Alle zusammengeführten Änderungen stagen",
			"command.stageAllTracked": "Alle nachverfolgten Änderungen bereitstellen",
			"command.stageAllUntracked": "Alle nicht nachverfolgten Änderungen bereitstellen",
			"command.stageBlock": "Phasenblock",
			"command.stageChange": "Änderung bereitstellen",
			"command.stageSelectedRanges": "Gewählte Bereiche bereitstellen",
			"command.stageSelection": "Phasenauswahl",
			"command.stash": "Stash ausführen",
			"command.stashApply": "Stash anwenden...",
			"command.stashApplyEditor": "Stash anwenden",
			"command.stashApplyLatest": "Neuesten Stash anwenden",
			"command.stashDrop": "Stash löschen...",
			"command.stashDropAll": "Alle Stashes löschen...",
			"command.stashDropEditor": "Stash ablegen",
			"command.stashIncludeUntracked": "Stash (einschließlich nicht verfolgt)",
			"command.stashPop": "Pop für Stash ausführen...",
			"command.stashPopEditor": "Pop-Stash",
			"command.stashPopLatest": "Pop für letzten Stash ausführen",
			"command.stashStaged": "Stash (gestaget)",
			"command.stashView": "Stash anzeigen...",
			"command.sync": "Synchronisierung",
			"command.syncRebase": "Sync (Rebase)",
			"command.timelineCompareWithSelected": "Mit Auswahl vergleichen",
			"command.timelineCopyCommitId": "Commit-ID kopieren",
			"command.timelineCopyCommitMessage": "Commitnachricht kopieren",
			"command.timelineOpenDiff": "Offene Änderungen",
			"command.timelineSelectForCompare": "Für Vergleich auswählen",
			"command.undoCommit": "Letzten Commit rückgängig machen",
			"command.unstage": "Bereitstellung der Änderungen aufheben",
			"command.unstageAll": "Bereitstellung aller Änderungen aufheben",
			"command.unstageSelectedRanges": "Bereitstellung gewählter Bereiche aufheben",
			"command.viewAllChanges": "Alle Änderungen anzeigen",
			"command.viewChanges": "Änderungen anzeigen",
			"command.viewCommit": "Commit anzeigen",
			"command.viewStagedChanges": "Gestagete Änderungen anzeigen",
			"command.viewUntrackedChanges": "Nicht nachverfolgte Änderungen anzeigen",
			"config.allowForcePush": "Steuert, ob erzwungene Pushes (mit oder ohne Lease) aktiviert sind.",
			"config.allowNoVerifyCommit": "Hiermit wird gesteuert, ob Commits ohne Ausführung von pre-commit- und commit-msg-Hooks zulässig sind.",
			"config.alwaysShowStagedChangesResourceGroup": "Ressourcengruppe für gestagete Änderungen immer anzeigen.",
			"config.alwaysSignOff": "Legt das signoff-Flag für alle Commits fest.",
			"config.autoRepositoryDetection": "Legt fest, in welchen Fällen Repositorys automatisch erkannt werden sollen.",
			"config.autoRepositoryDetection.false": "Automatisches Durchsuchen von Repositorys deaktiveren.",
			"config.autoRepositoryDetection.openEditors": "Nach übergeordneten Ordnern von geöffneten Dateien suchen.",
			"config.autoRepositoryDetection.subFolders": "Nach Unterordnern des aktuell geöffneten Ordners suchen.",
			"config.autoRepositoryDetection.true": "Sowohl nach Unterordnern des aktuell geöffneten Ordners als auch nach übergeordneten Ordnern von geöffneten Dateien suchen.",
			"config.autoStash": "Führen Sie für Änderungen einen Stash aus, bevor Sie sie pullen, und stellen Sie sie nach einem erfolgreichen Pull wieder her.",
			"config.autofetch": "Bei Festlegung auf TRUE werden Commits automatisch aus dem Standardremoteverzeichnis des aktuellen Git-Repositorys abgerufen. Bei Festlegung auf \"Alle\" erfolgt der Abruf aus allen Remoteverzeichnissen.",
			"config.autofetchPeriod": "Dauer in Sekunden zwischen jeder automatischen Git-Abrufung, wenn \"#git.autofetch#\" aktiviert ist.",
			"config.autorefresh": "Gibt an, ob die automatische Aktualisierung aktiviert ist.",
			"config.blameEditorDecoration.enabled": "Steuert, ob Blame-Informationen mithilfe von Editordekorationen im Editor angezeigt werden.",
			"config.blameEditorDecoration.template": "Vorlage für die Editor-Dekoration der Blame-Informationen. Unterstützte Variablen:\r\n\r\n* „hash“: Hash committen\r\n\r\n* „hashShort“: Erste 8 Zeichen des Commithashs\r\n\r\n* „Betreff“: Erste Zeile der Commitnachricht\r\n\r\n* „authorName“: Name des Autors\r\n\r\n* „authorEmail“: E-Mail-Adresse des Autors\r\n\r\n* „authorDate“: Erstellungsdatum\r\n\r\n* „authorDateAgo“: Zeitunterschied zwischen jetzt und Erstellungsdatum\r\n\r\n",
			"config.blameStatusBarItem.enabled": "Steuert, ob Blame-Informationen in der Statusleiste angezeigt werden.",
			"config.blameStatusBarItem.template": "Vorlage für das Statusleistenelement für die Blame-Informationen. Unterstützte Variablen:\r\n\r\n* „hash“: Hash committen\r\n\r\n* „hashShort“: Erste 8 Zeichen des Commithashs\r\n\r\n* „Betreff“: Erste Zeile der Commitnachricht\r\n\r\n* „authorName“: Name des Autors\r\n\r\n* „authorEmail“: E-Mail-Adresse des Autors\r\n\r\n* „authorDate“: Erstellungsdatum\r\n\r\n* „authorDateAgo“: Zeitunterschied zwischen jetzt und Erstellungsdatum\r\n\r\n",
			"config.branchPrefix": "Präfix, das beim Erstellen einer neuen Verzweigung verwendet wird.",
			"config.branchProtection": "Liste der geschützten Verzweigungen. Standardmäßig wird eine Eingabeaufforderung angezeigt, bevor ein Commit für Änderungen für eine geschützte Verzweigung ausgeführt wird. Die Eingabeaufforderung kann mithilfe der Einstellung „#git.branchProtectionPrompt#“ gesteuert werden.",
			"config.branchProtectionPrompt": "Steuert, ob eine Eingabeaufforderung angezeigt wird, bevor ein Commit für Änderungen an einen geschützten Branch ausgeführt wird.",
			"config.branchProtectionPrompt.alwaysCommit": "Der Commit für Änderungen muss immer für die geschützte Verzweigung ausgeführt werden.",
			"config.branchProtectionPrompt.alwaysCommitToNewBranch": "Der Commit für Änderungen muss immer für eine neue Verzweigung ausgeführt werden.",
			"config.branchProtectionPrompt.alwaysPrompt": "Immer fragen, bevor für Änderungen ein Commit für eine geschützte Verzweigung ausgeführt wird.",
			"config.branchRandomNameDictionary": "Liste der Wörterbücher, die für den zufällig generierten Zweignamen verwendet werden. Jeder Wert stellt das Wörterbuch dar, das zum Generieren des Segments des Zweignamens verwendet wird. Unterstützte Wörterbücher: „Adjektive“, „Tiere“, „Farben“ und „Zahlen“.",
			"config.branchRandomNameDictionary.adjectives": "Ein zufälliges Adjektiv",
			"config.branchRandomNameDictionary.animals": "Ein zufälliger Tiername",
			"config.branchRandomNameDictionary.colors": "Ein zufälliger Farbname",
			"config.branchRandomNameDictionary.numbers": "Eine Zufallszahl zwischen 100 und 999",
			"config.branchRandomNameEnable": "Steuert, ob beim Erstellen einer neuen Verzweigung ein zufälliger Name generiert wird.",
			"config.branchSortOrder": "Steuert die Sortierreihenfolge für Branches.",
			"config.branchValidationRegex": "Regulärer Ausdruck zum Validieren neuer Branch-Namen.",
			"config.branchWhitespaceChar": "Das Zeichen, das Leerzeichen in neuen Verzweigungsnamen ersetzen und Segmente eines zufällig generierten Verzweigungsnamens trennen soll.",
			"config.checkoutType": "Legt fest, welche Art von Git-Referenzen bei Ausführung von \"Check-Out nach\" aufgelistet wird.",
			"config.checkoutType.local": "Lokale Branches",
			"config.checkoutType.remote": "Remotebranches",
			"config.checkoutType.tags": "Tags",
			"config.closeDiffOnOperation": "Steuert, ob der Diff-Editor automatisch geschlossen werden soll, wenn Änderungen gestasht, zugesagt, verworfen, bereitgestellt oder nicht bereitgestellt werden.",
			"config.commandsToLog": "Liste der Git-Befehle (z. B. Commit, Push), deren „stdout“ in der [Git-Ausgabe](command:git.showOutput) protokolliert werden würde. Wenn für den Git-Befehl ein clientseitiger Hook konfiguriert ist, wird „stdout“ des clientseitigen Hooks auch in der [Git-Ausgabe](command:git.showOutput) protokolliert.",
			"config.confirmEmptyCommits": "Bestätigen Sie die Erstellung leerer Commits für den Befehl \"Git: Commit Empty\" immer.",
			"config.confirmForcePush": "Steuert, ob der Benutzer vor einem erzwungenen Push zur Bestätigung aufgefordert wird.",
			"config.confirmNoVerifyCommit": "Steuert, ob vor dem Committen eine Bestätigung ohne Überprüfung angefragt werden soll.",
			"config.confirmSync": "Bestätigen Sie den Vorgang vor dem Synchronisieren von Git-Repositorys.",
			"config.countBadge": "Steuert den Git-Anzahlbadge.",
			"config.countBadge.all": "Alle Änderungen zählen.",
			"config.countBadge.off": "Zähler deaktivieren.",
			"config.countBadge.tracked": "Nur nachverfolgte Änderungen zählen.",
			"config.decorations.enabled": "Legt fest, ob Git Farben und Badges für die Explorer-Ansicht und die Ansicht \"Geöffnete Editoren\" bereitstellt.",
			"config.defaultBranchName": "Der Name des Standardbranchs (z. B. main, trunk, development) beim Initialisieren eines neuen Git-Repositorys. Bei Festlegung auf \"empty\" wird der in Git konfigurierte Standardbranchname verwendet. **Hinweis:** Erfordert Git-Version 2.28.0 oder höher.",
			"config.defaultCloneDirectory": "Der Standardspeicherort zum Klonen eines Git-Repositorys.",
			"config.detectSubmodules": "Steuert, ob Git-Submodule automatisch erkannt werden.",
			"config.detectSubmodulesLimit": "Steuert den Grenzwert für erkannte Git-Submodule.",
			"config.discardAllScope": "Legt fest, welche Änderungen vom Befehl \"Alle Änderungen verwerfen\" verworfen werden. \"all\" verwirft alle Änderungen. \"tracked\" verwirft nur verfolgte Dateien. \"prompt\" zeigt immer eine Eingabeaufforderung an, wenn die Aktion ausgeführt wird.",
			"config.enableCommitSigning": "Aktiviert die Commitsignatur mit GPG, X.509 oder SSH.",
			"config.enableSmartCommit": "Alle Änderungen committen, wenn keine gestageten Änderungen vorhanden sind.",
			"config.enableStatusBarSync": "Steuert, ob der Git Sync-Befehl in der Statusleiste angezeigt wird.",
			"config.enabled": "Legt fest, ob Git aktiviert ist.",
			"config.experimental.installGuide": "Experimentelle Verbesserungen für den Git-Setupflow.",
			"config.fetchOnPull": "Wenn aktiviert, beim Pullen alle Branches abrufen. Andernfalls nur den aktuellen abrufen.",
			"config.followTagsWhenSync": "Übertragen Sie alle annotierten Tags per Push, wenn der Synchronisierungsbefehl ausgeführt wird.",
			"config.ignoreLegacyWarning": "Ignoriert die Legacy-Git-Warnung.",
			"config.ignoreLimitWarning": "Ignoriert die Warnung bei zu hoher Anzahl von Änderungen in einem Repository.",
			"config.ignoreMissingGitWarning": "Ignoriert die Warnung, wenn Git nicht vorhanden ist.",
			"config.ignoreRebaseWarning": "Ignoriert die Warnung beim Pullvorgang, wenn für den Branch möglicherweise ein Rebase ausgeführt wurde.",
			"config.ignoreSubmodules": "Ignoriert Änderungen an Untermodulen in der Dateistruktur.",
			"config.ignoreWindowsGit27Warning": "Ignoriert die Warnung, wenn Git 2.25–2.26 unter Windows installiert ist.",
			"config.ignoredRepositories": "Liste der zu ignorierenden Git-Repositorys.",
			"config.inputValidation": "Steuert, ob eine Diagnose zur Validierung der Eingaben von Commitnachrichten angezeigt werden soll.",
			"config.inputValidationLength": "Steuert, ab welcher Länge für Commit-Nachrichten eine Warnung eingeblendet werden soll.",
			"config.inputValidationSubjectLength": "Steuert den Schwellenwert für die Länge des Betreffs einer Commitnachricht, ab dem eine Warnung angezeigt wird. Heben Sie die Festlegung auf, um den Wert von \"#git.inputValidationLength#\" zu erben.",
			"config.mergeEditor": "Den Zusammenführungseditor für Dateien öffnen, die derzeit in Konflikt stehen.",
			"config.openAfterClone": "Steuert, ob ein Repository nach dem Klonen automatisch geöffnet wird.",
			"config.openAfterClone.always": "Öffnet Elemente immer im aktuellen Fenster.",
			"config.openAfterClone.alwaysNewWindow": "Öffnet Elemente immer in einem neuen Fenster.",
			"config.openAfterClone.prompt": "Fordert immer eine Aktion an.",
			"config.openAfterClone.whenNoFolderOpen": "Öffnet Elemente nur dann im aktuellen Fenster, wenn kein Ordner geöffnet ist.",
			"config.openDiffOnClick": "Steuert, ob der Diff-Editor geöffnet werden soll, wenn Sie auf eine Änderung klicken. Ansonsten wird der normale Editor geöffnet.",
			"config.openRepositoryInParentFolders": "Steuern Sie, ob ein Repository in übergeordneten Ordnern von Arbeitsbereichen oder geöffneten Dateien geöffnet werden soll.",
			"config.openRepositoryInParentFolders.always": "Öffnen Sie immer ein Repository in übergeordneten Ordnern von Arbeitsbereichen, oder öffnen Sie Dateien.",
			"config.openRepositoryInParentFolders.never": "Öffnen Sie niemals ein Repository in übergeordneten Ordnern von Arbeitsbereichen, oder öffnen Sie Dateien.",
			"config.openRepositoryInParentFolders.prompt": "Fordern Sie vor dem Öffnen eines Repositorys die übergeordneten Ordner von Arbeitsbereichen an, oder öffnen Sie Dateien.",
			"config.optimisticUpdate": "Steuert, ob der Status der Quellcodeverwaltungsansicht nach dem Ausführen von Git-Befehlen optimistisch aktualisiert werden soll.",
			"config.path": "Der Pfad und der Dateiname der ausführbaren Git-Datei, beispielsweise \"C:\\Programme\\Git\\bin\\git.exe\" (Windows). Hierbei kann es sich auch um Array mit Zeichenfolgenwerten handeln, die mehrere Pfade für die Suche enthalten.",
			"config.postCommitCommand": "Git-Befehl nach erfolgreichem Commit ausführen.",
			"config.postCommitCommand.none": "Führen Sie keinen Befehl nach einem Commit aus.",
			"config.postCommitCommand.push": "\"Git push\" nach einem erfolgreichen Commit ausführen.",
			"config.postCommitCommand.sync": "\"Git pull\" und \"git push\" nach einem erfolgreichen Commit ausführen.",
			"config.promptToSaveFilesBeforeCommit": "Legt fest, ob Git vor dem einchecken nach nicht gespeicherten Dateien suchen soll.",
			"config.promptToSaveFilesBeforeCommit.always": "Hiermit prüfen Sie auf nicht gespeicherte Dateien.",
			"config.promptToSaveFilesBeforeCommit.never": "Deaktiviert diese Prüfung.",
			"config.promptToSaveFilesBeforeCommit.staged": "Hiermit prüfen Sie nur auf nicht gespeicherte gestagete Dateien.",
			"config.promptToSaveFilesBeforeStash": "Legt fest, ob Git vor dem Stashen von Änderungen nach nicht gespeicherten Dateien suchen soll.",
			"config.promptToSaveFilesBeforeStash.always": "Hiermit prüfen Sie auf nicht gespeicherte Dateien.",
			"config.promptToSaveFilesBeforeStash.never": "Hiermit wird diese Prüfung deaktiviert.",
			"config.promptToSaveFilesBeforeStash.staged": "Hiermit prüfen Sie nur auf nicht gespeicherte gestagete Dateien.",
			"config.pruneOnFetch": "Löscht Elemente beim Abrufen.",
			"config.publishBeforeContinueOn": "Steuert, ob der unveröffentlichte Git-Status veröffentlicht werden soll, wenn \"Weiterarbeiten an\" aus einem Git-Repository verwendet wird.",
			"config.publishBeforeContinueOn.always": "Unveröffentlichten Git-Status immer veröffentlichen, wenn \"Weiterarbeiten an\" aus einem Git-Repository verwendet wird",
			"config.publishBeforeContinueOn.never": "Unveröffentlichten Git-Status niemals veröffentlichen, wenn \"Weiterarbeiten an\" aus einem Git-Repository verwendet wird",
			"config.publishBeforeContinueOn.prompt": "Bei Verwendung von \"Weiterarbeiten an\" aus einem Git-Repository vor dem Veröffentlichen des unveröffentlichten Git-Status nachfragen",
			"config.pullBeforeCheckout": "Steuert, ob ein Branch ohne ausgehende Commits vor dem Auschecken schnell weitergeleitet wird.",
			"config.pullTags": "Hiermit werden alle Tags beim Pullvorgang abgerufen.",
			"config.rebaseWhenSync": "Erzwingt, dass Git „rebase“ verwendet, wenn der Synchronisierungsbefehl ausgeführt wird.",
			"config.rememberPostCommitCommand": "Den letzten Git-Befehl speichern, der nach einem Commit ausgeführt wurde.",
			"config.replaceTagsWhenPull": "Bei einem Konflikt beim Ausführen des Pull-Befehls werden die lokalen Tags automatisch durch die Remotetags ersetzt.",
			"config.repositoryScanIgnoredFolders": "Liste der Ordner, die beim Scannen nach Git-Repositorys ignoriert werden, wenn „#git.autoRepositoryDetection#“ auf „TRUE“ oder „subFolders“ festgelegt ist.",
			"config.repositoryScanMaxDepth": "Steuert die Tiefe, die beim Überprüfen von Arbeitsbereichsordnern für Git-Repositorys verwendet wird, wenn „#git.autoRepositoryDetection#“ auf „TRUE“ oder „subFolders“ festgelegt ist. Kann auf „-1“ festgelegt werden, wenn kein Limit gelten soll.",
			"config.requireGitUserConfig": "Steuert, ob eine explizite Git-Benutzerkonfiguration erforderlich ist oder ob Git Annahmen treffen soll, falls die Konfiguration fehlt.",
			"config.scanRepositories": "Liste mit Pfaden, in denen nach Git-Repositorys gesucht wird.",
			"config.showActionButton": "Steuert, ob eine Aktionsschaltfläche in der Quellensteuerungsansicht angezeigt wird.",
			"config.showActionButton.commit": "Zeigen Sie eine Aktionsschaltfläche zum Übertragen von Änderungen an, wenn der lokale Zweig geänderte Dateien enthält, die zum Übertragen bereit sind.",
			"config.showActionButton.publish": "Zeigen Sie eine Aktionsschaltfläche an, um den lokalen Branch zu veröffentlichen, wenn er keinen verfolgenden Remote Branch hat.",
			"config.showActionButton.sync": "Zeigen Sie eine Aktionsschaltfläche zum Synchronisieren von Änderungen an, wenn der lokale Zweig entweder vor oder hinter dem entfernten Zweig liegt.",
			"config.showCommitInput": "Steuert, ob die Commiteingabe im Panel für die Git-Quellcodeverwaltung angezeigt wird.",
			"config.showInlineOpenFileAction": "Steuert, ob eine Inlineaktion zum Öffnen der Datei in der Ansicht \"Git-Änderungen\" angezeigt wird.",
			"config.showProgress": "Steuert, ob für Git-Aktionen der Fortschritt zu sehen ist.",
			"config.showPushSuccessNotification": "Legt fest, ob bei einem erfolgreichen Push eine Benachrichtigung angezeigt werden soll.",
			"config.similarityThreshold": "Steuert den Schwellenwert des Ähnlichkeitsindexes (die Anzahl der Hinzufügungen/Löschungen im Vergleich zur Dateigröße), ab dem Änderungen in einem Paar hinzugefügter/gelöschter Dateien als Umbenennung betrachtet werden. **Hinweis:** Erfordert Git-Version 2.18.0 oder höher.",
			"config.smartCommitChanges": "Hiermit steuern Sie, welche Änderungen beim intelligenten Commit automatisch gestaget werden.",
			"config.smartCommitChanges.all": "Hiermit werden alle Änderungen automatisch gestaget.",
			"config.smartCommitChanges.tracked": "Es wurden nur nachverfolgte Änderungen automatisch gestaget.",
			"config.statusLimit": "Steuert, wie die Anzahl der Änderungen begrenzt wird, die über den Git-Statusbefehl analysiert werden können. Kann auf 0 (Null) festgelegt werden, um keinen Grenzwert zu setzen.",
			"config.suggestSmartCommit": "Schlägt das Aktivieren intelligenter Commits vor. Dabei werden alle Änderungen committet, wenn keine gestageten Änderungen vorliegen.",
			"config.supportCancellation": "Steuert, ob bei Ausführung der Synchronisierungsaktion eine Benachrichtigung angezeigt wird, sodass der Benutzer den Vorgang abbrechen kann.",
			"config.terminalAuthentication": "Steuert, ob VS Code als Authentifizierungshandler für Git-Prozesse aktiviert werden soll, die im integrierten Terminal erzeugt werden. Hinweis: Terminals müssen neu gestartet werden, damit eine Änderung dieser Einstellung wirksam wird.",
			"config.terminalGitEditor": "Steuert, ob VS Code als Git-Editor für Git-Prozesse aktiviert werden soll, die im integrierten Terminal erzeugt werden. Hinweis: Terminals müssen neu gestartet werden, um eine Änderung in dieser Einstellung zu übernehmen.",
			"config.timeline.date": "Steuert, welches Datum für Elemente in der Zeitachsenansicht verwendet werden soll.",
			"config.timeline.date.authored": "Erstellungsdatum verwenden",
			"config.timeline.date.committed": "Commitdatum verwenden",
			"config.timeline.showAuthor": "Steuert, ob der Commitautor in der Zeitachsenansicht angezeigt wird.",
			"config.timeline.showUncommitted": "Steuert, ob der Commitautor in der Zeitachsenansicht angezeigt wird.",
			"config.untrackedChanges": "Legt fest, wie sich nicht nachverfolgte Änderungen verhalten.",
			"config.untrackedChanges.hidden": "Nicht nachverfolgte Änderungen werden ausgeblendet und von mehreren Aktionen ausgeschlossen.",
			"config.untrackedChanges.mixed": "Alle Änderungen (nachverfolgte und nicht nachverfolgte) werden zusammen angezeigt und verhalten sich identisch.",
			"config.untrackedChanges.separate": "Nicht nachverfolgte Änderungen werden separat in der Quellcodeverwaltung angezeigt. Sie sind zudem von mehreren Aktionen ausgeschlossen.",
			"config.useCommitInputAsStashMessage": "Steuert, ob die Nachricht aus dem Commiteingabefeld als Standardstashnachricht verwendet wird.",
			"config.useEditorAsCommitInput": "Steuert, ob ein Volltext-Editor zum Erstellen von Commitnachrichten verwendet wird, wenn im Eingabefeld für den Commit keine Nachricht bereitgestellt wird.",
			"config.useForcePushIfIncludes": "Steuert, ob erzwungene Pushes die sicherere Variante mit force-if-includes verwenden. Hinweis: Für diese Einstellung muss die Einstellung \"#git.useForcePushWithLease#\" aktiviert sein. Zudem ist Git-Version 2.30.0 oder höher erforderlich.",
			"config.useForcePushWithLease": "Steuert, ob erzwungene Pushes die sicherere Variante mit Leases verwenden.",
			"config.useIntegratedAskPass": "Steuert, ob GIT_ASKPASS überschrieben werden soll, um die integrierte Version zu verwenden.",
			"config.verboseCommit": "Aktivieren Sie die ausführliche Ausgabe, wenn \"#git.useEditorAsCommitInput#\" aktiviert ist.",
			"description": "Git SCM-Integration",
			"displayName": "Git",
			"submenu.branch": "Branch",
			"submenu.changes": "Änderungen",
			"submenu.commit": "Commit",
			"submenu.commit.amend": "Korrigieren",
			"submenu.commit.signoff": "Abmelden",
			"submenu.explorer": "Git",
			"submenu.pullpush": "Pull, Push",
			"submenu.remotes": "Remote",
			"submenu.stash": "Stash ausführen",
			"submenu.tags": "Tags",
			"view.workbench.cloneRepository": "Sie können ein Repository lokal klonen.\r\n[Repository klonen](command:git.clone 'Clone a repository once the git extension has activated')",
			"view.workbench.learnMore": "Weitere Informationen zur Verwendung von Git und der Quellcodeverwaltung in VS Code [finden Sie in unserer Dokumentation](https://aka.ms/vscode-scm).",
			"view.workbench.scm.closedRepositories": "Es wurden Git-Repositorys gefunden, die zuvor geschlossen wurden.\r\n[Geschlossene Repositorys erneut öffnen](command:git.reopenClosedRepositories)\r\nWeitere Informationen zur Verwendung von Git und der Quellcodeverwaltung in VS Code [finden Sie in unserer Dokumentation](https://aka.ms/vscode-scm).",
			"view.workbench.scm.closedRepository": "Es wurde ein Git-Repository gefunden, das zuvor geschlossen wurde.\r\n[Geschlossenes Repository erneut öffnen](command:git.reopenClosedRepositories)\r\nWeitere Informationen zur Verwendung von Git und der Quellcodeverwaltung in VS Code [finden Sie in unserer Dokumentation](https://aka.ms/vscode-scm).",
			"view.workbench.scm.disabled": "Wenn Sie Git-Features verwenden möchten, aktivieren Sie Git in Ihren [Einstellungen](command:workbench.action.openSettings?%5B%22git.enabled%22%5D).\r\nWeitere Informationen zur Verwendung von Git und der Quellcodeverwaltung in VS Code [finden Sie in unserer Dokumentation](https://aka.ms/vscode-scm).",
			"view.workbench.scm.empty": "Um Git-Features zu verwenden, können Sie einen Ordner mit einem Git-Repository öffnen oder über eine URL ein Repository klonen.\r\n[Ordner öffnen](command:vscode.openFolder)\r\n[Repository klonen](command:git.clone)\r\nWeitere Informationen zur Verwendung von Git und der Quellcodeverwaltung in VS Code [finden Sie in unserer Dokumentation](https://aka.ms/vscode-scm).",
			"view.workbench.scm.emptyWorkspace": "Der zurzeit geöffnete Arbeitsbereich enthält keine Ordner mit Git-Repositorys.\r\n[Ordner zum Arbeitsbereich hinzufügen](command:workbench.action.addRootFolder)\r\nWeitere Informationen zur Verwendung von Git und der Quellcodeverwaltung in VS Code [finden Sie in unserer Dokumentation](https://aka.ms/vscode-scm).",
			"view.workbench.scm.folder": "Der zurzeit geöffnete Ordner enthält kein Git-Repository. Sie können ein Repository initialisieren, wodurch die Git-Features zur Quellcodeverwaltung aktiviert werden.\r\n[Repository initialisieren](command:git.init?%5Btrue%5D)\r\nWeitere Informationen zur Verwendung von Git und der Quellcodeverwaltung in VS Code [finden Sie in unserer Dokumentation](https://aka.ms/vscode-scm).",
			"view.workbench.scm.missing": "Installieren Sie Git, ein beliebtes Quellcodeverwaltungssystem, um Codeänderungen nachzuverfolgen und mit anderen zusammenzuarbeiten. Weitere Informationen finden Sie in unseren [Git-Leitfäden](https://aka.ms/vscode-scm).",
			"view.workbench.scm.missing.linux": "Die Quellcodeverwaltung hängt davon ab, ob Git installiert wird.\r\n[Git für Linux herunterladen](https://git-scm.com/download/linux)\r\nNach der Installation bitte [neu laden](command:workbench.action.reloadWindow) (oder [troubleshoot](command:git.showOutput)). Zusätzliche Quellcodeanbieter können [aus dem Marketplace](command:workbench.extensions.search?%22%40category%3A%5C%22scm%20providers%5C%22%22) installiert werden.",
			"view.workbench.scm.missing.mac": "[Git für macOS herunterladen](https://git-scm.com/download/mac)\r\nNach der Installation bitte [neu laden](command:workbench.action.reloadWindow) (oder [Fehlerbehebung](command:git.showOutput)). Zusätzliche Quellcodeverwaltungsanbieter können [aus dem Marketplace](command:workbench.extensions.search?%22%40category%3A%5C%22scm%20providers%5C%22%22) installiert werden.",
			"view.workbench.scm.missing.windows": "[Git für Windows herunterladen](https://git-scm.com/download/win)\r\nNach der Installation bitte [neu laden](command:workbench.action.reloadWindow) (oder [Fehlerbehebung](command:git.showOutput)). Zusätzliche Quellcodeverwaltungsanbieter können [aus dem Marketplace](command:workbench.extensions.search?%22%40category%3A%5C%22scm%20providers%5C%22%22) installiert werden.",
			"view.workbench.scm.repositoriesInParentFolders": "Git-Repositorys wurden in den übergeordneten Ordnern des Arbeitsbereichs oder der geöffneten Datei(en) gefunden.\r\n[Repository öffnen](command:git.openRepositoriesInParentFolders)\r\nVerwenden Sie die Einstellung [git.openRepositoryInParentFolders](command:workbench.action.openSettings?%5B%22git.openRepositoryInParentFolders%22%5D), um zu steuern, ob Git-Repositorys in übergeordneten Ordnern von Arbeitsbereichen oder offenen Dateien geöffnet werden. Weitere Informationen finden Sie [in unserer Dokumentation](https://aka.ms/vscode-git-repository-in-parent-folders).",
			"view.workbench.scm.repositoryInParentFolders": "Ein Git-Repository wurde in den übergeordneten Ordnern des Arbeitsbereichs oder der geöffneten Datei(en) gefunden.\r\n[Repository öffnen](command:git.openRepositoriesInParentFolders)\r\nVerwenden Sie die Einstellung [git.openRepositoryInParentFolders](command:workbench.action.openSettings?%5B%22git.openRepositoryInParentFolders%22%5D), um zu steuern, ob Git-Repositorys in übergeordneten Ordnern von Arbeitsbereichen oder offenen Dateien geöffnet werden. Weitere Informationen finden Sie [in unserer Dokumentation](https://aka.ms/vscode-git-repository-in-parent-folders).",
			"view.workbench.scm.scanFolderForRepositories": "Der Ordner wird auf Git-Repositorys überprüft...",
			"view.workbench.scm.scanWorkspaceForRepositories": "Arbeitsbereich wird auf Git-Repositorys überprüft...",
			"view.workbench.scm.unsafeRepositories": "Die erkannten Git-Repositorys sind potenziell unsicher, weil sich die Ordner im Besitz einer anderen Person als dem/der aktuellen Benutzer*in befinden.\r\n[Unsichere Repositorys verwalten](command:git.manageUnsafeRepositories)\r\nWeitere Informationen zu unsicheren Repositorys finden Sie in [unserer Dokumentation](https://aka.ms/vscode-git-unsafe-repository).",
			"view.workbench.scm.unsafeRepository": "Das erkannte Git-Repository ist potenziell unsicher, weil sich der Ordner im Besitz einer anderen Person als dem/der aktuellen Benutzer*in befindet.\r\n[Unsichere Repositorys verwalten](command:git.manageUnsafeRepositories)\r\nWeitere Informationen zu unsicheren Repositorys finden Sie in [unserer Dokumentation](https://aka.ms/vscode-git-unsafe-repository).",
			"view.workbench.scm.workspace": "Der zurzeit geöffnete Arbeitsbereich enthält keine Ordner mit Git-Repositorys. Sie können ein Repository für einen Ordner initialisieren, wodurch die Git-Features zur Quellcodeverwaltung aktiviert werden.\r\n[Repository initialisieren](command:git.init)\r\nWeitere Informationen zur Verwendung von Git und der Quellcodeverwaltung in VS Code [finden Sie in unserer Dokumentation](https://aka.ms/vscode-scm)."
		}
	}
}