{
	"": [
		"--------------------------------------------------------------------------------------------",
		"Copyright (c) Microsoft Corporation. All rights reserved.",
		"Licensed under the MIT License. See License.txt in the project root for license information.",
		"--------------------------------------------------------------------------------------------",
		"Do not edit this file. It is machine generated."
	],
	"version": "1.0.0",
	"contents": {
		"bundle": {
			"...1 additional file not shown": "... 1 dodatkowy plik nie został pokazany",
			"...{0} additional files not shown": "... {0} dodatkowych plików nie zostało pokazanych",
			"Allow all content and script execution. Not recommended": "Zezwalaj na całą zawartość i wykonywanie skryptów. Niezalecane",
			"Allow insecure content": "Zezwalaj na niezabezpieczoną zawartość",
			"Allow insecure local content": "Zezwalaj na niezabezpieczoną zawartość lokalną",
			"Always": "Zawsze",
			"An unexpected error occurred while restoring the Markdown preview.": "Wystąpił nieoczekiwany błąd podczas przywracania podglądu języka Markdown.",
			"Checking for Markdown links to update": "Sprawdzanie linków języka Markdown do aktualizacji",
			"Content Disabled Security Warning": "Ostrzeżenie o wyłączonych zabezpieczeniach zawartości",
			"Could not load 'markdown.styles': {0}": "Nie można załadować elementu „markdown.styles”: {0}",
			"Could not open {0}": "Nie można otworzyć {0}",
			"Disable": "Wyłącz",
			"Disable preview security warning in this workspace": "Wyłącz ostrzeżenie o zabezpieczeniach wersji zapoznawczej w tym obszarze roboczym",
			"Does not affect the content security level": "Nie ma wpływu na poziom zabezpieczeń zawartości",
			"Enable loading content over http": "Włącz ładowanie zawartości przez protokół HTTP",
			"Enable loading content over http served from localhost": "Włącz ładowanie zawartości przez protokół HTTP obsługiwany z hosta lokalnego",
			"Enable preview security warnings in this workspace": "Włącz ostrzeżenia o zabezpieczeniach wersji zapoznawczej w tym obszarze roboczym",
			"Exclude '{0}' from link validation.": "Wyklucz element „{0}” z weryfikacji linku.",
			"Extract to link definition": "Wyodrębnij, aby połączyć definicję",
			"File does not exist at path: {0}": "Plik nie istnieje w ścieżce: {0}",
			"Find file references failed. No resource provided.": "Odnalezienie odwołań do pliku nie powiodło się. Nie podano dostarczono zasobu.",
			"Finding file references": "Znajdowanie odwołań do plików",
			"Follow link": "Otwórz link",
			"Go to link definition": "Przejdź do definicji linku",
			"Header does not exist in file: {0}": "Nagłówek nie istnieje w pliku: {0}",
			"Insert Markdown Audio": "Wstaw dźwięk Markdown",
			"Insert Markdown Image": "Wstaw obraz języka Markdown",
			"Insert Markdown Images": "Wstaw obrazy języka Markdown",
			"Insert Markdown Images and Links": "Wstaw obrazy i linki języka Markdown",
			"Insert Markdown Link": "Wstaw link języka Markdown",
			"Insert Markdown Links": "Wstaw linki języka Markdown",
			"Insert Markdown Media": "Wstaw nośnik Markdown",
			"Insert Markdown Media and Images": "Wstaw multimedia i obrazy Markdown",
			"Insert Markdown Media and Links": "Wstaw multimedia i linki Markdown",
			"Insert Markdown Video": "Wstaw klip wideo w języku Markdown",
			"Insert image": "Wstawianie obrazu",
			"Insert link": "Wstawianie linku",
			"Link definition for '{0}' already exists": "Definicja linku dla elementu „{0}” już istnieje",
			"Link definition is unused": "Definicja linku jest nieużywana",
			"Link is already a reference": "Link jest już odwołaniem",
			"Link is also defined here": "Link jest również zdefiniowany w tym miejscu",
			"Link to '# {0}' in '{1}'": "Link do ustawienia „# {0}” w „{1}”",
			"Link to '{0}'": "Połącz z „{0}”",
			"Markdown Language Server": "Serwer języka Markdown",
			"Media": "Multimedia",
			"More Information": "Więcej informacji",
			"Never": "Nigdy",
			"No": "Nie",
			"No header found: '{0}'": "Nie znaleziono nagłówka: „{0}”",
			"No link definition found: '{0}'": "Nie znaleziono definicji linku: „{0}”",
			"Not on link": "Nie na linku",
			"Only load secure content": "Załaduj tylko bezpieczną zawartość",
			"Paste and update pasted links": "Wklej i zaktualizuj wklejone linki",
			"Potentially unsafe or insecure content has been disabled in the Markdown preview. Change the Markdown preview security setting to allow insecure content or enable scripts": "W podglądzie Markdown wyłączono potencjalnie niebezpieczną lub niezabezpieczoną zawartość. Zmień ustawienie zabezpieczeń w podglądzie Markdown, aby zezwolić na niebezpieczną zawartość lub włączyć skrypty",
			"Preview {0}": "Podgląd {0}",
			"Reference link '{0}'": "Link odwołania \"{0}\"",
			"Remove duplicate link definition": "Usuń zduplikowaną definicję linku",
			"Remove unused link definition": "Usuń nieużywaną definicję linku",
			"Renaming is not supported here. Try renaming a header or link.": "Zmiana nazwy nie jest tutaj obsługiwana. Spróbuj zmienić nazwę nagłówka lub linku.",
			"Select security settings for Markdown previews in this workspace": "Wybierz ustawienia zabezpieczeń dla podglądów Markdown w tym obszarze roboczym",
			"Some content has been disabled in this document": "Część zawartości została wyłączona w tym dokumencie",
			"Strict": "Ścisłe",
			"Update Markdown links for '{0}'?": "Zaktualizować linki języka Markdown dla elementu „{0}”?",
			"Update Markdown links for the following {0} files?": "Zaktualizować linki Markdown dla następujących {0} plików?",
			"Yes": "Tak",
			"[Preview] {0}": "[Wersja zapoznawcza] {0}",
			"{0} cannot be found": "Nie można znaleźć {0}"
		},
		"package": {
			"configuration.copyIntoWorkspace.mediaFiles": "Spróbuj skopiować zewnętrzne pliki obrazów i wideo do obszaru roboczego.",
			"configuration.copyIntoWorkspace.never": "Nie kopiuj plików zewnętrznych do obszaru roboczego.",
			"configuration.markdown.copyFiles.destination": "Skonfiguruje ścieżkę i nazwę plików utworzonych przez kopiowanie/wklejanie lub przeciąganie i upuszczanie. Jest to mapa globów, które pasują do ścieżki dokumentu w formacie Markdown do ścieżki docelowej, w której powinien zostać utworzony nowy plik.\r\n\r\nŚcieżka docelowa może wykorzystywać następujące zmienne:\r\n\r\n— `${documentDirName}` — bezwzględna ścieżka katalogu nadrzędnego dokumentu języka Markdown, np. `/Users/me/myProject/docs`.\r\n— `${documentRelativeDirName}` — względna ścieżka katalogu nadrzędnego dokumentu języka Markdown, np. `docs`. Jest to taka sama wartość jak w przypadku właściwości `${documentDirName}`, jeśli plik nie jest częścią obszaru roboczego.\r\n— `${documentFileName}` — pełna nazwa pliku w dokumencie języka Markdown, np. `README.md`.\r\n— `${documentBaseName}` — podstawowa nazwa dokumentu języka Markdown, np. `README`.\r\n— `${documentExtName}` — rozszerzenie dokumentu języka Markdown, np. `md`.\r\n— `${documentFilePath}` — ścieżka bezwzględna dokumentu języka Markdown, np. `/Users/me/myProject/docs/README.md`.\r\n— `${documentRelativeFilePath}` — ścieżka względna dokumentu języka Markdown, np. `docs/README.md`. Jest to taka sama wartość jak w przypadku właściwości `${documentFilePath}`, jeśli plik nie jest częścią obszaru roboczego.\r\n— `${documentWorkspaceFolder}` — folder obszaru roboczego dla dokumentu języka Markdown, np. `/Users/me/myProject`. Jest to taka sama wartość jak w przypadku właściwości `${documentDirName}`, jeśli plik nie jest częścią obszaru roboczego.\r\n— `${fileName}` — nazwa usuniętego pliku, np. `image.png`.\r\n— `${fileExtName}` — rozszerzenie upuszczonego pliku, np. `png`.",
			"configuration.markdown.copyFiles.overwriteBehavior": "Określa, czy pliki utworzone przez funkcję upuszczania lub wklejania powinny zastępować istniejące pliki.",
			"configuration.markdown.copyFiles.overwriteBehavior.nameIncrementally": "Jeśli plik o tej samej nazwie już istnieje, dołącz numer do nazwy pliku, na przykład: plik `image.png` będzie `image-1.png`.",
			"configuration.markdown.copyFiles.overwriteBehavior.overwrite": "Jeśli plik o tej samej nazwie już istnieje, zastąp go.",
			"configuration.markdown.editor.drop.copyIntoWorkspace": "Określa, czy pliki spoza obszaru roboczego, które są porzucane do edytora Języka Markdown, powinny zostać skopiowane do obszaru roboczego.\r\n\r\n Użyj polecenia `#markdown.copyFiles.destination#`, aby skonfigurować miejsce tworzenia skopiowanych usuniętych plików",
			"configuration.markdown.editor.drop.enabled": "Włącz upuszczanie plików do edytora Markdown podczas przytrzymania klawisza Shift. Wymaga włączenia elementu `#editor.dropIntoEditor.enabled#`.",
			"configuration.markdown.editor.drop.enabled.always": "Zawsze wstawiaj linki języka Markdown.",
			"configuration.markdown.editor.drop.enabled.never": "Nigdy nie twórz linków języka Markdown.",
			"configuration.markdown.editor.drop.enabled.smart": "Domyślnie twórz inteligentnie linki języka Markdown, gdy nie przenosisz ich do bloku kodu ani innego elementu specjalnego. Użyj widżetu przenoszenia, aby przełączać się między opcjami wklejania jako zwykły tekst lub jako linki języka Markdown.",
			"configuration.markdown.editor.filePaste.audioSnippet": "Fragment kodu używany podczas dodawania dźwięku do języka Markdown. Ten fragment kodu może używać następujących zmiennych:\r\n—`${src}` — rozpoznana ścieżka pliku audio.\r\n—`${title}` — tytuł użyty dla pliku dźwiękowego. Dla tej zmiennej zostanie automatycznie utworzony symbol zastępczy fragmentu kodu.",
			"configuration.markdown.editor.filePaste.copyIntoWorkspace": "Określa, czy pliki spoza obszaru roboczego wklejone do edytora języka Markdown powinny zostać skopiowane do obszaru roboczego.\r\n\r\n Użyj polecenia `#markdown.copyFiles.destination#`, aby skonfigurować miejsce tworzenia skopiowanych plików.",
			"configuration.markdown.editor.filePaste.enabled": "Włącz wklejanie plików do Markdown editor, aby tworzyć linki Markdown. Wymaga włączenia elementu \"#editor.pasteAs.enabled#\".",
			"configuration.markdown.editor.filePaste.enabled.always": "Zawsze wstawiaj linki języka Markdown.",
			"configuration.markdown.editor.filePaste.enabled.never": "Nigdy nie twórz linków języka Markdown.",
			"configuration.markdown.editor.filePaste.enabled.smart": "Domyślnie twórz inteligentnie linki języka Markdown, gdy nie wklejasz ich do bloku kodu ani innego elementu specjalnego. Użyj widżetu wklejania, aby przełączać się między opcjami wklejania jako zwykły tekst lub jako linki języka Markdown.",
			"configuration.markdown.editor.filePaste.videoSnippet": "Fragment kodu używany podczas dodawania wideo do języka Markdown. Ten fragment kodu może używać następujących zmiennych:\r\n—`${src}` — rozpoznana ścieżka pliku wideo.\r\n—`${title}` — tytuł użyty dla klipu wideo. Dla tej zmiennej zostanie automatycznie utworzony symbol zastępczy fragmentu kodu.",
			"configuration.markdown.editor.pasteUrlAsFormattedLink.enabled": "Określa, czy podczas wklejania adresów URL do edytora języka Markdown są tworzone linki języka Markdown. Wymaga włączenia elementu `#editor.pasteAs.enabled#`.",
			"configuration.markdown.editor.updateLinksOnPaste.enabled": "Włączenie/wyłączenie opcji wklejania, która aktualizuje linki i odniesienia w tekście kopiowanym i wklejanym między edytorami Markdown.\r\n\r\nAby skorzystać z tej funkcji, po wklejeniu tekstu zawierającego aktualizowalne linki, wystarczy kliknąć widżet Wklej i wybrać opcję „Wklej i zaktualizuj wklejone linki\".",
			"configuration.markdown.links.openLocation.beside": "Otwieraj linki obok aktywnego edytora.",
			"configuration.markdown.links.openLocation.currentGroup": "Otwórz linki w aktywnej grupie edytorów.",
			"configuration.markdown.links.openLocation.description": "Kontroluje, kiedy linki w plikach Markdown powinny być otwierane.",
			"configuration.markdown.occurrencesHighlight.enabled": "Włącz wyróżnianie wystąpień linków w bieżącym dokumencie.",
			"configuration.markdown.preferredMdPathExtensionStyle": "Określa, czy rozszerzenia plików (na przykład „md”) są dodawane, czy nie dla linków do plików Markdown. To ustawienie jest używane, gdy ścieżki plików są dodawane przez narzędzia, takie jak uzupełnianie ścieżek lub zmienianie nazw plików.",
			"configuration.markdown.preferredMdPathExtensionStyle.auto": "W przypadku istniejących ścieżek spróbuj zachować styl rozszerzenia pliku. W przypadku nowych ścieżek dodaj rozszerzenia plików.",
			"configuration.markdown.preferredMdPathExtensionStyle.includeExtension": "Preferuj dołączanie rozszerzenia pliku. Na przykład uzupełnianie ścieżki do pliku o nazwie „file.md” spowoduje wstawienie elementu „file.md”.",
			"configuration.markdown.preferredMdPathExtensionStyle.removeExtension": "Preferuj usuwanie rozszerzenia pliku. Na przykład uzupełnianie ścieżki do pliku o nazwie „file.md” spowoduje wstawienie elementu „file” bez pliku „md”.",
			"configuration.markdown.preview.openMarkdownLinks.description": "Określa, w jaki sposób mają być otwierane linki do innych plików Markdown w podglądzie Markdown.",
			"configuration.markdown.preview.openMarkdownLinks.inEditor": "Spróbuj otworzyć linki w edytorze.",
			"configuration.markdown.preview.openMarkdownLinks.inPreview": "Spróbuj otworzyć linki w podglądzie Markdown.",
			"configuration.markdown.suggest.paths.enabled.description": "Włącz sugestie ścieżek podczas pisania linków w plikach języka Markdown.",
			"configuration.markdown.suggest.paths.includeWorkspaceHeaderCompletions": "Włącz sugestie dotyczące nagłówków w innych plikach języka Markdown w bieżącym obszarze roboczym. Zaakceptowanie jednej z tych sugestii powoduje wstawienie pełnej ścieżki do nagłówka w tym pliku, na przykład `[link text](/path/to/file.md#header)`.",
			"configuration.markdown.suggest.paths.includeWorkspaceHeaderCompletions.never": "Wyłącz sugestie nagłówków obszaru roboczego.",
			"configuration.markdown.suggest.paths.includeWorkspaceHeaderCompletions.onDoubleHash": "Włącz sugestie nagłówków obszaru roboczego po wpisaniu ciągu `##` w ścieżce, na przykład `[link text](##`.",
			"configuration.markdown.suggest.paths.includeWorkspaceHeaderCompletions.onSingleOrDoubleHash": "Włącz sugestie nagłówków obszaru roboczego po wpisaniu ciągu `##` lub `#` w ścieżce, na przykład `[link text](#` lub `[link text](##`.",
			"configuration.markdown.updateLinksOnFileMove.enableForDirectories": "Włącz aktualizowanie linków po przeniesieniu katalogu lub zmianie jego nazwy w obszarze roboczym.",
			"configuration.markdown.updateLinksOnFileMove.enabled": "Spróbuj zaktualizować linki w plikach Markdown, gdy nazwa pliku zostanie zmieniona/przeniesiona w obszarze roboczym. Użyj ustawienia „#markdown.updateLinksOnFileMove.include#”, aby skonfigurować, które pliki wyzwalają aktualizacje linków.",
			"configuration.markdown.updateLinksOnFileMove.enabled.always": "Zawsze aktualizuj linki automatycznie.",
			"configuration.markdown.updateLinksOnFileMove.enabled.never": "Nigdy nie próbuj aktualizować linku i nie monituj.",
			"configuration.markdown.updateLinksOnFileMove.enabled.prompt": "Monituj o przeniesienie każdego pliku.",
			"configuration.markdown.updateLinksOnFileMove.include": "Wzorce globalne określające pliki, które wyzwalają automatyczne aktualizacje linków. Szczegóły dotyczące tej funkcji można znaleźć w ustawieniu „#markdown.updateLinksOnFileMove.enabled#”.",
			"configuration.markdown.updateLinksOnFileMove.include.property": "Wzorzec globalny do dopasowywania ścieżek do plików. Aby włączyć lub wyłączyć wzorzec, ustaw na wartość „true” lub „false”.",
			"configuration.markdown.validate.duplicateLinkDefinitions.description": "Sprawdź poprawność zduplikowanych definicji w bieżącym pliku.",
			"configuration.markdown.validate.enabled.description": "Włącz wszystkie raporty o błędach w plikach języka Markdown.",
			"configuration.markdown.validate.fileLinks.enabled.description": "Weryfikuj linki do innych plików w plikach Markdown, np. „[link](/path/to/file.md)”. Spowoduje to sprawdzenie, czy pliki docelowe istnieją. Wymaga włączenia elementu „#markdown.validate.enabled#”.",
			"configuration.markdown.validate.fileLinks.markdownFragmentLinks.description": "Zweryfikuj fragment linków do nagłówków w innych plikach w plikach języka Markdown, np. `[link](/path/to/file.md#header)`. Domyślnie dziedziczy wartość ustawienia z elementu `#markdown.validate.fragmentLinks.enabled#`.",
			"configuration.markdown.validate.fragmentLinks.enabled.description": "Zweryfikuj poprawność linków fragmentów do nagłówków w bieżącym pliku Markdown, np. `[link](#header)`. Wymaga włączenia elementu `#markdown.validate.enabled#`.",
			"configuration.markdown.validate.ignoredLinks.description": "Skonfiguruj linki, które nie powinny być weryfikowane. Na przykład „/about” nie może zweryfikować linku „[about](/about)”, podczas gdy glob „/assets/**/*.svg” pozwala pominąć sprawdzanie poprawności dla dowolnego linku do plików „.svg” w katalogu „assets”.",
			"configuration.markdown.validate.referenceLinks.enabled.description": "Weryfikuj linki referencyjne w plikach języka Markdown, np. `[link][ref]`. Wymaga włączenia elementu `#markdown.validate.enabled#`.",
			"configuration.markdown.validate.unusedLinkDefinitions.description": "Zweryfikuj definicje linków nieużywane w bieżącym pliku.",
			"configuration.pasteUrlAsFormattedLink.always": "Zawsze wstawiaj linki języka Markdown.",
			"configuration.pasteUrlAsFormattedLink.never": "Nigdy nie twórz linków języka Markdown.",
			"configuration.pasteUrlAsFormattedLink.smart": "Domyślnie twórz inteligentnie linki języka Markdown, gdy nie wklejasz ich do bloku kodu ani innego elementu specjalnego. Użyj widżetu wklejania, aby przełączać się między opcjami wklejania jako zwykły tekst lub jako linki języka Markdown.",
			"configuration.pasteUrlAsFormattedLink.smartWithSelection": "Domyślnie twórz inteligentnie linki języka Markdown, gdy zaznaczono tekst i nie wklejasz ich do bloku kodu ani innego elementu specjalnego. Użyj widżetu wklejania, aby przełączać się między opcjami wklejania jako zwykły tekst lub jako linki języka Markdown.",
			"description": "Udostępnia zaawansowaną obsługę języka dla języka Markdown.",
			"displayName": "Funkcje języka Markdown",
			"markdown.copyImage.title": "Kopiuj obraz",
			"markdown.editor.insertImageFromWorkspace": "Wstaw obraz z obszaru roboczego",
			"markdown.editor.insertLinkFromWorkspace": "Wstawianie linku do pliku w obszarze roboczym",
			"markdown.findAllFileReferences": "Znajdź odwołania do pliku",
			"markdown.preview.breaks.desc": "Ustawia sposób renderowania podziałów wierszy w podglądzie języka Markdown. Ustawienie wartości „true” powoduje utworzenie „<br>” dla nowych wierszy w akapitach.",
			"markdown.preview.doubleClickToSwitchToEditor.desc": "Kliknij dwukrotnie w podglądzie Markdown, aby przełączyć się na edytor.",
			"markdown.preview.fontFamily.desc": "Steruje rodziną czcionek używaną w podglądzie Markdown.",
			"markdown.preview.fontSize.desc": "Steruje rozmiarem czcionki (w pikselach) używanym w podglądzie Markdown.",
			"markdown.preview.lineHeight.desc": "Steruje wysokością wiersza używaną w podglądzie Markdown. Ta liczba jest powiązana z rozmiarem czcionki.",
			"markdown.preview.linkify": "Konwertuj tekst podobny do adresu URL na linki w podglądzie języka Markdown.",
			"markdown.preview.markEditorSelection.desc": "Oznacz bieżące zaznaczenie edytora w podglądzie Markdown.",
			"markdown.preview.refresh.title": "Odśwież podgląd",
			"markdown.preview.scrollEditorWithPreview.desc": "Przy przewijaniu podglądu Markdown aktualizuj widok edytora.",
			"markdown.preview.scrollPreviewWithEditor.desc": "Przy przewijaniu edytora Markdown aktualizuj widok podglądu.",
			"markdown.preview.title": "Otwórz podgląd",
			"markdown.preview.toggleLock.title": "Przełącz blokowanie podglądu",
			"markdown.preview.typographer": "Włącz niektóre neutralne dla języka zamiany i poprawki cudzysłowów w podglądzie języka Markdown.",
			"markdown.previewSide.title": "Otwórz podgląd z boku",
			"markdown.server.log.desc": "Steruje poziomem rejestrowania serwera języka Markdown.",
			"markdown.showLockedPreviewToSide.title": "Otwórz zablokowany podgląd z boku",
			"markdown.showPreviewSecuritySelector.title": "Zmień ustawienia zabezpieczeń podglądu",
			"markdown.showSource.title": "Pokaż źródło",
			"markdown.styles.dec": "Lista adresów URL lub ścieżek lokalnych do arkuszy stylów CSS, które mają być używane z podglądu języka Markdown. Ścieżki względne są interpretowane względem folderu otwartego w Eksploratorze. Jeśli nie ma otwartego folderu, są one interpretowane względem lokalizacji pliku Markdown. Wszystkie znaki „ \\ ” należy zapisać jako „ \\\\ ”.",
			"markdown.trace.extension.desc": "Włącz rejestrowanie debugowania dla rozszerzenia języka Markdown.",
			"markdown.trace.server.desc": "Śledzi komunikację między programem VS Code i serwerem języka Markdown.",
			"workspaceTrust": "Wymagane do ładowania stylów skonfigurowanych w obszarze roboczym."
		}
	}
}