{
	"": [
		"--------------------------------------------------------------------------------------------",
		"Copyright (c) Microsoft Corporation. All rights reserved.",
		"Licensed under the MIT License. See License.txt in the project root for license information.",
		"--------------------------------------------------------------------------------------------",
		"Do not edit this file. It is machine generated."
	],
	"version": "1.0.0",
	"contents": {
		"bundle": {
			"...1 additional file not shown": "...1 ek dosya gösterilmiyor",
			"...{0} additional files not shown": "...{0} ek dosya gösterilmiyor",
			"Allow all content and script execution. Not recommended": "Tüm içeriğe ve betik yürütmeye izin verin. Önerilmez",
			"Allow insecure content": "Güvenli olmayan içeriğe izin ver",
			"Allow insecure local content": "Güvenli olmayan yerel içeriğe izin ver",
			"Always": "Her Zaman",
			"An unexpected error occurred while restoring the Markdown preview.": "Markdown önizlemesi geri yüklenirken beklenmeyen bir hata oluştu.",
			"Checking for Markdown links to update": "Güncelleştirilecek Markdown bağlantıları denetleniyor",
			"Content Disabled Security Warning": "İçerik Devre Dışı Bırakıldı Güvenlik Uyarısı",
			"Could not load 'markdown.styles': {0}": "'markdown.styles' yüklenemedi: {0}",
			"Could not open {0}": "{0} açılamadı",
			"Disable": "Devre Dışı Bırak",
			"Disable preview security warning in this workspace": "Bu çalışma alanında önizleme güvenlik uyarısını devre dışı bırak",
			"Does not affect the content security level": "İçerik güvenlik düzeyini etkilemez",
			"Enable loading content over http": "Http üzerinden içerik yüklemeyi etkinleştirin",
			"Enable loading content over http served from localhost": "localhost'tan sunulan http üzerinden içerik yüklemeyi etkinleştirin",
			"Enable preview security warnings in this workspace": "Bu çalışma alanında önizleme güvenlik uyarılarını etkinleştir",
			"Exclude '{0}' from link validation.": "'{0}' öğesini bağlantı doğrulamasından dışlayın.",
			"Extract to link definition": "Bağlantı tanımına ayıklayın",
			"File does not exist at path: {0}": "Dosya yolda yok: {0}",
			"Find file references failed. No resource provided.": "Dosya başvuruları bulunamadı. Kaynak sağlanmadı.",
			"Finding file references": "Dosya başvuruları bulunuyor",
			"Follow link": "Bağlantıyı izle",
			"Go to link definition": "Bağlantı tanımına gidin",
			"Header does not exist in file: {0}": "Üst bilgi dosyada yok: {0}",
			"Insert Markdown Audio": "Markdown Sesi Ekle",
			"Insert Markdown Image": "Markdown Görüntüsü Ekle",
			"Insert Markdown Images": "Markdown Görüntüleri Ekle",
			"Insert Markdown Images and Links": "Markdown Görüntüleri ve Bağlantıları Ekle",
			"Insert Markdown Link": "Markdown Bağlantısı Ekle",
			"Insert Markdown Links": "Markdown Bağlantıları Ekle",
			"Insert Markdown Media": "Markdown Medyası Ekle",
			"Insert Markdown Media and Images": "Markdown Medyası ve Görüntüleri Ekle",
			"Insert Markdown Media and Links": "Markdown Medyası ve Bağlantıları Ekle",
			"Insert Markdown Video": "Markdown Videosu Ekle",
			"Insert image": "Resim ekle",
			"Insert link": "Bağlantı ekle",
			"Link definition for '{0}' already exists": "'{0}' için bağlantı tanımı zaten var",
			"Link definition is unused": "Bağlantı tanımı kullanılmıyor",
			"Link is already a reference": "Bağlantı zaten bir başvuru",
			"Link is also defined here": "Bağlantı burada da tanımlandı",
			"Link to '# {0}' in '{1}'": "'{1}' içinde '# {0}' bağlantısı",
			"Link to '{0}'": "'{0}' bağlantısı",
			"Markdown Language Server": "Markdown Dili Sunucusu",
			"Media": "Medya",
			"More Information": "Daha Fazla Bilgi",
			"Never": "Hiçbir Zaman",
			"No": "Hayır",
			"No header found: '{0}'": "Üst bilgi bulunamadı: '{0}'",
			"No link definition found: '{0}'": "Bağlantı tanımı bulunamadı: '{0}'",
			"Not on link": "Bağlantıda değil",
			"Only load secure content": "Yalnızca güvenli içeriği yükleyin",
			"Paste and update pasted links": "Yapıştırılan bağlantıları yapıştır ve güncelleştir",
			"Potentially unsafe or insecure content has been disabled in the Markdown preview. Change the Markdown preview security setting to allow insecure content or enable scripts": "Markdown önizlemesinde güvenli olmayabilecek içerik devre dışı bırakıldı. Güvenli olmayan içeriğe izin vermek veya betikleri etkinleştirmek için Markdown önizlemesi güvenlik ayarını değiştirin",
			"Preview {0}": "{0} önizlemesi",
			"Reference link '{0}'": "Başvuru bağlantısı '{0}'",
			"Remove duplicate link definition": "Yinelenen bağlantı tanımını kaldırın",
			"Remove unused link definition": "Kullanılmayan bağlantı tanımını kaldır",
			"Renaming is not supported here. Try renaming a header or link.": "Yeniden adlandırma burada desteklenmiyor. Bir başlığı veya bağlantıyı yeniden adlandırmayı deneyin.",
			"Select security settings for Markdown previews in this workspace": "Bu çalışma alanında Markdown önizlemeleri güvenlik ayarlarını seçin",
			"Some content has been disabled in this document": "Bu belgedeki içeriğin bir kısmı devre dışı bırakıldı",
			"Strict": "Katı",
			"Update Markdown links for '{0}'?": "'{0}' için Markdown bağlantıları güncelleştirilsin mi?",
			"Update Markdown links for the following {0} files?": "Aşağıdaki {0} dosya için Markdown bağlantıları güncelleştirilsin mi?",
			"Yes": "Evet",
			"[Preview] {0}": "[Önizleme] {0}",
			"{0} cannot be found": "{0} bulunamıyor"
		},
		"package": {
			"configuration.copyIntoWorkspace.mediaFiles": "Dış resim ve video dosyalarını çalışma alanına kopyalamayı dene.",
			"configuration.copyIntoWorkspace.never": "Dış dosyaları çalışma alanına kopyalama.",
			"configuration.markdown.copyFiles.destination": "Kopyala/yapıştır veya sürükle/bırak ile oluşturulan dosyaların yolunu ve dosya adını yapılandırır. Bu, yeni dosyanın oluşturulacağı hedef yol ile bir Markdown belgesi yoluyla eşleşen glob desenlerinin haritasıdır.\r\n\r\nHedef yol aşağıdaki değişkenleri kullanabilir:\r\n\r\n- '${documentDirName}' — Markdown belgesinin mutlak üst dizin yolu, ör. '/Users/me/myProject/docs'.\r\n- '${documentRelativeDirName}' — Markdown belgesinin göreli üst dizin yolu, ör. 'docs'. Dosya bir çalışma alanının parçası değilse bu, '${documentDirName}' ile aynıdır.\r\n- '${documentFileName}' — Markdown belgesinin tam dosya adı, ör. 'README.md'.\r\n- '${documentBaseName}' — Markdown belgesinin temel adı, ör. 'README'.\r\n- '${documentExtName}' — Markdown belgesinin uzantısı, ör. 'md'.\r\n- '${documentDirName}' — Markdown belgesinin mutlak yolu, ör. `/Users/me/myProject/docs/README.md`.\r\n- '${documentRelativeFilePath}' — Markdown belgesinin göreli yolu, ör. 'docs/README.md'. Dosya bir çalışma alanının parçası değilse bu, '${documentFilePath}' ile aynıdır.\r\n- '${documentWorkspaceFolder}' — Markdown belgesinin çalışma alanı klasörü, ör. '/Users/me/myProject'. Dosya bir çalışma alanının parçası değilse bu, '${documentDirName}' ile aynıdır.\r\n- '${fileName}' — Bırakılan dosyanın dosya adı, ör. 'image.png'.\r\n- '${fileExtName}' — Bırakılan dosyanın uzantısı, ör. 'png'.",
			"configuration.markdown.copyFiles.overwriteBehavior": "Bırakma veya yapıştırma ile oluşturulan dosyaların mevcut dosyaların üzerine yazılıp yazılmayacağını denetler.",
			"configuration.markdown.copyFiles.overwriteBehavior.nameIncrementally": "Aynı ada sahip bir dosya zaten varsa, dosya adına bir sayı ekle; örneğin: 'image.png', 'image-1.png' olur.",
			"configuration.markdown.copyFiles.overwriteBehavior.overwrite": "Aynı ada sahip bir dosya zaten varsa üzerine yaz.",
			"configuration.markdown.editor.drop.copyIntoWorkspace": "Markdown düzenleyicisine bırakılan çalışma alanı dışındaki dosyaların çalışma alanına kopyalanıp kopyalanmayacağını denetler.\r\n\r\nBırakılan dosyaların oluşturulacağı yeri yapılandırmak için '#markdown.copyFiles.destination#' kullanın.",
			"configuration.markdown.editor.drop.enabled": "Shift tuşunu basılı tutarken dosyaları Markdown düzenleyicisine bırakmayı etkinleştirin. \"#editor.dropIntoEditor.enabled#\" öğesinin etkinleştirilmesini gerektirir.",
			"configuration.markdown.editor.drop.enabled.always": "Markdown bağlantıları her zaman ekle.",
			"configuration.markdown.editor.drop.enabled.never": "Markdown bağlantıları hiçbir zaman oluşturma.",
			"configuration.markdown.editor.drop.enabled.smart": "Bir kod bloğuna veya başka bir özel öğeye bırakılmadığında varsayılan olarak akıllı Markdown bağlantıları oluşturun. Düz metin olarak veya Markdown bağlantıları olarak yapıştırma arasında geçiş yapmak için bırakma pencere öğesini kullan.",
			"configuration.markdown.editor.filePaste.audioSnippet": "Markdown'a ses eklerken kullanılan içerik parçacığı. Bu içerik parçacığı aşağıdaki değişkenleri kullanılabilir:\r\n- '${src}' — Ses dosyasının çözümlenen yolu.\r\n- '${title}' — Ses için kullanılan başlık. Bu değişken için otomatik olarak bir içerik parçacığı yer tutucusu oluşturulacak.",
			"configuration.markdown.editor.filePaste.copyIntoWorkspace": "Markdown düzenleyicisine yapıştırılan çalışma alanı dışındaki dosyaların çalışma alanına kopyalanıp kopyalanmayacağını denetler.\r\n\r\nKopyalanan dosyaların oluşturulacağı yeri yapılandırmak için '#markdown.copyFiles.destination#' kullanın.",
			"configuration.markdown.editor.filePaste.enabled": "Markdown bağlantıları oluşturmak için Markdown düzenleyicisine dosya yapıştırmayı etkinleştir. \"#editor.pasteAs.enabled#\" öğesinin etkinleştirilmesini gerektirir.",
			"configuration.markdown.editor.filePaste.enabled.always": "Markdown bağlantıları her zaman ekle.",
			"configuration.markdown.editor.filePaste.enabled.never": "Markdown bağlantıları hiçbir zaman oluşturma.",
			"configuration.markdown.editor.filePaste.enabled.smart": "Bir kod bloğuna veya başka bir özel öğeye yapıştırmadığınızda, akıllı bir şekilde varsayılan olarak Markdown bağlantıları oluşturun. Düz metin olarak veya Markdown bağlantıları olarak yapıştırma arasında geçiş yapmak için yapıştırma pencere öğesini kullan.",
			"configuration.markdown.editor.filePaste.videoSnippet": "Markdown'a video eklerken kullanılan içerik parçacığı. Bu içerik parçacığı aşağıdaki değişkenleri kullanılabilir:\r\n- '${src}' — Video dosyasının çözümlenen yolu.\r\n- '${title}' — Video için kullanılan başlık. Bu değişken için otomatik olarak bir içerik parçacığı yer tutucusu oluşturulacak.",
			"configuration.markdown.editor.pasteUrlAsFormattedLink.enabled": "URL'ler bir Markdown düzenleyicisine yapıştırıldığında Markdown bağlantılarının oluşturulup oluşturulmadığını denetler. '#editor.pasteAs.enabled#' etkinleştirilmesini gerektirir.",
			"configuration.markdown.editor.updateLinksOnPaste.enabled": "Markdown düzenleyicileri arasında kopyalanıp yapıştırılan bir metindeki bağlantıları ve başvuruları güncelleştiren yapıştırma seçeneğini etkinleştirin/devre dışı bırakın.\r\n\r\nBu özelliği kullanmak için, güncelleştirilebilir bağlantılar içeren metni yapıştırdıktan sonra Yapıştırma Pencere Öğesine tıklayıp ve `Yapıştır ve yapıştırılan bağlantıları güncelleştir` seçeneğini belirleyin.",
			"configuration.markdown.links.openLocation.beside": "Bağlantıları etkin düzenleyicinin yanında aç.",
			"configuration.markdown.links.openLocation.currentGroup": "Bağlantıları etkin düzenleyici grubunda aç.",
			"configuration.markdown.links.openLocation.description": "Markdown dosyalarındaki bağlantıların açılacağı yeri denetler.",
			"configuration.markdown.occurrencesHighlight.enabled": "Geçerli belgede bağlantı oluşumlarını vurgulamayı etkinleştirin.",
			"configuration.markdown.preferredMdPathExtensionStyle": "Markdown dosyalarına bağlantılar için dosya uzantılarının (ör. `.md`) eklenip eklenmeyeceğini denetler. Bu ayar, yol tamamlama veya dosya yeniden adlandırma gibi araçlarla dosya yolları eklendiğinde kullanılır.",
			"configuration.markdown.preferredMdPathExtensionStyle.auto": "Mevcut yollar için dosya uzantısı stilini korumaya çalışın. Yeni yollar için dosya uzantıları ekleyin.",
			"configuration.markdown.preferredMdPathExtensionStyle.includeExtension": "Dosya uzantısını dahil etmeyi tercih edin. Örneğin, `file.md` adlı bir dosyanın yol tamamlamaları `file.md` ekleyecektir.",
			"configuration.markdown.preferredMdPathExtensionStyle.removeExtension": "Dosya uzantısını kaldırmayı tercih edin. Örneğin, `file.md` adlı bir dosyanın yol tamamlamaları, `.md` olmadan `file` ekleyecektir.",
			"configuration.markdown.preview.openMarkdownLinks.description": "Markdown önizlemesinde diğer Markdown dosyalarına yönelik bağlantıların nasıl açılacağını denetler.",
			"configuration.markdown.preview.openMarkdownLinks.inEditor": "Bağlantıları düzenleyicide açmayı deneyin.",
			"configuration.markdown.preview.openMarkdownLinks.inPreview": "Bağlantıları Markdown önizlemesinde açmayı deneyin.",
			"configuration.markdown.suggest.paths.enabled.description": "Markdown dosyalarında bağlantı yazarken yol önerilerini etkinleştirin.",
			"configuration.markdown.suggest.paths.includeWorkspaceHeaderCompletions": "Geçerli çalışma alanındaki diğer Markdown dosyalarında bulunan üst bilgi önerileri etkinleştir. Bu önerilerden birinin kabul edilmesi, söz konusu dosyadaki üst bilginin tam yolunu ekler. Örneğin: `[bağlantı metni](/path/to/file.md#header)`.",
			"configuration.markdown.suggest.paths.includeWorkspaceHeaderCompletions.never": "Çalışma alanı üst bilgisi önerilerini devre dışı bırakın.",
			"configuration.markdown.suggest.paths.includeWorkspaceHeaderCompletions.onDoubleHash": "Bir yola '##' yazdıktan sonra çalışma alanı üst bilgisi önerilerini etkinleştir. Örneğin: '[bağlantı metni](##'.",
			"configuration.markdown.suggest.paths.includeWorkspaceHeaderCompletions.onSingleOrDoubleHash": "Bir yola '##' veya '#' yazdıktan sonra çalışma alanı üst bilgisi önerilerini etkinleştir. Örneğin: '[bağlantı metni](#' veya '[bağlantı metni](##'.",
			"configuration.markdown.updateLinksOnFileMove.enableForDirectories": "Çalışma alanında bir dizin taşındığında veya yeniden adlandırıldığında bağlantıları güncelleştirmeyi etkinleştirin.",
			"configuration.markdown.updateLinksOnFileMove.enabled": "Çalışma alanında bir dosya yeniden adlandırıldığında/taşındığında Markdown dosyalarındaki bağlantıları güncelleştirmeyi deneyin. Hangi dosyaların bağlantı güncelleştirmelerini tetiklediğini yapılandırmak için `#markdown.updateLinksOnFileMove.include#` kullanın.",
			"configuration.markdown.updateLinksOnFileMove.enabled.always": "Bağlantıları her zaman otomatik olarak güncelleştir.",
			"configuration.markdown.updateLinksOnFileMove.enabled.never": "Bağlantıyı güncelleştirmeyi hiçbir zaman deneme ve sorma.",
			"configuration.markdown.updateLinksOnFileMove.enabled.prompt": "Her dosya taşıma işleminde sor.",
			"configuration.markdown.updateLinksOnFileMove.include": "Otomatik bağlantı güncelleştirmelerini tetikleyen dosyaları belirten glob desenleri. Bu özellik ile ilgili ayrıntılar için bkz. `#markdown.updateLinksOnFileMove.enabled#`.",
			"configuration.markdown.updateLinksOnFileMove.include.property": "Dosya yollarının eşleştirileceği glob deseni. Deseni etkinleştirmek için true olarak ayarlayın.",
			"configuration.markdown.validate.duplicateLinkDefinitions.description": "Geçerli dosyadaki yinelenen tanımları doğrulayın.",
			"configuration.markdown.validate.enabled.description": "Markdown dosyalarındaki tüm hata bildirimlerini etkinleştirin.",
			"configuration.markdown.validate.fileLinks.enabled.description": "Markdown dosyalarındaki diğer dosyalara olan bağlantıları doğrulayın, örneğin `[bağ](/path/to/file.md)`. Bu, hedef dosyaların var olup olmadığını kontrol eder. \"#markdown.validate.enabled#\" öğesinin etkinleştirilmesini gerektirir.",
			"configuration.markdown.validate.fileLinks.markdownFragmentLinks.description": "Markdown dosyalarındaki diğer dosyalardaki başlıklara bağlantıların parça kısmını doğrulayın, örneğin: \"[link](/path/to/file.md#header)\". Varsayılan olarak \"#markdown.validate.fragmentLinks.enabled#\" öğesinden ayar değerini devralır.",
			"configuration.markdown.validate.fragmentLinks.enabled.description": "Geçerli Markdown dosyasındaki başlıklara parça bağlantılarını doğrulayın, örneğin: \"[link](#header)\". \"#markdown.validate.enabled#\" öğesinin etkinleştirilmesini gerektirir.",
			"configuration.markdown.validate.ignoredLinks.description": "Doğrulanmaması gereken bağlantıları yapılandırın. Örneğin, `/about` öğesini eklemek `[hakkında](/about)` bağlantısını etkinleştirmez ancak `/assets/**/*.svg` globu `assets` dizini altındaki `.svg` dosyalarına bağlantıların doğrulamasını atlamanıza izin verir.",
			"configuration.markdown.validate.referenceLinks.enabled.description": "Markdown dosyalarındaki referans bağlantılarını doğrulayın, örneğin: \"[bağ][başvuru]\". \"#markdown.validate.enabled#\" öğesinin etkinleştirilmesini gerektirir.",
			"configuration.markdown.validate.unusedLinkDefinitions.description": "Geçerli dosyada kullanılmayan bağlantı tanımlarını doğrulayın.",
			"configuration.pasteUrlAsFormattedLink.always": "Markdown bağlantıları her zaman ekle.",
			"configuration.pasteUrlAsFormattedLink.never": "Markdown bağlantıları hiçbir zaman oluşturma.",
			"configuration.pasteUrlAsFormattedLink.smart": "Bir kod bloğuna veya başka bir özel öğeye yapıştırmadığınızda, akıllı bir şekilde varsayılan olarak Markdown bağlantıları oluşturun. Düz metin olarak veya Markdown bağlantıları olarak yapıştırma arasında geçiş yapmak için yapıştırma pencere öğesini kullan.",
			"configuration.pasteUrlAsFormattedLink.smartWithSelection": "Seçtiğiniz metni bir kod bloğuna veya başka bir özel öğeye yapıştırmadığınızda, akıllı bir şekilde varsayılan olarak Markdown bağlantıları oluşturun. Düz metin olarak veya Markdown bağlantıları olarak yapıştırma arasında geçiş yapmak için yapıştırma pencere öğesini kullanın.",
			"description": "Markdown için zengin dil desteği sağlar.",
			"displayName": "Markdown Dili Özellikleri",
			"markdown.copyImage.title": "Resmi Kopyala",
			"markdown.editor.insertImageFromWorkspace": "Çalışma Alanından Resim Ekle",
			"markdown.editor.insertLinkFromWorkspace": "Çalışma Alanında Dosyaya Bağlantı Ekle",
			"markdown.findAllFileReferences": "Dosya Başvurularını Bul",
			"markdown.preview.breaks.desc": "Markdown önizlemesinde satır sonlarının nasıl işleneceğini ayarlar. 'true' olarak ayarlanması paragraflardaki yeni satırlar için bir `<br>` oluşturur.",
			"markdown.preview.doubleClickToSwitchToEditor.desc": "Düzenleyiciye geçmek için Markdown önizlemesine çift tıklayın.",
			"markdown.preview.fontFamily.desc": "Markdown önizlemesinde kullanılan yazı tipi ailesini denetler.",
			"markdown.preview.fontSize.desc": "Markdown önizlemesinde kullanılan yazı tipi boyutunu piksel cinsinden denetler.",
			"markdown.preview.lineHeight.desc": "Markdown önizlemesinde kullanılan satır yüksekliğini denetler. Bu sayı, yazı tipi boyutuna görelidir.",
			"markdown.preview.linkify": "Markdown önizlemesinde URL benzeri metni bağlantılara dönüştürün.",
			"markdown.preview.markEditorSelection.desc": "Markdown önizlemesinde geçerli düzenleyici seçimini işaretleyin.",
			"markdown.preview.refresh.title": "Önizlemeyi Yenile",
			"markdown.preview.scrollEditorWithPreview.desc": "Markdown önizlemesi kaydırıldığında düzenleyicinin görünümünü güncelleştirin.",
			"markdown.preview.scrollPreviewWithEditor.desc": "Markdown düzenleyicisi kaydırıldığında önizlemenin görünümünü güncelleştirin.",
			"markdown.preview.title": "Önizlemeyi Aç",
			"markdown.preview.toggleLock.title": "Önizleme Kilitlemeyi Aç/Kapat",
			"markdown.preview.typographer": "Markdown önizlemesinde dilden bağımsız bazı değiştirmeleri ve tırnak iyileştirmeyi etkinleştirin.",
			"markdown.previewSide.title": "Önizlemeyi Yanda Aç",
			"markdown.server.log.desc": "Markdown dil sunucusunun günlük kaydı düzeyini denetler.",
			"markdown.showLockedPreviewToSide.title": "Kilitli Önizlemeyi Yanda Aç",
			"markdown.showPreviewSecuritySelector.title": "Önizleme Güvenlik Ayarlarını Değiştir",
			"markdown.showSource.title": "Kaynağı Göster",
			"markdown.styles.dec": "Markdown önizlemesinden kullanılacak CSS stil sayfaları için URL'lerin veya yerel yolların listesi. Göreli yollar, Gezginde açık olan klasöre göre yorumlanır. Açık klasör yoksa Markdown dosyasının konumuna göre yorumlanırlar. Tüm '\\' karakterleri '\\\\' olarak yazılmalıdır.",
			"markdown.trace.extension.desc": "Markdown uzantısı için hata ayıklama günlüğünü etkinleştirin.",
			"markdown.trace.server.desc": "VS Code ile Markdown dili sunucusu arasındaki iletişimi izler.",
			"workspaceTrust": "Çalışma alanında yapılandırılan stilleri yüklemek için gereklidir."
		}
	}
}