{
	"": [
		"--------------------------------------------------------------------------------------------",
		"Copyright (c) Microsoft Corporation. All rights reserved.",
		"Licensed under the MIT License. See License.txt in the project root for license information.",
		"--------------------------------------------------------------------------------------------",
		"Do not edit this file. It is machine generated."
	],
	"version": "1.0.0",
	"contents": {
		"bundle": {
			"Could not find a valid npm script at the selection.": "Un script npm valide est introuvable à la sélection.",
			"Debug": "Déboguer",
			"Debug Script": "Script de débogage",
			"Default bower.json": "Fichier bower.json par défaut",
			"Default package.json": "Fichier package.json par défaut",
			"Do not show again": "Ne plus afficher",
			"Latest version: {0}": "Dernière version : {0}",
			"Latest version: {0} published {1}": "Dernière version : {0} publiée {1}",
			"Learn more": "En savoir plus",
			"Matches the most recent major version (1.x.x)": "Correspond à la version majeure la plus récente (1.x.x)",
			"Matches the most recent minor version (1.2.x)": "Correspond à la version mineure la plus récente (1.2.x)",
			"No scripts found.": "Aucun script trouvé.",
			"Npm task detection: failed to parse the file {0}": "Détection de tâche npm : échec de l'analyse du fichier {0}",
			"Request to the NPM repository failed: {0}": "Échec de la requête destinée au dépôt NPM : {0}",
			"Request to the bower repository failed: {0}": "Échec de la requête destinée au dépôt bower : {0}",
			"Run Script": "Exécuter le script",
			"Run the script as a task": "Exécuter le script comme tâche",
			"Runs the script under the debugger": "Exécute le script avec le débogueur",
			"The currently latest version of the package": "Dernière version du package",
			"The setting \"npm.autoDetect\" is \"off\".": "Le paramètre \"npm.autoDetect\" est \"off\".",
			"Using {0} as the preferred package manager. Found multiple lockfiles for {1}.  To resolve this issue, delete the lockfiles that don't match your preferred package manager or change the setting \"npm.packageManager\" to a value other than \"auto\".": "Utilisation de {0} comme gestionnaire de package favori. Plusieurs fichiers de verrouillage ont été trouvés pour {1}. Pour résoudre ce problème, supprimez les fichiers de verrouillage qui ne correspondent pas à votre gestionnaire de package préféré ou remplacez le paramètre « npm.packageManager » par une valeur autre que « auto ».",
			"in {0}": "dans {0}",
			"latest": "Plus récent",
			"now": "maintenant",
			"{0} day": "{0} jour",
			"{0} day ago": "Il y a {0} jours",
			"{0} days": "{0} jours",
			"{0} days ago": "Il y a {0} jours",
			"{0} hour": "{0}heure",
			"{0} hour ago": "il y a {0} heure",
			"{0} hours": "{0} heures",
			"{0} hours ago": "il y a {0} heures",
			"{0} hr": "{0} heure",
			"{0} hr ago": "Il y a {0} heure",
			"{0} hrs": "{0} h",
			"{0} hrs ago": "il y a {0} heures",
			"{0} min": "{0} minute",
			"{0} min ago": "Il y a {0} minute",
			"{0} mins": "{0} minutes",
			"{0} mins ago": "Il y a {0} minutes",
			"{0} minute": "{0} minute",
			"{0} minute ago": "Il y {0} minute",
			"{0} minutes": "{0} minutes",
			"{0} minutes ago": "il y a {0} minutes",
			"{0} mo": "{0} mois",
			"{0} mo ago": "Il y a {0} mois",
			"{0} month": "{0} mois",
			"{0} month ago": "Il y a {0} mois",
			"{0} months": "{0} mois",
			"{0} months ago": "Il y a {0} mois",
			"{0} mos": "{0} mois",
			"{0} mos ago": "Il y a {0} mois",
			"{0} sec": "{0} s",
			"{0} sec ago": "Il y a {0} seconde",
			"{0} second": "{0} seconde",
			"{0} second ago": "Il y a {0} seconde",
			"{0} seconds": "{0} secondes",
			"{0} seconds ago": "Il y a {0} secondes",
			"{0} secs": "{0} secondes",
			"{0} secs ago": "Il y a {0} secondes",
			"{0} week": "{0} semaine(s)",
			"{0} week ago": "il y a {0} semaines",
			"{0} weeks": "{0} semaines",
			"{0} weeks ago": "il y a {0} semaines",
			"{0} wk": "{0} semaine",
			"{0} wk ago": "Il y a {0} semaine",
			"{0} wks": "{0} semaines",
			"{0} wks ago": "Il y a {0} semaines",
			"{0} year": "{0} an",
			"{0} year ago": "il y a {0} an",
			"{0} years": "{0} ans",
			"{0} years ago": "Il y a {0} ans",
			"{0} yr": "{0} an",
			"{0} yr ago": "Il y a {0} an",
			"{0} yrs": "{0} ans",
			"{0} yrs ago": "Il y a {0} ans"
		},
		"package": {
			"command.debug": "Déboguer",
			"command.openScript": "Ouvrir",
			"command.packageManager": "Obtenir le Gestionnaire de package configuré",
			"command.refresh": "Actualiser",
			"command.run": "Exécuter",
			"command.runInstall": "Exécuter Install",
			"command.runScriptFromFolder": "Exécuter le script NPM dans un dossier...",
			"command.runSelectedScript": "Exécuter le script",
			"config.npm.autoDetect": "Contrôle si les scripts npm doivent être détectés automatiquement.",
			"config.npm.enableRunFromFolder": "Activez l'exécution de scripts NPM contenus dans un dossier du menu contextuel Explorer.",
			"config.npm.enableScriptExplorer": "Activez une vue explorateur pour les scripts npm en l'absence d'un fichier 'package.json' de haut niveau.",
			"config.npm.exclude": "Configurer les profils glob pour les dossiers qui doivent être exclus de la détection de script automatique.",
			"config.npm.fetchOnlinePackageInfo": "Récupérez des données à partir de https://registry.npmjs.org et https://registry.bower.io pour l'auto-complétion et obtenir des informations concernant les fonctionnalités de pointage sur les dépendances npm.",
			"config.npm.packageManager": "Gestionnaire de package utilisé pour exécuter des scripts.",
			"config.npm.packageManager.auto": "Détectez automatiquement le gestionnaire de package à utiliser pour l'exécution des scripts en fonction des fichiers de verrouillage et des gestionnaires de packages installés.",
			"config.npm.packageManager.bun": "Utilisez bun comme gestionnaire de packages pour exécuter des scripts.",
			"config.npm.packageManager.npm": "Utilisez npm en tant que gestionnaire de package pour l'exécution des scripts.",
			"config.npm.packageManager.pnpm": "Utilisez pnpm en tant que gestionnaire de package pour l'exécution des scripts.",
			"config.npm.packageManager.yarn": "Utilisez YARN en tant que gestionnaire de package pour l'exécution des scripts.",
			"config.npm.runSilent": "Exécutez les commandes npm avec l'option `--silent`.",
			"config.npm.scriptExplorerAction": "Action de clic par défaut utilisée dans l’explorateur de scripts NPM : 'open' ou 'run'. La valeur par défaut est 'open'.",
			"config.npm.scriptExplorerExclude": "Tableau d’expressions régulières qui indiquent quels scripts doivent être exclus de la vue Scripts NPM.",
			"config.npm.scriptHover": "Affichez le pointage avec les commandes 'Exécuter' et 'Déboguer' pour les scripts.",
			"description": "Extension pour ajouter une prise en charge des tâches pour les scripts npm.",
			"displayName": "Prise en charge de Npm pour VS Code",
			"npm.parseError": "Détection de tâche npm : échec de l'analyse du fichier {0}",
			"taskdef.path": "Chemin de dossier du fichier package.json qui fournit le script. Peut être ignoré.",
			"taskdef.script": "Le script npm à personnaliser.",
			"view.name": "Scripts npm",
			"virtualWorkspaces": "Les fonctionnalités qui nécessitent l’exécution de la commande « npm » ne sont pas disponibles dans les espaces de travail virtuels.",
			"workspaceTrust": "Cette extension exécute des tâches qui nécessitent une approbation pour s’exécuter."
		}
	}
}