{
	"": [
		"--------------------------------------------------------------------------------------------",
		"Copyright (c) Microsoft Corporation. All rights reserved.",
		"Licensed under the MIT License. See License.txt in the project root for license information.",
		"--------------------------------------------------------------------------------------------",
		"Do not edit this file. It is machine generated."
	],
	"version": "1.0.0",
	"contents": {
		"bundle": {
			"Emmet Abbreviation": "Abbreviazione Emmet",
			"Enter Abbreviation": "Immettere l'abbreviazione",
			"Invalid emmet.variables field. See https://code.visualstudio.com/docs/editor/emmet#_emmet-configuration for a valid example.": "Campo emmet.variables non valido. Per un esempio valido, vedere https://code.visualstudio.com/docs/editor/emmet#_emmet-configuration.",
			"Invalid snippets file. See https://code.visualstudio.com/docs/editor/emmet#_using-custom-emmet-snippets for a valid example.": "File di frammenti non valido. Per un esempio valido, vedere https://code.visualstudio.com/docs/editor/emmet#_using-custom-emmet-snippets.",
			"Invalid syntax profile. See https://code.visualstudio.com/docs/editor/emmet#_emmet-configuration for a valid example.": "Profilo di sintassi non valido. Per un esempio valido, vedere https://code.visualstudio.com/docs/editor/emmet#_emmet-configuration."
		},
		"package": {
			"command.balanceIn": "Corrispondenza (interna)",
			"command.balanceOut": "Corrispondenza (esterna)",
			"command.decrementNumberByOne": "Riduci di 1",
			"command.decrementNumberByOneTenth": "Riduci di 0,1",
			"command.decrementNumberByTen": "Riduci di 10",
			"command.evaluateMathExpression": "Valuta espressione matematica",
			"command.incrementNumberByOne": "Aumenta di 1",
			"command.incrementNumberByOneTenth": "Aumenta di 0,1",
			"command.incrementNumberByTen": "Aumenta di 10",
			"command.matchTag": "Vai alla coppia corrispondente",
			"command.mergeLines": "Esegui merge delle righe",
			"command.nextEditPoint": "Vai al punto di modifica successivo",
			"command.prevEditPoint": "Vai al punto di modifica precedente",
			"command.reflectCSSValue": "Ricopia il valore CSS",
			"command.removeTag": "Rimuovi tag",
			"command.selectNextItem": "Seleziona l'elemento successivo",
			"command.selectPrevItem": "Seleziona l'elemento precedente",
			"command.showEmmetCommands": "Mostra comandi Emmet",
			"command.splitJoinTag": "Dividi/Unisci tag",
			"command.toggleComment": "Attiva/Disattiva commento",
			"command.updateImageSize": "Aggiorna dimensioni immagine",
			"command.updateTag": "Aggiorna tag",
			"command.wrapWithAbbreviation": "Esegui il wrapping con l'abbreviazione",
			"description": "Supporto Emmet per VS Code",
			"emmetExclude": "Una matrice di linguaggi dove le abbreviazioni Emmet non dovrebbero essere espanse.",
			"emmetExtensionsPath": "Matrice di percorsi in cui ogni percorso può contenere elementi syntaxProfile e/o file di frammento Emmet.\r\nIn caso di conflitto, i profili/frammenti dei percorsi successivi eseguiranno l'override di quelli dei percorsi precedenti.\r\nPer altre informazioni e per un file di frammento di esempio, vedere https://code.visualstudio.com/docs/editor/emmet.",
			"emmetExtensionsPathItem": "Percorso contenente elementi syntaxProfile e/o frammenti Emmet.",
			"emmetIncludeLanguages": "Abilita le abbreviazioni Emmet in linguaggi che non sono supportati per impostazione predefinita. Aggiungere qui un mapping tra il linguaggio e il linguaggio supportato da Emmet.\r\n Ad esempio: `{\"vue-html\": \"html\", \"javascript\": \"javascriptreact\"}`",
			"emmetOptimizeStylesheetParsing": "Se è impostato su `false`, l'intero file viene analizzato per determinare se la posizione corrente è valida per l'espansione delle abbreviazioni di Emmet. Se è impostato su `true`, viene analizzato solo il contenuto circostante alla posizione corrente nei file CSS/SCSS/Less.",
			"emmetPreferences": "Preferenze usate per modificare il comportamento di alcune azioni e i resolver di Emmet.",
			"emmetPreferencesAllowCompactBoolean": "Se è `true`, viene prodotta una notazione compatta degli attributi booleani.",
			"emmetPreferencesBemElementSeparator": "Separatore di elementi usati per le classi quando si usa il filtro BEM.",
			"emmetPreferencesBemModifierSeparator": "Separatore di modificatore usato per le classi quando si usa il filtro BEM.",
			"emmetPreferencesCssAfter": "Simbolo da inserire alla fine della proprietà CSS quando si espandono le abbreviazioni CSS.",
			"emmetPreferencesCssBetween": "Simbolo da inserire tra la proprietà CSS e il valore quando si espandono le abbreviazioni CSS.",
			"emmetPreferencesCssColorShort": "Se è `true`, i valori di colore come `#f` verranno espansi in `#fff` invece di `#ffffff`.",
			"emmetPreferencesCssFuzzySearchMinScore": "Il valore minimo (da 0 a 1) che dovrebbe raggiungere un'abbreviazione di fuzzy-match. I valori più bassi possono produrre molti falsi positivi, i valori più alti possono ridurre le possibili corrispondenze.",
			"emmetPreferencesCssMozProperties": "Proprietà CSS delimitate da virgola che assumono il prefisso 'moz' del fornitore quando vengono usate nelle abbreviazioni Emmet che iniziano per `-`. Per evitare sempre il prefisso 'moz', impostare su una stringa vuota.",
			"emmetPreferencesCssMsProperties": "Proprietà CSS delimitate da virgola che assumono il prefisso 'ms' del fornitore quando vengono usate nelle abbreviazioni Emmet che iniziano per `-`. Per evitare sempre il prefisso 'ms', impostare su una stringa vuota.",
			"emmetPreferencesCssOProperties": "Proprietà CSS delimitate da virgola che assumono il prefisso 'o' del fornitore quando vengono usate nelle abbreviazioni Emmet che iniziano per `-`. Per evitare sempre il prefisso 'o', impostare su una stringa vuota.",
			"emmetPreferencesCssWebkitProperties": "Proprietà CSS delimitate da virgola che assumono il prefisso 'webkit' del fornitore quando vengono usate in abbreviazioni Emmet che iniziano per `-`. Per evitare sempre il prefisso 'webkit', impostare su una stringa vuota.",
			"emmetPreferencesFilterCommentAfter": "Una definizione di commento che deve essere posizionato dopo l'elemento corrispondente quando viene applicato il filtro commenti.",
			"emmetPreferencesFilterCommentBefore": "Una definizione di commento che deve essere inserita prima dell'elemento corrispondente quando viene applicato il filtro commenti.",
			"emmetPreferencesFilterCommentTrigger": "Elenco delimitato da virgole di nomi di attributi che dovrebbero esistere come abbreviazione per il filtro commenti da applicare.",
			"emmetPreferencesFloatUnit": "Unità predefinita per i valori float.",
			"emmetPreferencesFormatForceIndentTags": "Matrice di nomi di tag a cui dovrebbe sempre essere applicato il rientro interno.",
			"emmetPreferencesFormatNoIndentTags": "Matrice di nomi di tag a cui non dovrebbe mai essere applicato il rientro interno.",
			"emmetPreferencesIntUnit": "Unità predefinita per i valori integer.",
			"emmetPreferencesOutputInlineBreak": "Numero di elementi inline di pari livello necessari per posizionare interruzioni di linea tra tali elementi. Se è `0`, gli elementi inline vengono sempre espansi su un'unica riga.",
			"emmetPreferencesOutputReverseAttributes": "Se `true`, inverte le direzioni di merge degli attributi durante la risoluzione dei frammenti.",
			"emmetPreferencesOutputSelfClosingStyle": "Stile dei tag di chiusura automatici: html (`<br>`), xml (`<br/>`) o xhtml (`<br />`).",
			"emmetPreferencesSassAfter": "Simbolo da inserire alla fine della proprietà CSS quando si espandono le abbreviazioni CSS nei file Sass.",
			"emmetPreferencesSassBetween": "Simbolo da inserire tra la proprietà CSS e il valore quando si espandono le abbreviazioni CSS nei file Sass.",
			"emmetPreferencesStylusAfter": "Simbolo da inserire alla fine della proprietà CSS quando si espandono le abbreviazioni CSS nei file Stylus.",
			"emmetPreferencesStylusBetween": "Simbolo da inserire tra la proprietà CSS e il valore quando si espandono le abbreviazioni CSS nei file Stylus.",
			"emmetShowAbbreviationSuggestions": "Mostra possibili abbreviazioni Emmet come suggerimenti. Non si applica a fogli di stile o quando emmet.showExpandedAbbreviation è impostato su \"never\".",
			"emmetShowExpandedAbbreviation": "Mostra le abbreviazioni Emmet espanse come suggerimenti.\r\nL'opzione `\"inMarkupAndStylesheetFilesOnly\"` si applica a html, haml, jade, slim, xml, xsl, css, scss, sass, less e stylus.\r\nL'opzione `\"always\"` si applica a tutte le parti del file indipendentemente da markup/css.",
			"emmetShowSuggestionsAsSnippets": "Se è true, i suggerimenti Emmet verranno visualizzati come frammenti consentendo di ordinarli in base all'impostazione `#editor.snippetSuggestions#`.",
			"emmetSyntaxProfiles": "Consente di definire il profilo per la sintassi specificata oppure di usare un profilo personalizzato con regole specifiche.",
			"emmetTriggerExpansionOnTab": "Se questa opzione è abilitata, le abbreviazioni Emmet vengono espanse quando si preme TAB, anche quando i completamenti non vengono visualizzati. Se questa opzione è disabilitata, i completamenti visualizzati possono essere comunque accettati premendo TAB.",
			"emmetUseInlineCompletions": "Se `vero`, Emmet userà i completamenti inline per suggerire espansioni. Per evitare che il fornitore di elementi di completamento non-inline appaia così spesso quando questa impostazione è `vero`, impostare `#editor.quickSuggestions#` su `inline` o `off` per l’elemento `altro`.",
			"emmetVariables": "Variabili da usare negli frammenti Emmet."
		}
	}
}