{
	"": [
		"--------------------------------------------------------------------------------------------",
		"Copyright (c) Microsoft Corporation. All rights reserved.",
		"Licensed under the MIT License. See License.txt in the project root for license information.",
		"--------------------------------------------------------------------------------------------",
		"Do not edit this file. It is machine generated."
	],
	"version": "1.0.0",
	"contents": {
		"bundle": {
			"Error validating custom environment setting: {0}": "Błąd podczas sprawdzania poprawności niestandardowego ustawienia środowiska: {0}",
			"Having trouble logging in?": "Masz problemy z zalogowaniem?",
			"Microsoft Account configuration has been changed.": "Konfiguracja konta Microsoft została zmieniona.",
			"Microsoft Authentication": "Uwierzytelnianie firmy Microsoft",
			"Microsoft Sovereign Cloud Authentication": "Uwierzytelnianie suwerennej chmury firmy Microsoft",
			"Open settings": "Otwórz ustawienia",
			"Paste authorization code here...": "Wklej tutaj kod autoryzacji...",
			"Provide the authorization code to complete the sign in flow.": "Podaj kod autoryzacji, aby ukończyć przepływ logowania.",
			"Reload": "Załaduj ponownie",
			"Signing in to Microsoft...": "Trwa logowanie do firmy Microsoft...",
			"Signing in to your account...": "Trwa logowanie do Twojego konta...",
			"The environment `{0}` is not a valid environment.": "Środowisko „{0}” nie jest prawidłowym środowiskiem.",
			"Would you like to try a different way to sign in to your Microsoft account? ({0})": "Czy chcesz wypróbować inny sposób logowania się do swojego konta Microsoft? ({0})",
			"Yes": "Tak",
			"You have been signed out because reading stored authentication information failed.": "Nastąpiło wylogowanie z powodu niepowodzenia odczytu przechowywanych informacji uwierzytelniania.",
			"You must also specify a custom environment in order to use the custom environment auth provider.": "Aby korzystać z dostawcy uwierzytelniania środowiska niestandardowego, musisz również określić środowisko niestandardowe."
		},
		"package": {
			"description": "Dostawca uwierzytelniania firmy Microsoft",
			"displayName": "Konto Microsoft",
			"microsoft-authentication.implementation.description": "Implementacja uwierzytelniania używana do logowania się przy użyciu konta Microsoft.",
			"microsoft-authentication.implementation.enumDescriptions.classic": "Użyj klasycznego przepływu uwierzytelniania, aby zalogować się przy użyciu konta Microsoft.",
			"microsoft-authentication.implementation.enumDescriptions.msal": "Użyj biblioteki Microsoft Authentication Library (MSAL), aby zalogować się przy użyciu konta Microsoft.",
			"microsoft-sovereign-cloud.customEnvironment.activeDirectoryEndpointUrl.description": "Punkt końcowy usługi Active Directory dla niestandardowej suwerennej chmury.",
			"microsoft-sovereign-cloud.customEnvironment.activeDirectoryResourceId.description": "Identyfikator zasobu usługi Active Directory dla niestandardowej suwerennej chmury.",
			"microsoft-sovereign-cloud.customEnvironment.description": "Niestandardowa konfiguracja dla suwerennej chmury do użycia z dostawcą uwierzytelniania suwerennej chmury firmy Microsoft. To wraz z ustawieniem `#microsoft-sovereign-cloud.environment#` na wartość „niestandardowa” jest wymagane do korzystania z tej funkcji.",
			"microsoft-sovereign-cloud.customEnvironment.managementEndpointUrl.description": "Punkt końcowy zarządzania dla niestandardowej suwerennej chmury.",
			"microsoft-sovereign-cloud.customEnvironment.name.description": "Nazwa niestandardowej suwerennej chmury.",
			"microsoft-sovereign-cloud.customEnvironment.portalUrl.description": "Adres URL portalu dla niestandardowej suwerennej chmury.",
			"microsoft-sovereign-cloud.customEnvironment.resourceManagerEndpointUrl.description": "Punkt końcowy menedżera zasobów dla niestandardowej suwerennej chmury.",
			"microsoft-sovereign-cloud.environment.description": "Suwerenna chmura, która ma być używana do uwierzytelniania. Jeśli wybierzesz wartość „niestandardowa”, musisz również ustawić wartość `#microsoft-sovereign-cloud.customEnvironment#`.",
			"microsoft-sovereign-cloud.environment.enumDescriptions.AzureChinaCloud": "Azure (Chiny) — 21Vianet",
			"microsoft-sovereign-cloud.environment.enumDescriptions.AzureUSGovernment": "Platforma Azure dla administracji Stanów Zjednoczone Ameryki",
			"microsoft-sovereign-cloud.environment.enumDescriptions.custom": "Niestandardowa suwerenna chmura firmy Microsoft",
			"signIn": "Zaloguj się",
			"signOut": "Wyloguj się"
		}
	}
}