{
	"": [
		"--------------------------------------------------------------------------------------------",
		"Copyright (c) Microsoft Corporation. All rights reserved.",
		"Licensed under the MIT License. See License.txt in the project root for license information.",
		"--------------------------------------------------------------------------------------------",
		"Do not edit this file. It is machine generated."
	],
	"version": "1.0.0",
	"contents": {
		"bundle": {
			"Could not find a valid npm script at the selection.": "Ve výběru se nepovedlo najít platný skript npm.",
			"Debug": "Ladit",
			"Debug Script": "Ladit skript",
			"Default bower.json": "Výchozí soubor bower.json",
			"Default package.json": "Výchozí soubor package.json",
			"Do not show again": "Už nezobrazovat",
			"Latest version: {0}": "Nejnovější verze: {0}",
			"Latest version: {0} published {1}": "Nejnovější verze: {0} publikována {1}",
			"Learn more": "Další informace",
			"Matches the most recent major version (1.x.x)": "Odpovídá nejnovější hlavní verzi (1.x.x).",
			"Matches the most recent minor version (1.2.x)": "Odpovídá nejnovější dílčí verzi (1.2.x).",
			"No scripts found.": "Nenašly se žádné skripty.",
			"Npm task detection: failed to parse the file {0}": "Zjištění úlohy npm: Nepovedlo se parsovat soubor {0}.",
			"Request to the NPM repository failed: {0}": "Požadavek na úložiště NPM selhal: {0}",
			"Request to the bower repository failed: {0}": "Požadavek na úložiště Bower selhal: {0}",
			"Run Script": "Spustit skript",
			"Run the script as a task": "Spustit skript jako úlohu",
			"Runs the script under the debugger": "Spustí skript v ladicím programu.",
			"The currently latest version of the package": "Aktuálně nejnovější verze balíčku",
			"The setting \"npm.autoDetect\" is \"off\".": "Nastavení npm.autoDetect má hodnotu off.",
			"Using {0} as the preferred package manager. Found multiple lockfiles for {1}.  To resolve this issue, delete the lockfiles that don't match your preferred package manager or change the setting \"npm.packageManager\" to a value other than \"auto\".": "{0} se používá jako preferovaný správce balíčků. Bylo nalezeno více funkcí lockfile pro {1}. Pokud chcete tento problém vyřešit, odstraňte funkce lockfile, které neodpovídají preferovanému správci balíčků, nebo změňte nastavení „npm.packageManager“ na jinou hodnotu než „auto“.",
			"in {0}": "za {0}",
			"latest": "nejnovější",
			"now": "teď",
			"{0} day": "{0} den",
			"{0} day ago": "Před {0} dnem",
			"{0} days": "{0} dny/dnů",
			"{0} days ago": "Před {0} dny",
			"{0} hour": "{0} hod.",
			"{0} hour ago": "před {0} hodinou",
			"{0} hours": "{0} hod",
			"{0} hours ago": "Před {0} hod.",
			"{0} hr": "{0} h",
			"{0} hr ago": "Před {0} h",
			"{0} hrs": "{0} h",
			"{0} hrs ago": "Před {0} h",
			"{0} min": "{0} min",
			"{0} min ago": "Před {0} minutou",
			"{0} mins": "{0} min",
			"{0} mins ago": "Před {0} mi.",
			"{0} minute": "{0} min.",
			"{0} minute ago": "před {0} min",
			"{0} minutes": "Počet minut: {0}",
			"{0} minutes ago": "před {0} minutami",
			"{0} mo": "{0} měs.",
			"{0} mo ago": "Před {0} měsícem",
			"{0} month": "{0} měsíc",
			"{0} month ago": "před {0} měs.",
			"{0} months": "{0} měsíců",
			"{0} months ago": "Před {0} měsíci",
			"{0} mos": "{0} měs.",
			"{0} mos ago": "Před {0} měs.",
			"{0} sec": "{0} s.",
			"{0} sec ago": "Před {0} sekundou",
			"{0} second": "Počet sekund: {0}",
			"{0} second ago": "před {0} s",
			"{0} seconds": "{0} s",
			"{0} seconds ago": "před {0} s",
			"{0} secs": "{0} s",
			"{0} secs ago": "Před {0} sekundami",
			"{0} week": "{0} týden",
			"{0} week ago": "před {0} týdnem",
			"{0} weeks": "Počet týdnů: {0}",
			"{0} weeks ago": "před {0} týd.",
			"{0} wk": "{0} týd.",
			"{0} wk ago": "Před {0} týd.",
			"{0} wks": "{0} týd.",
			"{0} wks ago": "Před {0} týd.",
			"{0} year": "{0} rok",
			"{0} year ago": "před {0} rokem",
			"{0} years": "{0} roky",
			"{0} years ago": "před {0} roky",
			"{0} yr": "{0} rok",
			"{0} yr ago": "Před {0} rokem",
			"{0} yrs": "{0} roky",
			"{0} yrs ago": "Před {0} roky"
		},
		"package": {
			"command.debug": "Ladit",
			"command.openScript": "Otevřít",
			"command.packageManager": "Získat nakonfigurovaného správce balíčků",
			"command.refresh": "Aktualizovat",
			"command.run": "Spustit",
			"command.runInstall": "Spustit instalaci",
			"command.runScriptFromFolder": "Spustit skript NPM ve složce...",
			"command.runSelectedScript": "Spustit skript",
			"config.npm.autoDetect": "Určuje, jestli mají být automaticky rozpoznány skripty npm.",
			"config.npm.enableRunFromFolder": "Povolit spouštění skriptů npm obsažených ve složce z místní nabídky průzkumníka",
			"config.npm.enableScriptExplorer": "Povolit zobrazení průzkumníka pro skripty npm, pokud není k dispozici žádný soubor package.json nejvyšší úrovně",
			"config.npm.exclude": "Nakonfigurovat vzory glob pro složky, které se mají vyloučit z automatického zjišťování skriptů",
			"config.npm.fetchOnlinePackageInfo": "Načíst data z https://registry.npmjs.org and https://registry.bower.io pro funkce automatického dokončování a zobrazení informací po umístění ukazatele myši pro závislosti npm",
			"config.npm.packageManager": "Správce balíčků, který se používá ke spouštění skriptů",
			"config.npm.packageManager.auto": "Podle souborů zámků a nainstalovaných správců balíčků automaticky zjišťovat, který správce balíčků se má použít ke spouštění skriptů",
			"config.npm.packageManager.bun": "Jako správce balíčků pro spouštění skriptů použít bun",
			"config.npm.packageManager.npm": "Použít ke spouštění skriptů jako správce balíčků npm",
			"config.npm.packageManager.pnpm": "Použít ke spouštění skriptů jako správce balíčků pnpm",
			"config.npm.packageManager.yarn": "Použít ke spouštění skriptů jako správce balíčků yarn",
			"config.npm.runSilent": "Spouštět příkazy npm s parametrem --silent",
			"config.npm.scriptExplorerAction": "Výchozí akce kliknutí, která se používá v Průzkumníkovi skriptů NPM: open nebo run. Výchozí nastavení je open.",
			"config.npm.scriptExplorerExclude": "Pole regulárních výrazů, které určuje, které skripty se mají vyloučit ze zobrazení skriptů NPM.",
			"config.npm.scriptHover": "Zobrazte najetí myší pomocí příkazů Spustit a Ladit pro skripty.",
			"description": "Rozšíření pro přidání podpory úloh pro skripty npm",
			"displayName": "Podpora NPM pro VS Code",
			"npm.parseError": "Zjištění úlohy npm: Nepovedlo se parsovat soubor {0}.",
			"taskdef.path": "Cesta ke složce se souborem package.json, který obsahuje skript. Lze vynechat.",
			"taskdef.script": "Skript npm, který se má přizpůsobit",
			"view.name": "Skripty NPM",
			"virtualWorkspaces": "Funkce, která vyžaduje spuštění příkazu npm, není ve virtuálních pracovních prostorech k dispozici.",
			"workspaceTrust": "Toto rozšíření provádí úlohy, které ke spuštění vyžadují vztah důvěryhodnosti."
		}
	}
}