{
	"": [
		"--------------------------------------------------------------------------------------------",
		"Copyright (c) Microsoft Corporation. All rights reserved.",
		"Licensed under the MIT License. See License.txt in the project root for license information.",
		"--------------------------------------------------------------------------------------------",
		"Do not edit this file. It is machine generated."
	],
	"version": "1.0.0",
	"contents": {
		"bundle": {
			"Emmet Abbreviation": "Emmet Kısaltması",
			"Enter Abbreviation": "Kısaltmayı girin",
			"Invalid emmet.variables field. See https://code.visualstudio.com/docs/editor/emmet#_emmet-configuration for a valid example.": "Geçersiz emmet.variables alanı. Geçerli bir örnek için bkz. https://code.visualstudio.com/docs/editor/emmet#_emmet-configuration.",
			"Invalid snippets file. See https://code.visualstudio.com/docs/editor/emmet#_using-custom-emmet-snippets for a valid example.": "Geçersiz snippets dosyası. Geçerli bir örnek için bkz. https://code.visualstudio.com/docs/editor/emmet#_using-custom-emmet-snippets.",
			"Invalid syntax profile. See https://code.visualstudio.com/docs/editor/emmet#_emmet-configuration for a valid example.": "Geçersiz söz dizimi profili. Geçerli bir örnek için bkz. https://code.visualstudio.com/docs/editor/emmet#_emmet-configuration."
		},
		"package": {
			"command.balanceIn": "Denge (içe doğru)",
			"command.balanceOut": "Denge (dışa doğru)",
			"command.decrementNumberByOne": "1 azalt",
			"command.decrementNumberByOneTenth": "0,1 azalt",
			"command.decrementNumberByTen": "10 azalt",
			"command.evaluateMathExpression": "Matematik İfadesini Değerlendir",
			"command.incrementNumberByOne": "1 artır",
			"command.incrementNumberByOneTenth": "0,1 artır",
			"command.incrementNumberByTen": "10 artır",
			"command.matchTag": "Eşleşen Çifte Git",
			"command.mergeLines": "Satırları Birleştir",
			"command.nextEditPoint": "Sonraki Düzenleme Noktasına Git",
			"command.prevEditPoint": "Önceki Düzenleme Noktasına Git",
			"command.reflectCSSValue": "CSS Değerini Yansıt",
			"command.removeTag": "Etiketi Kaldır",
			"command.selectNextItem": "Sonraki Öğeyi Seçin",
			"command.selectPrevItem": "Önceki Öğeyi Seçin",
			"command.showEmmetCommands": "Emmet Komutlarını Göster",
			"command.splitJoinTag": "Etiketi Böl/Birleştir",
			"command.toggleComment": "Açıklamayı Aç/Kapat",
			"command.updateImageSize": "Görüntü Boyutunu Güncelleştir",
			"command.updateTag": "Etiketi Güncelleştir",
			"command.wrapWithAbbreviation": "Kısaltmayla Kaydır",
			"description": "VS Code için Emmet desteği",
			"emmetExclude": "Emmet kısaltmalarının genişletilmemesi gereken bir dil dizisi.",
			"emmetExtensionsPath": "Her yolun Emmet syntaxProfiles ve/veya kod parçacığı dosyalarını içerebileceği bir dizi yol. \r\nÇakışma olması durumunda, sonraki yolların profilleri/kod parçacıkları önceki yolların profillerini geçersiz kılar. \r\nDaha fazla bilgi ve örnek kod parçacığı dosyası için https://code.visualstudio.com/docs/editor/emmet adresine bakın.",
			"emmetExtensionsPathItem": "Emmet syntaxProfiles ve/veya parçacıklarını içeren bir yol.",
			"emmetIncludeLanguages": "Varsayılan olarak desteklenmeyen dillerde Emmet kısaltmalarını etkinleştirin. Buraya, dil ve Emmet desteklenen dili arasına bir eşleme ekleyin.\r\n Örneğin: `{\"vue-html\": \"html\", \"javascript\": \"javascriptreact\"}`",
			"emmetOptimizeStylesheetParsing": "`false` olarak ayarlandığında geçerli konumun Emmet kısaltmaları için geçerli olup olmadığını belirlemek için tüm dosya ayrıştırılır. `true` olarak ayarlandığında yalnızca CSS/SCSS/Less dosyalarının geçerli konumundaki içerik ayrıştırılır.",
			"emmetPreferences": "Bazı Emmet eylemlerinin ve çözümleyicilerinin davranışını değiştirmek için kullanılan tercihler.",
			"emmetPreferencesAllowCompactBoolean": "`True` ise boolean özniteliklerinin kısaltılmış gösterimi oluşturulur.",
			"emmetPreferencesBemElementSeparator": "BEM filtresi kullanılırken sınıflar için kullanılan öğe ayırıcısı.",
			"emmetPreferencesBemModifierSeparator": "BEM filtresi kullanılırken sınıflar için kullanılan değiştirici ayırıcısı.",
			"emmetPreferencesCssAfter": "CSS kısaltmaları genişletilirken CSS özelliğinin sonuna yerleştirilecek sembol.",
			"emmetPreferencesCssBetween": "CSS kısaltmaları genişletilirken CSS özelliği ve değeri arasına yerleştirilecek sembol.",
			"emmetPreferencesCssColorShort": "`true` ise, `#f` gibi renk değerleri `#ffffff` yerine `#fff` olarak genişletilir.",
			"emmetPreferencesCssFuzzySearchMinScore": "Benzer olarak eşleşen kısaltmanın elde etmesi gereken en düşük puan (0 ile 1 arasında). Düşük değerler çok sayıda hatalı pozitif eşleşme üretebilir, daha yüksek değerler olası eşleşmeleri azaltabilir.",
			"emmetPreferencesCssMozProperties": "`-` ile başlayan Emmet kısaltması içinde kullanıldığında 'moz' satıcı ön ekini alan virgülle ayrılmış CSS özellikleri. 'moz' ön ekini her zaman önlemek için boş dize olarak ayarlayın.",
			"emmetPreferencesCssMsProperties": "`-` ile başlayan Emmet kısaltması içinde kullanıldığında 'ms' satıcı ön ekini alan virgülle ayrılmış CSS özellikleri. 'ms' ön ekini her zaman önlemek için boş dize olarak ayarlayın.",
			"emmetPreferencesCssOProperties": "`-` ile başlayan Emmet kısaltması içinde kullanıldığında 'o' satıcı ön ekini alan virgülle ayrılmış CSS özellikleri. 'o' ön ekini her zaman önlemek için boş dize olarak ayarlayın.",
			"emmetPreferencesCssWebkitProperties": "`-` ile başlayan Emmet kısaltması içinde kullanıldığında 'webkit' satıcı ön ekini alan virgülle ayrılmış CSS özellikleri. 'webkit' ön ekini her zaman önlemek için boş dize olarak ayarlayın.",
			"emmetPreferencesFilterCommentAfter": "Açıklama filtresi uygulandığında eşleşen öğeden sonra yerleştirilmesi gereken açıklamanın tanımı.",
			"emmetPreferencesFilterCommentBefore": "Açıklama filtresi uygulandığında eşleşen öğeden önce yerleştirilmesi gereken açıklamanın tanımı.",
			"emmetPreferencesFilterCommentTrigger": "Açıklama filtresinin uygulanması için kısaltmada mevcut olması gereken öznitelik adlarının virgülle ayrılmış listesi.",
			"emmetPreferencesFloatUnit": "Kayan noktalı değerler için varsayılan birim.",
			"emmetPreferencesFormatForceIndentTags": "Her zaman iç girinti alması gereken etiket adları dizisi.",
			"emmetPreferencesFormatNoIndentTags": "İç girinti almaması gereken etiket adları dizisi.",
			"emmetPreferencesIntUnit": "Tamsayı değerleri için varsayılan birim.",
			"emmetPreferencesOutputInlineBreak": "Satır içi öğeler arasına yerleştirilecek satır sonları için gereken eşdüzey satır içi öğe sayısı. `0` ise satır içi öğeler her zaman tek bir satıra genişletilir.",
			"emmetPreferencesOutputReverseAttributes": "`True` ise, parçacıkları çözümlerken öznitelik birleştirme yönlerini ters çevirir.",
			"emmetPreferencesOutputSelfClosingStyle": "Kendi kendine kapanan etiketlerin stili: html ('<br>'), xml ('<br/>') veya xhtml ('<br />').",
			"emmetPreferencesSassAfter": "Sass dosyalarında CSS kısaltmaları genişletilirken CSS özelliğinin sonuna yerleştirilecek sembol.",
			"emmetPreferencesSassBetween": "Sass dosyalarında CSS kısaltmaları genişletilirken CSS özelliği ve değeri arasına yerleştirilecek sembol.",
			"emmetPreferencesStylusAfter": "Stylus dosyalarında CSS kısaltmaları genişletilirken CSS özelliğinin sonuna yerleştirilecek sembol.",
			"emmetPreferencesStylusBetween": "Stylus dosyalarında CSS kısaltmaları genişletilirken CSS özelliği ve değeri arasına yerleştirilecek sembol.",
			"emmetShowAbbreviationSuggestions": "Olası Emmet kısaltmalarını öneri olarak gösterir. Stil sayfalarında veya emmet.showExpandedAbbreviation `\"hiçbir zaman\"` olarak ayarlandığında kullanılamaz.",
			"emmetShowExpandedAbbreviation": "Genişletilmiş Emmet kısaltmalarını öneri olarak gösterir.\r\n`\"inMarkupAndStylesheetFilesOnly\"` seçeneği html, haml, jade, slim, xml, xsl, css, scss, sass, less ve stylus için geçerlidir.\r\n`\"always\"` seçeneği markup/css'den bağımsız olarak dosyanın tüm bölümleri için geçerlidir.",
			"emmetShowSuggestionsAsSnippets": "Değeri `true` ise, Emmet önerileri, bunları `#editor.snippetSuggestions#` ayarına göre sıralayabilmeniz için parçacıklar olarak gösterilir.",
			"emmetSyntaxProfiles": "Belirtilen söz dizimi için profil tanımlayın veya belirli kurallarla kendi profilinizi kullanın.",
			"emmetTriggerExpansionOnTab": "Etkinleştirildiğinde, tamamlamalar görünmese bile SEKME tuşuna basıldığında Emmet kısaltmaları genişletilir. Devre dışı bırakıldığında, görünen tamamlamalar TAB tuşuna basılarak kabul edilebilir.",
			"emmetUseInlineCompletions": "'true' ise Emmet, genişletme önermek için satır içi tamamlamaları kullanır. Bu ayar 'true' olduğunda satır içi olmayan tamamlama öğesi sağlayıcısının sıklıkla görünmesini engellemek için '#editor.quickSuggestions#' öğesini 'other' öğesi için 'inline' veya 'off' olarak dönüştürün.",
			"emmetVariables": "Emmet parçacıkları içinde kullanılacak değişkenler."
		}
	}
}