{
	"": [
		"--------------------------------------------------------------------------------------------",
		"Copyright (c) Microsoft Corporation. All rights reserved.",
		"Licensed under the MIT License. See License.txt in the project root for license information.",
		"--------------------------------------------------------------------------------------------",
		"Do not edit this file. It is machine generated."
	],
	"version": "1.0.0",
	"contents": {
		"bundle": {
			"\"store\" a boolean test for later evaluation in a guard or if().": "나중에 가드 또는 if()에서 평가하기 위한 부울 테스트를 \"저장\"합니다.",
			"'from' expected": "'from' 필요",
			"'in' expected": "'in' 필요",
			"'through' or 'to' expected": "'through' 또는 'to' 필요",
			"'{0}'": "'{0}'",
			"( expected": "( 필요",
			") expected": ") 필요",
			"<undefined>": "<undefined>",
			"@font-face": "@font-face",
			"@font-face rule must define 'src' and 'font-family' properties": "@font-face 규칙은 'src' 및 'font-family' 속성을 정의해야 함",
			"@keyframes {0}": "@keyframes {0}",
			"A list of properties that are not validated against the `unknownProperties` rule.": "`unknownProperties` 규칙에 따라 유효성이 검사되지 않은 속성 목록입니다.",
			"Adds quotes to a string.": "문자열에 따옴표를 추가합니다.",
			"Also define the standard property '{0}' for compatibility": "호환성을 위해 표준 속성 '{0}'도 정의",
			"Always define standard rule '@keyframes' when defining keyframes.": "키프레임을 정의할 때 항상 표준 규칙 '@keyframes'를 정의합니다.",
			"Always include all vendor specific properties: Missing: {0}": "항상 모든 공급업체별 속성 포함: 누락: {0}",
			"Always include all vendor specific rules: Missing: {0}": "항상 모든 공급업체별 규칙 포함: 누락: {0}",
			"Appends a single value onto the end of a list.": "목록의 끝에 단일 값을 추가합니다.",
			"Appends selectors to one another without spaces in between.": "사이에 공백 없이 선택자를 서로 추가합니다.",
			"Avoid using !important. It is an indication that the specificity of the entire CSS has gotten out of control and needs to be refactored.": "!important는 사용하지 않도록 합니다. 이것은 전체 CSS의 특수성이 통제되지 않아 리팩터링해야 함을 나타냅니다.",
			"Avoid using 'float'. Floats lead to fragile CSS that is easy to break if one aspect of the layout changes.": "'float'를 사용하지 않도록 합니다. Float를 사용하면 레이아웃의 한쪽이 바뀔 경우 CSS가 쉽게 깨질 수 있습니다.",
			"CSS Language Server": "CSS 언어 서버",
			"CSS fix is outdated and can't be applied to the document.": "CSS 수정이 오래되어 문서에 적용할 수 없습니다.",
			"Causes one or more rules to be emitted at the root of the document.": "하나 이상의 규칙이 문서의 루트에서 내보내지도록 합니다.",
			"Changes one or more properties of a color.": "색상의 하나 이상의 속성을 변경합니다.",
			"Changes the alpha component for a color.": "색의 알파 구성 요소를 변경합니다.",
			"Changes the hue of a color.": "색의 색상을 변경합니다.",
			"Combines several lists into a single multidimensional list.": "여러 목록을 하나의 다차원 목록으로 결합합니다.",
			"Converts a color into the format understood by IE filters.": "색을 IE 필터에서 이해하는 형식으로 변환합니다.",
			"Converts a color to grayscale.": "색을 회색조로 변환합니다.",
			"Converts a string to lower case.": "문자열을 소문자로 변환합니다.",
			"Converts a string to upper case.": "문자열을 대문자로 변환합니다.",
			"Converts a unitless number to a percentage.": "단위 없는 숫자를 백분율로 변환합니다.",
			"Creates a Color from hue, saturation, and lightness values.": "색상, 채도 및 밝기 값으로 색을 만듭니다.",
			"Creates a Color from hue, saturation, lightness, and alpha values.": "색상, 채도, 밝기 및 알파 값으로 색을 만듭니다.",
			"Creates a Color from hue, white, and black values.": "색상, 흰색 및 검은색 값으로 색을 만듭니다.",
			"Creates a Color from lightness, a, and b values.": "밝기, a 및 b 값으로 색을 만듭니다.",
			"Creates a Color from lightness, chroma, and hue values.": "밝기, 색 및 색상 값에서 색을 만듭니다.",
			"Creates a Color from red, green, and blue values.": "빨간색, 녹색 및 파란색 값으로 색을 만듭니다.",
			"Creates a Color from red, green, blue, and alpha values.": "빨간색, 녹색, 파란색 및 알파 값으로 색을 만듭니다.",
			"Creates a Color from the hue, saturation, and lightness values of another Color.": "다른 색의 색상, 채도 및 밝기 값에서 색을 만듭니다.",
			"Creates a Color from the hue, white, and black values of another Color.": "다른 색의 색상, 흰색 및 검은색 값으로 색을 만듭니다.",
			"Creates a Color from the lightness, a, and b values of another Color.": "다른 색의 밝기, a 및 b 값으로 색을 만듭니다.",
			"Creates a Color from the lightness, chroma, and hue values of another Color.": "다른 색의 밝기, 색 및 색상 값으로 색을 만듭니다.",
			"Creates a Color from the red, green, and blue values of another Color.": "다른 색의 빨간색, 녹색 및 파란색 값으로 색을 만듭니다.",
			"Creates a Color in a specific color space from red, green, and blue values.": "빨간색, 녹색 및 파란색 값으로 특정 색 공간에 색을 만듭니다.",
			"Creates a Color in a specific color space from the red, green, and blue values of another Color.": "다른 색의 빨강, 녹색 및 파랑 값에서 특정 색 공간에 색을 만듭니다.",
			"Defines complex operations that can be re-used throughout stylesheets.": "스타일시트 전체에서 재사용할 수 있는 복잡한 작업을 정의합니다.",
			"Defines styles that can be re-used throughout the stylesheet with `@include`.": "'@include'을 사용하여 스타일시트 전체에서다시 사용할 수 있는 스타일을 정의합니다.",
			"Do not use duplicate style definitions": "중복된 스타일 정의를 사용하지 말 것",
			"Do not use empty rulesets": "빈 규칙 집합 사용 금지",
			"Do not use width or height when using padding or border": "패딩 또는 테두리를 사용하는 경우 너비 또는 높이를 사용하지 마세요.",
			"Dynamically calls a Sass function.": "Sass 함수를 동적으로 호출합니다.",
			"Each loop that sets `$var` to each item in the list or map, then outputs the styles it contains using that value of `$var`.": "목록 또는 맵의 각 항목에 `$var`를 설정한 다음 `$var` 값을 사용하여 포함된 스타일을 출력하는 각 루프.",
			"Exposes the details of Sass’s inner workings.": "Sass의 내부 작업에 대한 세부 정보를 공개합니다.",
			"Extends $extendee with $extender within $selector.": "$selector 내에서 $extender로 $extendee를 확장합니다.",
			"Extracts a substring from $string.": "$string에서 substring을 추출합니다.",
			"Failed to apply CSS fix to the document. Please consider opening an issue with steps to reproduce.": "문서에 CSS 수정 사항을 적용하지 못했습니다. 단계별 실행으로 재현하여 문제를 여는 것이 좋습니다.",
			"Finds the maximum of several numbers.": "여러 숫자의 최대값을 찾습니다.",
			"Finds the minimum of several numbers.": "여러 숫자의 최소값을 찾습니다.",
			"Fluidly scales one or more properties of a color.": "색의 한 개 이상의 속성을 유동적으로 조정합니다.",
			"Folding Region End": "접기 영역 끝",
			"Folding Region Start": "접는 영역 시작",
			"For loop that repeatedly outputs a set of styles for each `$var` in the `from/through` or `from/to` clause.": "`from/through` 또는 `from/to` 절에서 각 `$var`에 대한 스타일 세트를 반복적으로 출력하는 For 루프입니다.",
			"Generates new colors based on existing ones, making it easy to build color themes.": "기존 색을 기반으로 새 색을 생성하여 색 테마를 쉽게 빌드할 수 있습니다.",
			"Gets the blue component of a color.": "색의 파란색 구성 요소를 가져옵니다.",
			"Gets the green component of a color.": "색상의 녹색 구성 요소를 가져옵니다.",
			"Gets the hue component of a color.": "색의 색상 구성 요소를 가져옵니다.",
			"Gets the lightness component of a color.": "색의 밝기 구성 요소를 가져옵니다.",
			"Gets the opacity component of a color.": "색의 불투명도 구성 요소를 가져옵니다.",
			"Gets the red component of a color.": "색상의 빨간색 구성 요소를 가져옵니다.",
			"Gets the saturation component of a color.": "색의 채도 구성 요소를 가져옵니다.",
			"Hex colors must consist of three, four, six or eight hex numbers": "16진수 색은 3, 4, 6 또는 8개의 16진수 숫자로 구성되어야 함",
			"IE hacks are only necessary when supporting IE7 and older": "IE 핵(HACK)은 IE7 이상을 지원할 때만 필요",
			"Import statements do not load in parallel": "Import 문은 병렬로 로드되지 않음",
			"Includes the body if the expression does not evaluate to `false` or `null`.": "식이 'false' 또는 'null'로 평가되지 않는 경우 본문을 포함합니다.",
			"Includes the styles defined by another mixin into the current rule.": "다른 mixin에서 정의한 스타일을 현재 규칙에 포함합니다.",
			"Increases or decreases one or more components of a color.": "색의 구성 요소 하나 이상을 늘리거나 줄입니다.",
			"Inherits the styles of another selector.": "다른 선택기의 스타일을 상속합니다.",
			"Insert url() Function": "url() 함수 삽입",
			"Insert url() Functions": "url() 함수 삽입",
			"Inserts $insert into $string at $index.": "$insert를 $index의 $string에 삽입합니다.",
			"Invalid number of parameters": "잘못된 매개 변수 개수",
			"Joins together two lists into one.": "두 목록을 하나로 결합합니다.",
			"Lets you access and modify values in lists.": "목록의 값에 액세스하고 수정할 수 있습니다.",
			"Loads a Sass stylesheet and makes its mixins, functions, and variables available when this stylesheet is loaded with the @use rule.": "Sass 스타일시트를 로드하고, 이 스타일시트가 @use 규칙과 함께 로드될 때 해당 mixin, 함수, 변수를 사용할 수 있게 합니다.",
			"Loads mixins, functions, and variables from other Sass stylesheets as 'modules', and combines CSS from multiple stylesheets together.": "다른 Sass 스타일시트의 mixin, 함수 및 변수를 '모듈'로 로드하고 여러 스타일시트의 CSS를 함께 결합합니다.",
			"Makes a color darker.": "색상을 더 어둡게 만듭니다.",
			"Makes a color less saturated.": "색을 채도를 낮춥니다.",
			"Makes a color lighter.": "색을 더 밝게 만듭니다.",
			"Makes a color more opaque.": "색을 더 불투명하게 만듭니다.",
			"Makes a color more saturated.": "색의 채도를 높입니다.",
			"Makes a color more transparent.": "색상을 더 투명하게 만듭니다.",
			"Makes it easy to combine, search, or split apart strings.": "문자열을 쉽게 결합, 검색 또는 분할합니다.",
			"Makes it possible to look up the value associated with a key in a map, and much more.": "맵에서 키와 관련된 값 등을 조회할 수 있습니다.",
			"Merges two maps together into a new map.": "두 맵을 하나의 새 맵으로 병합합니다.",
			"Mix two colors together in a polar color space.": "극좌표 색 공간에서 두 색을 함께 섞습니다.",
			"Mix two colors together in a rectangular color space.": "사각형 색 공간에서 두 색을 함께 섞습니다.",
			"Mixes two colors together.": "두 색을 혼합합니다.",
			"Nests selector beneath one another like they would be nested in the stylesheet.": "스타일시트에 중첩되는 것처럼 선택기를 서로 중첩합니다.",
			"No unit for zero needed": "영점 단위 필요 없음",
			"Parses a selector into the format returned by &.": "선택기를 &에서 반환한 형식으로 구문 분석합니다.",
			"Prints the value of an expression to the standard error output stream. Useful for debugging complicated Sass files.": "식의 값을 표준 오류 출력 스트림에 인쇄합니다. 복잡한 Sass 파일을 디버깅하는 데 유용합니다.",
			"Prints the value of an expression to the standard error output stream. Useful for libraries that need to warn users of deprecations or recovering from minor mixin usage mistakes. Warnings can be turned off with the `--quiet` command-line option or the `:quiet` Sass option.": "식의 값을 표준 오류 출력 스트림에 인쇄합니다. 사용자에게 사용 중단을 경고하거나 사소한 mixin 사용 실수로부터 복구해야 하는 라이브러리에 유용합니다. 경고는 '--quiet' 명령줄 옵션 또는 ':quiet' Sass 옵션을 사용하여 끌 수 있습니다.",
			"Property is ignored due to the display.": "display로 인해 속성이 무시됩니다.",
			"Property is ignored due to the display. With 'display: block', vertical-align should not be used.": "display로 인해 속성이 무시됩니다. 'display: block'에서 vertical-align을 사용할 수 없습니다.",
			"Provides access to Sass’s powerful selector engine.": "Sass의 강력한 선택기 엔진에 대한 액세스를 제공합니다.",
			"Provides functions that operate on numbers.": "숫자에서 작동하는 함수를 제공합니다.",
			"Removes quotes from a string.": "문자열에서 따옴표를 제거합니다.",
			"Rename to '{0}'": "'{0}'(으)로 이름 바꾸기",
			"Replaces $original with $replacement within $selector.": "$selector 내에서 $original을(를) $replacement(으)로 바꿉니다.",
			"Replaces the nth item in a list.": "목록의 n번째 항목을 바꿉니다.",
			"Returns a list of all keys in a map.": "맵의 모든 키 목록을 반환합니다.",
			"Returns a list of all values in a map.": "맵의 모든 값 목록을 반환합니다.",
			"Returns a new map with keys removed.": "키가 제거된 새 맵을 반환합니다.",
			"Returns a random number.": "임의의 수를 반환합니다.",
			"Returns a specific item in a list.": "목록의 특정 항목을 반환합니다.",
			"Returns the absolute value of a number.": "숫자의 절대 값을 반환합니다.",
			"Returns the complement of a color.": "색상의 보색을 반환합니다.",
			"Returns the index of the first occurance of $substring in $string.": "$string에서 $substring이 처음 나타나는 인덱스를 반환합니다.",
			"Returns the inverse of a color.": "색의 정반대 값을 반환합니다.",
			"Returns the keywords passed to a function that takes variable arguments.": "가변 인수를 사용하는 함수에 전달된 키워드를 반환합니다.",
			"Returns the length of a list.": "목록의 길이를 반환합니다.",
			"Returns the number of characters in a string.": "문자열의 문자 수를 반환합니다.",
			"Returns the position of a value within a list.": "목록 내 값 위치를 반환합니다.",
			"Returns the separator of a list.": "목록의 구분 기호를 반환합니다.",
			"Returns the simple selectors that comprise a compound selector.": "복합 선택자를 구성하는 단순 선택자를 반환합니다.",
			"Returns the string representation of a value as it would be represented in Sass.": "Sass에 표현되는 대로의 값 문자열 표현을 반환합니다.",
			"Returns the type of a value.": "값의 유형을 반환합니다.",
			"Returns the unit(s) associated with a number.": "숫자와 연관된 단위를 반환합니다.",
			"Returns the value in a map associated with a given key.": "지정된 키와 연결된 맵의 값을 반환합니다.",
			"Returns whether $super matches all the elements $sub does, and possibly more.": "$super이(가) $sub가 일치하는 모든 요소 또는 더 많은 요소와 일치하는지 여부를 반환합니다.",
			"Returns whether a feature exists in the current Sass runtime.": "현재 Sass 런타임에 기능이 있는지 여부를 반환합니다.",
			"Returns whether a function with the given name exists.": "주어진 이름의 함수가 존재하는지 여부를 반환합니다.",
			"Returns whether a map has a value associated with a given key.": "맵에 지정된 키와 연결된 값이 있는지 여부를 반환합니다.",
			"Returns whether a mixin with the given name exists.": "지정된 이름의 mixin이 존재하는지 여부를 반환합니다.",
			"Returns whether a number has units.": "숫자에 단위가 있는지 여부를 반환합니다.",
			"Returns whether a variable with the given name exists in the current scope.": "지정된 이름의 변수가 현재 범위에 있는지 여부를 반환합니다.",
			"Returns whether a variable with the given name exists in the global scope.": "지정된 이름의 변수가 전체 범위에 있는지 여부를 반환합니다.",
			"Returns whether two numbers can be added, subtracted, or compared.": "두 숫자를 더하거나, 빼거나, 비교할 수 있는지 여부를 반환합니다.",
			"Rounds a number down to the previous whole number.": "숫자를 바로 아래 정수로 버림합니다.",
			"Rounds a number to the nearest whole number.": "숫자를 가장 가까운 정수로 반올림합니다.",
			"Rounds a number up to the next whole number.": "이 숫자를 바로 위 정수로 올림합니다.",
			"Sass documentation": "Sass 설명서",
			"Selector Specificity": "선택기 특이성",
			"Selectors should not contain IDs because these rules are too tightly coupled with the HTML.": "이러한 규칙은 HTML과 긴밀하게 결합되므로 선택기에 ID를 포함하면 안 됩니다.",
			"The universal selector (*) is known to be slow": "범용 선택기(*)는 느린 것으로 알려져 있습니다.",
			"Throws the value of an expression as a fatal error with stack trace. Useful for validating arguments to mixins and functions.": "스택 추적으로 식 값을 치명적 오류로 throw합니다. mixin과 함수에 대한 인수의 유효성을 검사하는 데 유용합니다.",
			"URI expected": "URI 필요",
			"URL encodes a string": "URL은 문자열을 인코딩",
			"Unifies two selectors to produce a selector that matches elements matched by both.": "두 선택기를 통합하여 이 둘 다와 일치하는 요소와 일치되는 선택기를 생성합니다.",
			"Unknown at-rule.": "알 수 없는 @ 규칙 입니다.",
			"Unknown property.": "알 수 없는 속성입니다.",
			"Unknown property: '{0}'": "알 수 없는 속성: '{0}'",
			"Unknown vendor specific property.": "알 수 없는 공급업체 관련 속성입니다.",
			"When using a vendor-specific prefix also include the standard property": "공급업체별 접두사를 사용할 경우 표준 속성도 포함",
			"When using a vendor-specific prefix make sure to also include all other vendor-specific properties": "공급업체별 접두사를 사용할 경우 다른 모든 공급업체별 속성도 포함해야 함",
			"While loop that takes an expression and repeatedly outputs the nested styles until the statement evaluates to `false`.": "식을 사용하고 명령문이 'false'로 평가될 때까지 중첩된 스타일을 반복적으로 출력하는 While 루프입니다.",
			"[ expected": "[ 필요",
			"] expected": "] 필요",
			"absolute value of a number": "숫자의 절대 값",
			"arccosine - inverse of cosine function": "arccosine - 코사인 함수의 역함수",
			"arcsine - inverse of sine function": "아크사인 - 사인 함수의 역함수",
			"arctangent - inverse of tangent function": "아크탄젠트 - 탄젠트 함수의 역함수",
			"argument from '{0}'": "'{0}'의 인수",
			"at-rule or selector expected": "@ 규칙 또는 선택기 필요",
			"at-rule unknown": "@ 규칙 알 수 없음",
			"bind the evaluation of a ruleset to each member of a list.": "규칙 집합의 평가를 목록의 각 구성원에 바인딩합니다.",
			"calculates square root of a number": "숫자의 제곱근 계산",
			"colon expected": "결장 예상",
			"comma expected": "쉼표 필요",
			"condition expected": "조건 필요",
			"converts numbers from one type into another": "숫자를 한 유형에서 다른 유형으로 변환",
			"converts to a %, e.g. 0.5 > 50%": "%로 변환(예: 0.5 > 50%)",
			"cosine function": "코사인 함수",
			"creates a #AARRGGBB": "#AARRGGBB를 만듦",
			"creates a color": "색을 만듦",
			"dot expected": "점 필요",
			"escape string content": "이스케이프 문자열 콘텐츠",
			"expression expected": "식 필요",
			"first argument modulus second argument": "첫 번째 인수를 두 번째 인수로 나눈 나머지",
			"first argument raised to the power of the second argument": "첫 번째 인수는 두 번째 인수의 거듭제곱",
			"generate a list spanning a range of values": "값 범위에 걸친 목록 생성",
			"identifier expected": "식별자 필요",
			"identifier or variable expected": "식별자 또는 변수 필요",
			"identifier or wildcard expected": "식별자 또는 와일드카드가 필요합니다.",
			"inline-block is ignored due to the float. If 'float' has a value other than 'none', the box is floated and 'display' is treated as 'block'": "inline-block은 float로 인해 무시됩니다. 'float'에 'none' 이외의 값이 있는 경우 상자가 표시되고 'display'가 'block'으로 처리됩니다.",
			"inlines a resource and falls back to `url()`": "리소스를 인라인하고 'url()'로 대체",
			"media query expected": "미디어 쿼리 필요",
			"number expected": "숫자 필요",
			"operator expected": "연산자 필요",
			"page directive or declaraton expected": "페이지 지시문 또는 선언 필요",
			"parses a string to a color": "문자열을 색으로 구문 분석",
			"percentage expected": "백분율 필요",
			"property value expected": "속성 값 필요",
			"remove or change the unit of a dimension": "차원의 단위를 제거 또는 변경",
			"return `@color` 10% points darker": "`@color` 10% 포인트 더 어둡게 반환",
			"return `@color` 10% points less saturated": "`@color` 채도를 10% 포인트 낮추어 반환",
			"return `@color` 10% points less transparent": "`@color`를 10% 포인트 덜 투명하게 반환",
			"return `@color` 10% points lighter": "`@color`를 10% 포인트 더 밝게 반환",
			"return `@color` 10% points more saturated": "`@color`의 채도를 10% 포인트 높여서 반환",
			"return `@color` 10% points more transparent": "`@color`를 10% 포인트 더 투명하게 반환",
			"return `@color` with 50% transparency": "`@color`를 50% 투명도로 반환",
			"return `@color` with a 10 degree larger in hue": "`@color`의 색상을 10도 더 크게 반환",
			"return `@darkcolor` if `@color1 is> 43% luma` otherwise return `@lightcolor`, see notes": "`@color1이 > 43% luma`인 경우 `@darkcolor`를 반환하고 그렇지 않으면 `@lightcolor`를 반환합니다. 참고 사항을 참조하세요.",
			"return a mix of `@color1` and `@color2`": "`@color1` 및 `@color2`의 혼합 반환",
			"returns a grey, 100% desaturated color": "100% 채도를 낮춘 색인 회색을 반환",
			"returns a value at the specified position in the list": "목록에서 지정한 위치에 있는 값 반환",
			"returns one of two values depending on a condition.": "조건에 따라 두 값 중 하나를 반환합니다.",
			"returns pi": "pi 반환",
			"returns the `alpha` channel of `@color`": "`@color`의 `alpha` 채널 반환",
			"returns the `blue` channel of `@color`": "`@color`의 `blue` 채널 반환",
			"returns the `green` channel of `@color`": "`@color`의 `green` 채널 반환",
			"returns the `hue` channel of `@color` in the HSL space": "HSL 공간에서 `@color`의 `hue` 채널을 반환",
			"returns the `hue` channel of `@color` in the HSV space": "HSV 공간에서 `@color`의 `hue` 채널을 반환합니다.",
			"returns the `lightness` channel of `@color` in the HSL space": "HSL 공간에서 `@color`의 `lightness` 채널 반환",
			"returns the `luma` value (perceptual brightness) of `@color`": "'@color'의 'luma' 값(인지되는 밝기)을 반환",
			"returns the `red` channel of `@color`": "`@color`의 `red` 채널 반환",
			"returns the `saturation` channel of `@color` in the HSL space": "HSL 공간에서 `@color`의 `saturation` 채널을 반환합니다.",
			"returns the `saturation` channel of `@color` in the HSV space": "HSV 공간에서 `@color`의 `saturation` 채널 반환",
			"returns the `value` channel of `@color` in the HSV space": "HSV 공간에서 `@color`의 `value` 채널을 반환합니다.",
			"returns the lowest of one or more values": "하나 이상의 값 중 최저값 반환",
			"returns the number of elements in a value list": "값 목록의 요소 수를 반환합니다.",
			"rounds a number to a number of places": "숫자를 특정 자리수까지 반올림",
			"rounds down to an integer": "정수로 내림합니다.",
			"rounds up to an integer": "정수로 반올림",
			"selector expected": "선택기 필요",
			"semi-colon expected": "세미콜론 필요",
			"sine function": "사인 함수",
			"string literal expected": "문자열 리터럴 필요",
			"string replace": "문자열 바꾸기",
			"tangent function": "탄젠트 함수",
			"term expected": "용어 필요",
			"unknown keyword": "알 수 없는 키워드",
			"uri or string expected": "URI 또는 문자열 필요",
			"variable name expected": "변수 이름 필요",
			"variable value expected": "변수 값 예상",
			"whitespace expected": "공백 필요",
			"wildcard expected": "와일드카드 필요",
			"{ expected": "{ 필요",
			"{0}, '{1}'": "{0}, '{1}'",
			"} expected": "} 필요"
		},
		"package": {
			"css.colorDecorators.enable.deprecationMessage": "`css.colorDecorators.enable` 설정은 `editor.colorDecorators`를 위해 사용되지 않습니다.",
			"css.completion.completePropertyWithSemicolon.desc": "CSS 속성을 완료할 때 줄의 끝에 세미콜론을 삽입합니다.",
			"css.completion.triggerPropertyValueCompletion.desc": "기본적으로 VS Code는 CSS 속성을 선택한 후 속성 값 완료를 트리거합니다. 이 동작을 비활성화하려면 이 설정을 사용합니다.",
			"css.customData.desc": "[사용자 지정 데이터 형식](https://github.com/microsoft/vscode-css-languageservice/blob/master/docs/customData.md)에 따라 JSON 파일을 가리키는 상대 파일 경로의 목록입니다.\r\n\r\nVS Code는 시작 시 사용자 지정 데이터를 로드하여 JSON 파일에서 지정한 CSS 사용자 지정 속성(변수), at-rules, 의사 클래스 및 의사 요소에 대한 CSS 지원을 향상시킵니다.\r\n\r\n파일 경로는 작업 영역에 상대적이며 작업 영역 폴더 설정만 고려됩니다.",
			"css.format.braceStyle.desc": "규칙(`collapse`)과 동일한 줄에 중괄호를 배치하거나 자체 줄(`expand`)에 중괄호를 배치합니다.",
			"css.format.enable.desc": "기본 CSS 포맷터를 활성화/비활성화합니다.",
			"css.format.maxPreserveNewLines.desc": "`#css.format.preserveNewLines#`을(를) 사용하는 경우 한 청크에서 보존할 최대 줄 바꿈 수입니다.",
			"css.format.newlineBetweenRules.desc": "규칙 집합을 빈 줄로 구분합니다.",
			"css.format.newlineBetweenSelectors.desc": "선택기를 새 줄로 구분합니다.",
			"css.format.preserveNewLines.desc": "요소를 보존하기 전에 기존 줄 바꿈 여부입니다.",
			"css.format.spaceAroundSelectorSeparator.desc": "선택기 구분 기호 '>', '+', '~' 주위에 공백 문자가 있는지 확인합니다(예: 'a > b').",
			"css.hover.documentation": "CSS 가리키기에서 속성 및 값 설명서를 표시합니다.",
			"css.hover.references": "CSS 호버에 MDN에 대한 참조를 표시합니다.",
			"css.lint.argumentsInColorFunction.desc": "매개 변수 개수가 잘못되었습니다.",
			"css.lint.boxModel.desc": "'padding' 또는 'border'를 사용하는 경우 'width' 또는 'height'를 사용하지 마세요.",
			"css.lint.compatibleVendorPrefixes.desc": "공급업체 관련 접두사를 사용할 경우 다른 모든 공급업체 관련 속성도 포함합니다.",
			"css.lint.duplicateProperties.desc": "중복된 스타일 정의를 사용하지 마세요.",
			"css.lint.emptyRules.desc": "빈 규칙 집합을 사용하지 마세요.",
			"css.lint.float.desc": "'float'를 사용하지 않도록 합니다. Float를 사용하면 레이아웃의 한쪽이 바뀔 경우 CSS가 쉽게 깨질 수 있습니다.",
			"css.lint.fontFaceProperties.desc": "`@font-face` 규칙에서 'src' 및 'font-family' 속성을 정의해야 합니다.",
			"css.lint.hexColorLength.desc": "16진수 색상은 3, 4, 6 또는 8진수로 구성되어야 합니다.",
			"css.lint.idSelector.desc": "이러한 규칙은 HTML과 긴밀하게 결합되므로 선택기에 ID를 포함하면 안 됩니다.",
			"css.lint.ieHack.desc": "IE 핵(Hack)은 IE7 이상을 지원할 때만 필요합니다.",
			"css.lint.importStatement.desc": "Import 문은 병렬로 로드되지 않습니다.",
			"css.lint.important.desc": "'!important'는 사용하지 않도록 합니다. 이것은 전체 CSS의 특정성에 문제가 있어서 리팩터링해야 함을 나타냅니다.",
			"css.lint.propertyIgnoredDueToDisplay.desc": "display 때문에 속성이 무시됩니다. 예를 들어 'display: inline'을 사용할 경우 'width', 'height', 'margin-top', 'margin-bottom' 및 'float' 속성은 적용되지 않습니다.",
			"css.lint.universalSelector.desc": "범용 선택기(*)는 느린 것으로 알려져 있습니다.",
			"css.lint.unknownAtRules.desc": "알 수 없는 @ 규칙 입니다.",
			"css.lint.unknownProperties.desc": "알 수 없는 속성입니다.",
			"css.lint.unknownVendorSpecificProperties.desc": "알 수 없는 공급업체 관련 속성입니다.",
			"css.lint.validProperties.desc": "`unknownProperties` 규칙에 따라 유효성이 검사되지 않은 속성 목록입니다.",
			"css.lint.vendorPrefix.desc": "공급업체 관련 접두사를 사용할 경우 표준 속성도 포함합니다.",
			"css.lint.zeroUnits.desc": "0에는 단위가 필요하지 않습니다.",
			"css.title": "CSS",
			"css.trace.server.desc": "VS Code와 CSS 언어 서버 간 통신을 추적합니다.",
			"css.validate.desc": "모든 유효성 검사를 사용하거나 사용하지 않습니다.",
			"css.validate.title": "CSS 유효성 검사 및 문제 심각도를 제어합니다.",
			"description": "CSS, LESS 및 SCSS 파일에 대한 다양한 언어 지원을 제공합니다.",
			"displayName": "CSS 언어 기능",
			"less.colorDecorators.enable.deprecationMessage": "`less.colorDecorators.enable` 설정은 `editor.colorDecorators`를 위해 사용되지 않습니다.",
			"less.completion.completePropertyWithSemicolon.desc": "CSS 속성을 완료할 때 줄의 끝에 세미콜론을 삽입합니다.",
			"less.completion.triggerPropertyValueCompletion.desc": "기본적으로 VS Code는 CSS 속성을 선택한 후 속성 값 완료를 트리거합니다. 이 동작을 비활성화하려면 이 설정을 사용합니다.",
			"less.format.braceStyle.desc": "규칙(`collapse`)과 동일한 줄에 중괄호를 배치하거나 자체 줄(`expand`)에 중괄호를 배치합니다.",
			"less.format.enable.desc": "기본 LESS 포맷터를 활성화/비활성화합니다.",
			"less.format.maxPreserveNewLines.desc": "`#less.format.preserveNewLines#`을(를) 사용하는 경우 한 청크에서 보존할 최대 줄 바꿈 수입니다.",
			"less.format.newlineBetweenRules.desc": "규칙 집합을 빈 줄로 구분합니다.",
			"less.format.newlineBetweenSelectors.desc": "선택기를 새 줄로 구분합니다.",
			"less.format.preserveNewLines.desc": "요소를 보존하기 전에 기존 줄 바꿈 여부입니다.",
			"less.format.spaceAroundSelectorSeparator.desc": "선택기 구분 기호 '>', '+', '~' 주위에 공백 문자가 있는지 확인합니다(예: 'a > b').",
			"less.hover.documentation": "LESS 가리키기에서 속성 및 값 설명서를 표시합니다.",
			"less.hover.references": "LESS 호버에 MDN에 대한 참조를 표시합니다.",
			"less.lint.argumentsInColorFunction.desc": "매개 변수 개수가 잘못되었습니다.",
			"less.lint.boxModel.desc": "'padding' 또는 'border'를 사용하는 경우 'width' 또는 'height'를 사용하지 마세요.",
			"less.lint.compatibleVendorPrefixes.desc": "공급업체 관련 접두사를 사용할 경우 다른 모든 공급업체 관련 속성도 포함합니다.",
			"less.lint.duplicateProperties.desc": "중복된 스타일 정의를 사용하지 마세요.",
			"less.lint.emptyRules.desc": "빈 규칙 집합을 사용하지 마세요.",
			"less.lint.float.desc": "'float'를 사용하지 않도록 합니다. Float를 사용하면 레이아웃의 한쪽이 바뀔 경우 CSS가 쉽게 깨질 수 있습니다.",
			"less.lint.fontFaceProperties.desc": "`@font-face` 규칙에서 'src' 및 'font-family' 속성을 정의해야 합니다.",
			"less.lint.hexColorLength.desc": "16진수 색상은 3, 4, 6 또는 8진수로 구성되어야 합니다.",
			"less.lint.idSelector.desc": "이러한 규칙은 HTML과 긴밀하게 결합되므로 선택기에 ID를 포함하면 안 됩니다.",
			"less.lint.ieHack.desc": "IE 핵(Hack)은 IE7 이상을 지원할 때만 필요합니다.",
			"less.lint.importStatement.desc": "Import 문은 병렬로 로드되지 않습니다.",
			"less.lint.important.desc": "'!important'는 사용하지 않도록 합니다. 이것은 전체 CSS의 특정성에 문제가 있어서 리팩터링해야 함을 나타냅니다.",
			"less.lint.propertyIgnoredDueToDisplay.desc": "display 때문에 속성이 무시됩니다. 예를 들어 'display: inline'을 사용할 경우 'width', 'height', 'margin-top', 'margin-bottom' 및 'float' 속성은 적용되지 않습니다.",
			"less.lint.universalSelector.desc": "범용 선택기(*)는 느린 것으로 알려져 있습니다.",
			"less.lint.unknownAtRules.desc": "알 수 없는 @ 규칙 입니다.",
			"less.lint.unknownProperties.desc": "알 수 없는 속성입니다.",
			"less.lint.unknownVendorSpecificProperties.desc": "알 수 없는 공급업체 관련 속성입니다.",
			"less.lint.validProperties.desc": "`unknownProperties` 규칙에 따라 유효성이 검사되지 않은 속성 목록입니다.",
			"less.lint.vendorPrefix.desc": "공급업체 관련 접두사를 사용할 경우 표준 속성도 포함합니다.",
			"less.lint.zeroUnits.desc": "0에는 단위가 필요하지 않습니다.",
			"less.title": "LESS",
			"less.validate.desc": "모든 유효성 검사를 사용하거나 사용하지 않습니다.",
			"less.validate.title": "LESS 유효성 검사 및 문제 심각도를 제어합니다.",
			"scss.colorDecorators.enable.deprecationMessage": "`scss.colorDecorators.enable` 설정은 `editor.colorDecorators`를 위해 사용되지 않습니다.",
			"scss.completion.completePropertyWithSemicolon.desc": "CSS 속성을 완료할 때 줄의 끝에 세미콜론을 삽입합니다.",
			"scss.completion.triggerPropertyValueCompletion.desc": "기본적으로 VS Code는 CSS 속성을 선택한 후 속성 값 완료를 트리거합니다. 이 동작을 비활성화하려면 이 설정을 사용합니다.",
			"scss.format.braceStyle.desc": "규칙(`collapse`)과 동일한 줄에 중괄호를 배치하거나 자체 줄(`expand`)에 중괄호를 배치합니다.",
			"scss.format.enable.desc": "기본 SCSS 포맷터를 활성화/비활성화합니다.",
			"scss.format.maxPreserveNewLines.desc": "`#scss.format.preserveNewLines#`을(를) 사용하도록 설정한 경우 한 청크에서 보존할 최대 줄 바꿈 수입니다.",
			"scss.format.newlineBetweenRules.desc": "규칙 집합을 빈 줄로 구분합니다.",
			"scss.format.newlineBetweenSelectors.desc": "선택기를 새 줄로 구분합니다.",
			"scss.format.preserveNewLines.desc": "요소를 보존하기 전에 기존 줄 바꿈 여부입니다.",
			"scss.format.spaceAroundSelectorSeparator.desc": "선택기 구분 기호 '>', '+', '~' 주위에 공백 문자가 있는지 확인합니다(예: 'a > b').",
			"scss.hover.documentation": "SCSS 가리키기에서 속성 및 값 설명서를 표시합니다.",
			"scss.hover.references": "SCSS 호버에 MDN에 대한 참조를 표시합니다.",
			"scss.lint.argumentsInColorFunction.desc": "매개 변수 개수가 잘못되었습니다.",
			"scss.lint.boxModel.desc": "'padding' 또는 'border'를 사용하는 경우 'width' 또는 'height'를 사용하지 마세요.",
			"scss.lint.compatibleVendorPrefixes.desc": "공급업체 관련 접두사를 사용할 경우 다른 모든 공급업체 관련 속성도 포함합니다.",
			"scss.lint.duplicateProperties.desc": "중복된 스타일 정의를 사용하지 마세요.",
			"scss.lint.emptyRules.desc": "빈 규칙 집합을 사용하지 마세요.",
			"scss.lint.float.desc": "'float'를 사용하지 않도록 합니다. Float를 사용하면 레이아웃의 한쪽이 바뀔 경우 CSS가 쉽게 깨질 수 있습니다.",
			"scss.lint.fontFaceProperties.desc": "`@font-face` 규칙에서 'src' 및 'font-family' 속성을 정의해야 합니다.",
			"scss.lint.hexColorLength.desc": "16진수 색상은 3, 4, 6 또는 8진수로 구성되어야 합니다.",
			"scss.lint.idSelector.desc": "이러한 규칙은 HTML과 긴밀하게 결합되므로 선택기에 ID를 포함하면 안 됩니다.",
			"scss.lint.ieHack.desc": "IE 핵(Hack)은 IE7 이상을 지원할 때만 필요합니다.",
			"scss.lint.importStatement.desc": "Import 문은 병렬로 로드되지 않습니다.",
			"scss.lint.important.desc": "'!important'는 사용하지 않도록 합니다. 이것은 전체 CSS의 특정성에 문제가 있어서 리팩터링해야 함을 나타냅니다.",
			"scss.lint.propertyIgnoredDueToDisplay.desc": "display 때문에 속성이 무시됩니다. 예를 들어 'display: inline'을 사용할 경우 'width', 'height', 'margin-top', 'margin-bottom' 및 'float' 속성은 적용되지 않습니다.",
			"scss.lint.universalSelector.desc": "범용 선택기(*)는 느린 것으로 알려져 있습니다.",
			"scss.lint.unknownAtRules.desc": "알 수 없는 @ 규칙 입니다.",
			"scss.lint.unknownProperties.desc": "알 수 없는 속성입니다.",
			"scss.lint.unknownVendorSpecificProperties.desc": "알 수 없는 공급업체 관련 속성입니다.",
			"scss.lint.validProperties.desc": "`unknownProperties` 규칙에 따라 유효성이 검사되지 않은 속성 목록입니다.",
			"scss.lint.vendorPrefix.desc": "공급업체 관련 접두사를 사용할 경우 표준 속성도 포함합니다.",
			"scss.lint.zeroUnits.desc": "0에는 단위가 필요하지 않습니다.",
			"scss.title": "SCSS(Sass)",
			"scss.validate.desc": "모든 유효성 검사를 사용하거나 사용하지 않습니다.",
			"scss.validate.title": "SCSS 유효성 검사 및 문제 심각도를 제어합니다."
		}
	}
}