{
	"": [
		"--------------------------------------------------------------------------------------------",
		"Copyright (c) Microsoft Corporation. All rights reserved.",
		"Licensed under the MIT License. See License.txt in the project root for license information.",
		"--------------------------------------------------------------------------------------------",
		"Do not edit this file. It is machine generated."
	],
	"version": "1.0.0",
	"contents": {
		"bundle": {
			"Could not find a valid npm script at the selection.": "Seçimde geçerli bir NPM betiği bulunamadı.",
			"Debug": "Hata Ayıkla",
			"Debug Script": "Hata Ayıklama Betiği",
			"Default bower.json": "Varsayılan bower.json",
			"Default package.json": "Varsayılan package.json",
			"Do not show again": "Tekrar gösterme",
			"Latest version: {0}": "Son sürüm: {0}",
			"Latest version: {0} published {1}": "En son sürüm: {0} yayınlandı {1}",
			"Learn more": "Daha fazla bilgi",
			"Matches the most recent major version (1.x.x)": "Son ana sürümle (1.x.x) eşleşir",
			"Matches the most recent minor version (1.2.x)": "Son ikincil sürümle (1.2.x) eşleşir",
			"No scripts found.": "Betik bulunamadı.",
			"Npm task detection: failed to parse the file {0}": "NPM görevi algılama: dosya ayrıştırılamadı {0}",
			"Request to the NPM repository failed: {0}": "NPM deposuna gönderilen istek başarısız oldu: {0}",
			"Request to the bower repository failed: {0}": "Bower deposuna gönderilen istek başarısız oldu: {0}",
			"Run Script": "Betiği Çalıştır",
			"Run the script as a task": "Betiği görev olarak çalıştır",
			"Runs the script under the debugger": "Betiği hata ayıklayıcı altında çalıştırır",
			"The currently latest version of the package": "Paketin geçerli olan en son sürümü",
			"The setting \"npm.autoDetect\" is \"off\".": "\"npm.autoDetect\" ayarı \"off\".",
			"Using {0} as the preferred package manager. Found multiple lockfiles for {1}.  To resolve this issue, delete the lockfiles that don't match your preferred package manager or change the setting \"npm.packageManager\" to a value other than \"auto\".": "Tercih edilen paket yöneticisi olarak {0} kullanılıyor. {1} için birden çok kilit dosyası bulundu.  Bu sorunu çözmek için, tercih ettiğiniz paket yöneticisiyle eşleşmeyen kilit dosyalarını silin veya \"npm.packageManager\" ayarını \"auto\" dışında bir değere değiştirin.",
			"in {0}": "{0} içinde",
			"latest": "en son",
			"now": "şimdi",
			"{0} day": "{0} gün",
			"{0} day ago": "{0} gün önce",
			"{0} days": "{0} gün",
			"{0} days ago": "{0} gün önce",
			"{0} hour": "{0} saat",
			"{0} hour ago": "{0} saat önce",
			"{0} hours": "{0} saat",
			"{0} hours ago": "{0} saat önce",
			"{0} hr": "{0} saat",
			"{0} hr ago": "{0} saat önce",
			"{0} hrs": "{0} saat",
			"{0} hrs ago": "{0} saat önce",
			"{0} min": "{0} dk",
			"{0} min ago": "{0} dakika önce",
			"{0} mins": "{0} dk",
			"{0} mins ago": "{0} dk önce",
			"{0} minute": "{0} dakika",
			"{0} minute ago": "{0} dakika önce",
			"{0} minutes": "{0} dakika",
			"{0} minutes ago": "{0} dakika önce",
			"{0} mo": "{0} ay",
			"{0} mo ago": "{0} ay önce",
			"{0} month": "{0} ay",
			"{0} month ago": "{0} ay önce",
			"{0} months": "{0} ay",
			"{0} months ago": "{0} ay önce",
			"{0} mos": "{0} ay",
			"{0} mos ago": "{0} ay önce",
			"{0} sec": "{0} saniye",
			"{0} sec ago": "{0} saniye önce",
			"{0} second": "{0} saniye",
			"{0} second ago": "{0} saniye önce",
			"{0} seconds": "{0} saniye",
			"{0} seconds ago": "{0} saniye önce",
			"{0} secs": "{0} sn",
			"{0} secs ago": "{0} saniye önce",
			"{0} week": "{0} hafta",
			"{0} week ago": "{0} hafta önce",
			"{0} weeks": "{0} hafta",
			"{0} weeks ago": "{0} hafta önce",
			"{0} wk": "{0} hft",
			"{0} wk ago": "{0} hft önce",
			"{0} wks": "{0} hafta",
			"{0} wks ago": "{0} hafta önce",
			"{0} year": "{0} yıl",
			"{0} year ago": "{0} yıl önce",
			"{0} years": "{0} yıl",
			"{0} years ago": "{0} yıl önce",
			"{0} yr": "{0} yıl",
			"{0} yr ago": "{0} yıl önce",
			"{0} yrs": "{0} yıl",
			"{0} yrs ago": "{0} yıl önce"
		},
		"package": {
			"command.debug": "Hata Ayıkla",
			"command.openScript": "Aç",
			"command.packageManager": "Yapılandırılan Paket Yöneticisi'ni Al",
			"command.refresh": "Yenile",
			"command.run": "Çalıştır",
			"command.runInstall": "Yüklemeyi Çalıştır",
			"command.runScriptFromFolder": "NPM Betiğini Klasörde Çalıştır...",
			"command.runSelectedScript": "Betiği Çalıştır",
			"config.npm.autoDetect": "NPM betiklerinin otomatik olarak algılanıp algılanmayacağını denetler.",
			"config.npm.enableRunFromFolder": "Explorer bağlam menüsünden bir klasörde bulunan NPM betiklerini çalıştırmayı etkinleştir.",
			"config.npm.enableScriptExplorer": "En üst düzeyde bir 'package.json' dosyası olmadığında NPM betikleri için gezgin görünümünü etkinleştir.",
			"config.npm.exclude": "Otomatik betik algılamasının dışında tutulacak klasörler için glob desenleri yapılandırın.",
			"config.npm.fetchOnlinePackageInfo": "NPM bağımlılıklarında otomatik tamamlama ve üzerinde gezinmede bilgi özellikleri sağlamak için https://registry.npmjs.org and https://registry.bower.io sayfasından veri getir.",
			"config.npm.packageManager": "Betikleri çalıştırmak için kullanılan paket yöneticisi.",
			"config.npm.packageManager.auto": "Kilit dosyalarını ve yüklü paket yöneticilerini temel alarak, betik çalıştırmak için hangi paket yöneticisinin kullanılacağını otomatik algılayın.",
			"config.npm.packageManager.bun": "Betikleri çalıştırmak için paket yöneticisi olarak bun'u kullanın.",
			"config.npm.packageManager.npm": "Betikleri çalıştırmak için paket yöneticisi olarak npm'yi kullanın.",
			"config.npm.packageManager.pnpm": "Betikleri çalıştırmak için paket yöneticisi olarak pnpm'yi kullanın.",
			"config.npm.packageManager.yarn": "Betikleri çalıştırmak için paket yöneticisi olarak yarn'ı kullanın.",
			"config.npm.runSilent": "NPM komutlarını `--silent` seçeneğiyle çalıştır.",
			"config.npm.scriptExplorerAction": "NPM Komut Dosyaları Gezgini'nde kullanılan varsayılan tıklama eylemi: 'open' veya 'run', varsayılan 'open' şeklindedir.",
			"config.npm.scriptExplorerExclude": "Hangi betiklerin NPM Betikleri görünümünden dışlanacağına ilişkin bir normal ifade dizisi.",
			"config.npm.scriptHover": "Vurgulamayı betikler için 'Çalıştır' ve 'Hata Ayıkla' komutlarıyla görüntüleyin.",
			"description": "NPM betikleri için görev desteği ekleme uzantısı.",
			"displayName": "VS Code için NPM desteği",
			"npm.parseError": "NPM görevi algılama: dosya ayrıştırılamadı {0}",
			"taskdef.path": "Betiği sağlayan package.json dosyasının klasör yolu. Çıkarılabilir.",
			"taskdef.script": "Özelleştirilecek NPM betiği.",
			"view.name": "NPM Betikleri",
			"virtualWorkspaces": "'npm' komutunu çalıştırmayı gerektiren işlev sanal çalışma alanlarında kullanılamaz.",
			"workspaceTrust": "Bu uzantı, çalıştırmak için güven gerektiren görevleri yürütür."
		}
	}
}