{
	"": [
		"--------------------------------------------------------------------------------------------",
		"Copyright (c) Microsoft Corporation. All rights reserved.",
		"Licensed under the MIT License. See License.txt in the project root for license information.",
		"--------------------------------------------------------------------------------------------",
		"Do not edit this file. It is machine generated."
	],
	"version": "1.0.0",
	"contents": {
		"bundle": {
			"...1 additional file not shown": "...1개의 추가 파일이 표시되지 않음",
			"...{0} additional files not shown": "...{0}개의 추가 파일이 표시되지 않음",
			"Allow all content and script execution. Not recommended": "모든 콘텐츠 및 스크립트 실행을 허용합니다. 권장하지 않습니다.",
			"Allow insecure content": "안전하지 않은 콘텐츠 허용",
			"Allow insecure local content": "안전하지 않은 로컬 콘텐츠 허용",
			"Always": "항상",
			"An unexpected error occurred while restoring the Markdown preview.": "Markdown 미리 보기를 복원하는 동안 예기치 않은 오류가 발생했습니다.",
			"Checking for Markdown links to update": "업데이트할 Markdown 링크 확인",
			"Content Disabled Security Warning": "콘텐츠 사용할 수 없음 보안 경고",
			"Could not load 'markdown.styles': {0}": "'markdown.styles': {0}을(를) 불러올 수 없음",
			"Could not open {0}": "{0}을(를) 열 수 없습니다.",
			"Disable": "사용 안 함",
			"Disable preview security warning in this workspace": "이 작업 영역에서 미리보기 보안 경고 사용 안 함",
			"Does not affect the content security level": "콘텐츠 보안 수준에 영향을 주지 않습니다.",
			"Enable loading content over http": "http를 통한 콘텐츠 로드 사용",
			"Enable loading content over http served from localhost": "localhost에서 제공되는 http를 통한 콘텐츠 로드 사용",
			"Enable preview security warnings in this workspace": "이 작업 영역에서 미리 보기 보안 경고 사용",
			"Exclude '{0}' from link validation.": "링크 유효성 검사에서 '{0}'을(를) 제외합니다.",
			"Extract to link definition": "정의를 연결하려면 추출",
			"File does not exist at path: {0}": "경로에 파일이 없습니다. {0}",
			"Find file references failed. No resource provided.": "파일 참조를 찾지 못했습니다. 리소스가 제공되지 않았습니다.",
			"Finding file references": "파일 참조를 찾는 중",
			"Follow link": "링크로 이동",
			"Go to link definition": "링크 정의로 이동",
			"Header does not exist in file: {0}": "헤더가 파일에 없습니다. {0}",
			"Insert Markdown Audio": "Markdown 오디오 삽입",
			"Insert Markdown Image": "Markdown 이미지 삽입",
			"Insert Markdown Images": "Markdown 이미지 삽입",
			"Insert Markdown Images and Links": "Markdown 이미지 및 링크 삽입",
			"Insert Markdown Link": "Markdown 링크 삽입",
			"Insert Markdown Links": "Markdown 링크 삽입",
			"Insert Markdown Media": "Markdown 미디어 삽입",
			"Insert Markdown Media and Images": "Markdown 미디어 및 이미지 삽입",
			"Insert Markdown Media and Links": "Markdown 미디어 및 링크 삽입",
			"Insert Markdown Video": "Markdown 비디오 삽입",
			"Insert image": "이미지 삽입",
			"Insert link": "링크 삽입",
			"Link definition for '{0}' already exists": "'{0}'에 대한 링크 정의가 이미 있습니다.",
			"Link definition is unused": "링크 정의가 사용되지 않습니다.",
			"Link is already a reference": "링크가 이미 참조입니다.",
			"Link is also defined here": "링크가 여기에도 정의되어 있습니다.",
			"Link to '# {0}' in '{1}'": "'{1}'의 '# {0}' 링크",
			"Link to '{0}'": "'{0}' 링크",
			"Markdown Language Server": "Markdown 언어 서버",
			"Media": "미디어",
			"More Information": "추가 정보",
			"Never": "안 함",
			"No": "아니요",
			"No header found: '{0}'": "헤더를 찾을 수 없습니다. '{0}'",
			"No link definition found: '{0}'": "링크 정의를 찾을 수 없음: '{0}'",
			"Not on link": "링크에 없음",
			"Only load secure content": "보안 콘텐츠만 로드",
			"Paste and update pasted links": "붙여넣은 링크 붙여넣기 및 업데이트",
			"Potentially unsafe or insecure content has been disabled in the Markdown preview. Change the Markdown preview security setting to allow insecure content or enable scripts": "Markdown 미리 보기에서 잠재적으로 안전하지 않거나 보안되지 않은 콘텐츠가 사용하지 않도록 설정되어 있습니다. 안전하지 않은 콘텐츠를 허용하거나 스크립트를 사용하려면 Markdown 미리 보기 보안 설정을 변경하세요.",
			"Preview {0}": "미리 보기 {0}",
			"Reference link '{0}'": "참조 링크 '{0}'",
			"Remove duplicate link definition": "중복 링크 정의 제거",
			"Remove unused link definition": "사용되지 않는 링크 정의 제거",
			"Renaming is not supported here. Try renaming a header or link.": "여기서는 이름을 바꾸는 것이 지원되지 않습니다. 머리글 또는 링크의 이름을 변경해 보세요.",
			"Select security settings for Markdown previews in this workspace": "이 작업 영역에 대해 Markdown 미리 보기의 보안 설정 선택",
			"Some content has been disabled in this document": "이 문서에서 일부 콘텐츠가 사용하지 않도록 설정되었습니다.",
			"Strict": "Strict",
			"Update Markdown links for '{0}'?": "'{0}'에 대한 Markdown 링크를 업데이트하시겠습니까?",
			"Update Markdown links for the following {0} files?": "다음 파일 {0}개에 대한 Markdown 링크를 업데이트할까요?",
			"Yes": "예",
			"[Preview] {0}": "[미리 보기] {0}",
			"{0} cannot be found": "{0}을(를) 찾을 수 없습니다."
		},
		"package": {
			"configuration.copyIntoWorkspace.mediaFiles": "외부 이미지 및 비디오 파일을 작업 영역에 복사해 봅니다.",
			"configuration.copyIntoWorkspace.never": "외부 파일을 작업 영역에 복사하지 마세요.",
			"configuration.markdown.copyFiles.destination": "복사/붙여넣기 또는 드래그 앤 드롭으로 만든 파일의 경로와 파일명을 설정합니다. 새 파일을 만들어야 하는 대상 경로에 대한 Markdown 문서 경로와 일치하는 GLOB 맵입니다.\r\n\r\n대상 경로는 다음 변수를 사용할 수 있습니다.\r\n\r\n- '${documentDirName}' — Markdown 문서의 절대 부모 디렉터리 경로입니다(예: '/Users/me/myProject/docs').\r\n- '${documentRelativeDirName}' — Markdown 문서의 상대 부모 디렉터리 경로입니다(예: 'docs'). 파일이 작업 영역의 일부가 아닌 경우 '${documentDirName}'에 해당합니다.\r\n- '${documentFileName}' — Markdown 문서의 전체 파일 이름입니다(예: 'README.md').\r\n- '${documentBaseName}' — Markdown 문서의 기본 이름입니다(예: 'README').\r\n- '${documentExtName}' — Markdown 문서의 확장입니다(예: 'md').\r\n- '${documentFilePath}' — Markdown 문서의 절대 경로입니다(예: '/Users/me/myProject/docs/README.md').\r\n- '${documentRelativeFilePath}' — Markdown 문서의 상대 경로입니다(예: 'docs/README.md'). 파일이 작업 영역의 일부가 아닌 경우 '${documentFilePath}'과(와) 동일합니다.\r\n- '${documentWorkspaceFolder}' — Markdown 문서의 작업 영역 폴더입니다(예: '/Users/me/myProject'). 파일이 작업 영역의 일부가 아닌 경우 '${documentDirName}'에 해당합니다.\r\n- '${fileName}' — 삭제된 파일의 파일 이름입니다(예: 'image.png').\r\n- '${fileExtName}' — 삭제된 파일의 확장명입니다(예: 'png').",
			"configuration.markdown.copyFiles.overwriteBehavior": "놓기 또는 붙여넣기로 만든 파일이 기존 파일을 덮어쓸지 여부를 제어합니다.",
			"configuration.markdown.copyFiles.overwriteBehavior.nameIncrementally": "이름이 같은 파일이 이미 있는 경우 파일 이름에 숫자를 추가합니다(예: 'image.png'는 'image-1.png'가 됩니다.).",
			"configuration.markdown.copyFiles.overwriteBehavior.overwrite": "이름이 같은 파일이 이미 있는 경우 덮어씁니다.",
			"configuration.markdown.editor.drop.copyIntoWorkspace": "Markdown 편집기에 놓인 작업 영역 외부의 파일을 작업 영역으로 복사할지 여부를 제어합니다.\r\n\r\n`#markdown.copyFiles.destination#`을 사용하여 복사한 파일을 만들 위치를 구성합니다.",
			"configuration.markdown.editor.drop.enabled": "Shift 키를 누른 상태에서 Markdown 편집기에 파일 놓기를 설정합니다. '#editor.dropIntoEditor.enabled#'을 사용하도록 설정해야 합니다.",
			"configuration.markdown.editor.drop.enabled.always": "항상 Markdown 링크를 삽입합니다.",
			"configuration.markdown.editor.drop.enabled.never": "Markdown 링크를 만들지 않습니다.",
			"configuration.markdown.editor.drop.enabled.smart": "코드 블록 또는 다른 특수 요소에 드롭하지 않을 때 기본적으로 Markdown 링크를 스마트하게 만듭니다. 드롭 위젯을 사용하여 일반 텍스트로 붙여넣기 또는 Markdown 링크로 붙여넣기 간에 전환합니다.",
			"configuration.markdown.editor.filePaste.audioSnippet": "Markdown에 오디오를 추가할 때 사용되는 코드 조각입니다. 이 코드 조각은 다음 변수를 사용할 수 있습니다.\r\n- `${src}` - 오디오 파일의 확인된 경로입니다.\r\n- `${title}` - 오디오에 사용되는 제목입니다. 이 변수에 대한 코드 조각 자리 표시자가 자동으로 만들어집니다.",
			"configuration.markdown.editor.filePaste.copyIntoWorkspace": "Markdown 편집기에 붙여넣은 작업 영역 외부의 파일을 작업 영역으로 복사할지 여부를 제어합니다.\r\n\r\n`#markdown.copyFiles.destination#`을 사용하여 복사한 파일을 만들 위치를 구성합니다.",
			"configuration.markdown.editor.filePaste.enabled": "Markdown 편집기에 파일을 붙여넣어 Markdown 링크를 만들 수 있습니다. `#editor.pasteAs.enabled#를 활성화해야 합니다.",
			"configuration.markdown.editor.filePaste.enabled.always": "항상 Markdown 링크를 삽입합니다.",
			"configuration.markdown.editor.filePaste.enabled.never": "Markdown 링크를 만들지 않습니다.",
			"configuration.markdown.editor.filePaste.enabled.smart": "코드 블록 또는 다른 특수 요소에 붙여넣지 않을 때 기본적으로 Markdown 링크를 스마트하게 만듭니다. 붙여넣기 위젯을 사용하여 일반 텍스트로 붙여넣기 또는 Markdown 링크로 붙여넣기 간에 전환합니다.",
			"configuration.markdown.editor.filePaste.videoSnippet": "Markdown에 비디오를 추가할 때 사용되는 코드 조각입니다. 이 코드 조각은 다음 변수를 사용할 수 있습니다.\r\n- `${src}` - 비디오 파일의 확인된 경로입니다.\r\n- `${title}` - 비디오에 사용되는 제목입니다. 이 변수에 대한 코드 조각 자리 표시자가 자동으로 만들어집니다.",
			"configuration.markdown.editor.pasteUrlAsFormattedLink.enabled": "URL을 Markdown 편집기에 붙여넣을 때 Markdown 링크가 만들어지는지 여부를 제어합니다. '#editor.pasteAs.enabled#'을 사용하도록 설정해야 합니다.",
			"configuration.markdown.editor.updateLinksOnPaste.enabled": "Markdown 편집기 간에 복사하여 붙여넣은 텍스트의 링크 및 참조를 업데이트하는 붙여넣기 옵션을 사용/사용 안 함으로 설정합니다.\r\n\r\n이 기능을 사용하려면 업데이트 가능한 링크가 포함된 텍스트를 붙여넣은 후 붙여넣기 위젯을 클릭하고 '붙여넣은 링크 붙여넣기 및 업데이트'를 선택하기만 하면 됩니다.",
			"configuration.markdown.links.openLocation.beside": "활성 편집기 옆에 있는 링크를 엽니다.",
			"configuration.markdown.links.openLocation.currentGroup": "활성 편집기 그룹에서 링크를 엽니다.",
			"configuration.markdown.links.openLocation.description": "Markdown 파일의 링크를 열어야 하는 위치를 제어합니다.",
			"configuration.markdown.occurrencesHighlight.enabled": "현재 문서에서 링크 항목 강조 표시를 사용하도록 설정합니다.",
			"configuration.markdown.preferredMdPathExtensionStyle": "markdown 파일 링크에 파일 확장명(예: `.md`)이 추가되는지 여부를 제어합니다. 이 설정은 경로 완성 또는 파일 이름 바꾸기와 같은 도구를 사용하여 파일 경로를 추가할 때 사용됩니다.",
			"configuration.markdown.preferredMdPathExtensionStyle.auto": "기존 경로인 경우 파일 확장명 형식을 유지하려고 합니다. 새 경로인 경우 파일 확장명을 추가합니다.",
			"configuration.markdown.preferredMdPathExtensionStyle.includeExtension": "파일 확장명 포함을 선호합니다. 예를 들어 이름이 `file.md`인 파일에 대한 경로 완성은 `file.md`를 삽입합니다.",
			"configuration.markdown.preferredMdPathExtensionStyle.removeExtension": "파일 확장명 제거를 선호합니다. 예를 들어 이름이 `file.md`인 파일에 대한 경로 완성은 `.md` 없이 `file`을 삽입합니다.",
			"configuration.markdown.preview.openMarkdownLinks.description": "Markdown 미리 보기에서 다른 Markdown 파일의 링크를 여는 방법을 제어합니다.",
			"configuration.markdown.preview.openMarkdownLinks.inEditor": "편집기에서 링크를 열어 보세요.",
			"configuration.markdown.preview.openMarkdownLinks.inPreview": "Markdown 미리 보기에서 링크를 열어 보세요.",
			"configuration.markdown.suggest.paths.enabled.description": "Markdown 파일에서 링크를 작성하는 동안 경로 제안을 사용하도록 설정합니다.",
			"configuration.markdown.suggest.paths.includeWorkspaceHeaderCompletions": "현재 작업 영역의 다른 Markdown 파일에서 헤더에 대한 제안을 사용하도록 설정합니다. 이러한 제안 중 하나를 수락하면 헤더 전체 경로(예: '[link text](/path/to/file.md#header)')가 해당 파일에 삽입됩니다.",
			"configuration.markdown.suggest.paths.includeWorkspaceHeaderCompletions.never": "작업 영역 헤더 제안을 사용하지 않습니다.",
			"configuration.markdown.suggest.paths.includeWorkspaceHeaderCompletions.onDoubleHash": "경로에 '##'을 입력한 후 작업 영역 헤더 제안을 사용합니다. 예: '[link text](##'.",
			"configuration.markdown.suggest.paths.includeWorkspaceHeaderCompletions.onSingleOrDoubleHash": "경로에 '##' 또는 '#'을 입력한 후 작업 영역 헤더 제안을 사용합니다. 예: '[link text](#' 또는 '[link text](##'.",
			"configuration.markdown.updateLinksOnFileMove.enableForDirectories": "작업 영역에서 디렉터리를 이동하거나 이름을 바꿀 때 링크를 업데이트할 수 있도록 설정합니다.",
			"configuration.markdown.updateLinksOnFileMove.enabled": "작업 영역에서 파일 이름 변경/이동 시 Markdown 파일의 링크를 업데이트해 보세요. 링크 업데이트를 트리거하는 파일을 구성하려면 `#markdown.updateLinksOnFileMove.include#`를 사용하세요.",
			"configuration.markdown.updateLinksOnFileMove.enabled.always": "링크를 항상 자동으로 업데이트합니다.",
			"configuration.markdown.updateLinksOnFileMove.enabled.never": "링크를 업데이트하지 않고 메시지를 표시하지 마세요.",
			"configuration.markdown.updateLinksOnFileMove.enabled.prompt": "각 파일 이동에 대한 프롬프트입니다.",
			"configuration.markdown.updateLinksOnFileMove.include": "자동 링크 업데이트를 트리거하는 파일을 지정하는 GLOB 패턴입니다. 이 기능에 대한 자세한 내용은 '#markdown.updateLinksOnFileMove.enabled#'를 참조하세요.",
			"configuration.markdown.updateLinksOnFileMove.include.property": "파일 경로를 일치시킬 GLOB 패턴입니다. 패턴을 사용하도록 설정하려면 true로 설정합니다.",
			"configuration.markdown.validate.duplicateLinkDefinitions.description": "현재 파일에서 중복된 정의의 유효성을 검사합니다.",
			"configuration.markdown.validate.enabled.description": "Markdown 파일에서 모든 오류 보고를 사용하도록 설정합니다.",
			"configuration.markdown.validate.fileLinks.enabled.description": "Markdown 파일에서 다른 파일로 연결되는 링크의 유효성을 검사합니다(예: `[link](/path/to/file.md)`). 이를 통해 대상 파일이 존재하는지 확인할 수 있습니다. `#markdown.experimental.validate.enabled#`를 사용하도록 설정해야 합니다.",
			"configuration.markdown.validate.fileLinks.markdownFragmentLinks.description": "Markdown 파일에서 다른 파일의 헤더로 연결되는 링크의 조각 부분 유효성을 확인합니다(예: `[link](/path/to/file.md#header)`). 기본적으로 `#markdown.validate.fragmentLinks.enabled#`에서 설정 값을 상속합니다.",
			"configuration.markdown.validate.fragmentLinks.enabled.description": "현재 Markdown 파일의 헤더로 연결되는 조각 링크의 유효성을 검사합니다(예: `[link](#header)`). `#markdown.validate.enabled#`를 사용하도록 설정해야 합니다.",
			"configuration.markdown.validate.ignoredLinks.description": "유효성을 검사하지 않아야 하는 링크를 구성합니다. 예를 들어 `/about` 추가는 `[about](/about)` 링크의 유효성을 검사하지 않으며, glob `/assets/**/*.svg`를 사용하면 `assets` 디렉터리 아래의 `.svg` 파일로 연결되는 모든 링크에 대한 유효성 검사를 건너뛸 수 있습니다.",
			"configuration.markdown.validate.referenceLinks.enabled.description": "Markdown 파일에서 참조 링크(예: `[link][ref]`)의 유효성을 검사합니다. `#markdown.validate.enabled#`를 사용하도록 설정해야 합니다.",
			"configuration.markdown.validate.unusedLinkDefinitions.description": "현재 파일에서 사용되지 않는 링크 정의의 유효성을 검사합니다.",
			"configuration.pasteUrlAsFormattedLink.always": "항상 Markdown 링크를 삽입합니다.",
			"configuration.pasteUrlAsFormattedLink.never": "Markdown 링크를 만들지 않습니다.",
			"configuration.pasteUrlAsFormattedLink.smart": "코드 블록 또는 다른 특수 요소에 붙여넣지 않을 때 기본적으로 Markdown 링크를 스마트하게 만듭니다. 붙여넣기 위젯을 사용하여 일반 텍스트로 붙여넣기 또는 Markdown 링크로 붙여넣기 간에 전환합니다.",
			"configuration.pasteUrlAsFormattedLink.smartWithSelection": "텍스트를 선택했고 코드 블록이나 기타 특수 요소에 붙여넣지 않는 경우 기본적으로 스마트 Markdown 링크를 생성합니다. 붙여넣기 위젯을 사용하여 일반 텍스트로 붙여넣기 또는 Markdown 링크로 붙여넣기 간에 전환합니다.",
			"description": "Markdown에 대한 다양한 언어 지원을 제공합니다.",
			"displayName": "Markdown 언어 기능",
			"markdown.copyImage.title": "이미지 복사",
			"markdown.editor.insertImageFromWorkspace": "작업 영역에서 이미지 삽입",
			"markdown.editor.insertLinkFromWorkspace": "작업 영역에 파일 링크 삽입",
			"markdown.findAllFileReferences": "파일 참조 찾기",
			"markdown.preview.breaks.desc": "Markdown 미리 보기에서 줄 바꿈을 렌더링하는 방식을 설정합니다. 'true'로 설정하면 단락 안의 줄 바꿈에 대해 '<br>'이(가) 생성됩니다.",
			"markdown.preview.doubleClickToSwitchToEditor.desc": "Markdown 미리 보기에서 두 번 클릭하여 편집기로 전환합니다.",
			"markdown.preview.fontFamily.desc": "Markdown 미리 보기에서 사용되는 글꼴 패밀리를 제어합니다.",
			"markdown.preview.fontSize.desc": "Markdown 미리 보기에서 사용되는 글꼴 크기(픽셀)를 제어합니다.",
			"markdown.preview.lineHeight.desc": "Markdown 미리 보기에 사용되는 줄 높이를 제어합니다. 이 숫자는 글꼴 크기에 상대적입니다.",
			"markdown.preview.linkify": "Markdown 미리 보기에서 URL과 유사한 텍스트를 링크로 변환합니다.",
			"markdown.preview.markEditorSelection.desc": "Markdown 미리 보기에 현재 편집기 선택을 표시합니다.",
			"markdown.preview.refresh.title": "미리 보기 새로 고침",
			"markdown.preview.scrollEditorWithPreview.desc": "Markdown 미리 보기를 스크롤할 때 편집기의 보기를 업데이트합니다.",
			"markdown.preview.scrollPreviewWithEditor.desc": "Markdown 편집기를 스크롤할 때 미리 보기의 보기를 업데이트합니다.",
			"markdown.preview.title": "미리 보기 열기",
			"markdown.preview.toggleLock.title": "미리 보기 잠금 설정/해제",
			"markdown.preview.typographer": "Markdown 미리 보기에서 언어 중립적인 대체 및 인용 부호를 사용하도록 설정합니다.",
			"markdown.previewSide.title": "측면에서 미리 보기 열기",
			"markdown.server.log.desc": "Markdown 언어 서버의 로깅 수준을 제어합니다.",
			"markdown.showLockedPreviewToSide.title": "측면에서 잠긴 미리 보기 열기",
			"markdown.showPreviewSecuritySelector.title": "미리 보기 보안 설정 변경",
			"markdown.showSource.title": "소스 표시",
			"markdown.styles.dec": "Markdown 미리 보기에서 사용할 CSS 스타일시트의 URL 또는 로컬 경로 목록입니다. 상대 경로는 Explorer에서 열린 폴더를 기준으로 해석됩니다. 열린 폴더가 없으면 Markdown 파일의 위치를 기준으로 해석됩니다. 모든 '\\'는 '\\\\'로 써야 합니다.",
			"markdown.trace.extension.desc": "Markdown 확장에 대해 디버그 로깅을 사용하도록 설정합니다.",
			"markdown.trace.server.desc": "VS Code와 Markdown 언어 서버 간 통신을 추적합니다.",
			"workspaceTrust": "작업 영역에 구성된 스타일을 로드하는 데 필요합니다."
		}
	}
}