{
	"": [
		"--------------------------------------------------------------------------------------------",
		"Copyright (c) Microsoft Corporation. All rights reserved.",
		"Licensed under the MIT License. See License.txt in the project root for license information.",
		"--------------------------------------------------------------------------------------------",
		"Do not edit this file. It is machine generated."
	],
	"version": "1.0.0",
	"contents": {
		"bundle": {
			"...1 additional file not shown": "... 1 arquivo adicional não está mostrado",
			"...{0} additional files not shown": "... {0} arquivos adicionais não estão mostrados",
			"Allow all content and script execution. Not recommended": "Permitir a execução de todo o conteúdo e script. Não recomendado",
			"Allow insecure content": "Permitir conteúdo não seguro",
			"Allow insecure local content": "Permitir conteúdo local não seguro",
			"Always": "Sempre",
			"An unexpected error occurred while restoring the Markdown preview.": "Erro inesperado ao restaurar a visualização do Markdown.",
			"Checking for Markdown links to update": "Verificando se há links do Markdown para atualizar",
			"Content Disabled Security Warning": "Aviso de Segurança Desabilitado para Conteúdo",
			"Could not load 'markdown.styles': {0}": "Não foi possível carregar 'markdown.styles': {0}",
			"Could not open {0}": "Não foi possível abrir {0}",
			"Disable": "Desabilitar",
			"Disable preview security warning in this workspace": "Desabilitar aviso de segurança de visualização neste workspace",
			"Does not affect the content security level": "Não afeta o nível de segurança do conteúdo",
			"Enable loading content over http": "Habilitar carregamento de conteúdo via http",
			"Enable loading content over http served from localhost": "Habilitar carregamento de conteúdo via http servido por localhost",
			"Enable preview security warnings in this workspace": "Habilitar avisos de segurança de visualização neste workspace",
			"Exclude '{0}' from link validation.": "Exclua '{0}' da validação do link.",
			"Extract to link definition": "Extrair para definição de link",
			"File does not exist at path: {0}": "O arquivo não existe no caminho: {0}",
			"Find file references failed. No resource provided.": "Falha ao localizar as referências de arquivo. Nenhum recurso fornecido.",
			"Finding file references": "Localizando referências de arquivo",
			"Follow link": "Seguir o link",
			"Go to link definition": "Ir para definição de link",
			"Header does not exist in file: {0}": "O cabeçalho não existe no arquivo: {0}",
			"Insert Markdown Audio": "Inserir Áudio Markdown",
			"Insert Markdown Image": "Inserir Imagem de Markdown",
			"Insert Markdown Images": "Inserir imagens do Markdown",
			"Insert Markdown Images and Links": "Inserir imagens e links do Markdown",
			"Insert Markdown Link": "Inserir link de Markdown",
			"Insert Markdown Links": "Inserir links do Markdown",
			"Insert Markdown Media": "Inserir Mídia de Markdown",
			"Insert Markdown Media and Images": "Inserir Mídia e Imagens de Markdown",
			"Insert Markdown Media and Links": "Inserir Mídia e Links de Markdown",
			"Insert Markdown Video": "Inserir Vídeo Markdown",
			"Insert image": "Inserir imagem",
			"Insert link": "Inserir link",
			"Link definition for '{0}' already exists": "A definição de link para '{0}' já existe",
			"Link definition is unused": "A definição de link não está sendo usada",
			"Link is already a reference": "O link já é uma referência",
			"Link is also defined here": "O link também está definido aqui",
			"Link to '# {0}' in '{1}'": "Link para “# {0}“ em “{1}”",
			"Link to '{0}'": "Vincular a “{0}”",
			"Markdown Language Server": "Servidor de Linguagem Markdown",
			"Media": "Mídia",
			"More Information": "Mais Informações",
			"Never": "Nunca",
			"No": "Não",
			"No header found: '{0}'": "Nenhum cabeçalho encontrado: '{0}'",
			"No link definition found: '{0}'": "Nenhuma definição de link encontrada: '{0}'",
			"Not on link": "Não está no link",
			"Only load secure content": "Carregar somente conteúdo seguro",
			"Paste and update pasted links": "Colar e atualizar os links colados",
			"Potentially unsafe or insecure content has been disabled in the Markdown preview. Change the Markdown preview security setting to allow insecure content or enable scripts": "Um conteúdo potencialmente não seguro foi desabilitado na visualização de Markdown. Altere a configuração de segurança da visualização de Markdown para permitir o conteúdo não seguro ou habilitar os scripts",
			"Preview {0}": "Visualizar {0}",
			"Reference link '{0}'": "Link de referência “{0}”",
			"Remove duplicate link definition": "Remover definição de link duplicado",
			"Remove unused link definition": "Remover definição de link não utilizada",
			"Renaming is not supported here. Try renaming a header or link.": "Não há suporte para renomeação aqui. Tente renomear um cabeçalho ou link.",
			"Select security settings for Markdown previews in this workspace": "Selecionar configurações de segurança para visualizações de Markdown neste workspace",
			"Some content has been disabled in this document": "Algum conteúdo foi desabilitado neste documento",
			"Strict": "Estrito",
			"Update Markdown links for '{0}'?": "Atualizar os links do Markdown do '{0}'?",
			"Update Markdown links for the following {0} files?": "Atualizar links do Markdown para os seguintes arquivos {0}?",
			"Yes": "Sim",
			"[Preview] {0}": "[Versão Prévia] {0}",
			"{0} cannot be found": "{0} não encontrado"
		},
		"package": {
			"configuration.copyIntoWorkspace.mediaFiles": "Tente copiar arquivos externos de imagem e vídeo para o workspace.",
			"configuration.copyIntoWorkspace.never": "Não copie arquivos externos para o workspace.",
			"configuration.markdown.copyFiles.destination": "Configura o caminho e o nome do arquivo dos arquivos criados por copiar/colar ou arrastar e soltar. Este é um mapa de globs que correspondem a um caminho de documento Markdown para o caminho de destino onde o novo arquivo deve ser criado.\r\n\r\nO caminho de destino pode usar as seguintes variáveis:\r\n\r\n- `${documentDirName}` — Caminho absoluto do diretório pai do documento Markdown, por exemplo, `/Users/me/myProject/docs`.\r\n- `${documentRelativeDirName}` — Caminho relativo do diretório pai do documento Markdown, por exemplo `docs`. Isso será o mesmo que `${documentDirName}` se o arquivo não fizer parte de um workspace.\r\n- `${documentFileName}` — O nome de arquivo completo do documento Markdown, por exemplo, `README.md`.\r\n- `${documentBaseName}` — O nome base do documento Markdown, por exemplo, `README`.\r\n- `${documentExtName}` — A extensão do documento Markdown, por exemplo, `md`.\r\n- `${documentFilePath}` — Caminho absoluto do documento Markdown, por exemplo, `/Users/me/myProject/docs/README.md`.\r\n- `${documentRelativeFilePath}` — Caminho relativo do documento Markdown, por exemplo, `docs/README.md`. Isso será o mesmo que `${documentFilePath}` se o arquivo não fizer parte de um workspace.\r\n- `${documentWorkspaceFolder}` — A pasta de workspace do documento Markdown, por exemplo, `/Users/me/myProject`. Isso será o mesmo que `${documentDirName}` se o arquivo não fizer parte de um workspace.\r\n- `${fileName}` — O nome do arquivo descartado, por exemplo, `image.png`.\r\n- `${fileExtName}` — A extensão do arquivo descartado, por exemplo, `png`.",
			"configuration.markdown.copyFiles.overwriteBehavior": "Controla se os arquivos criados por soltar ou colar devem substituir os arquivos existentes.",
			"configuration.markdown.copyFiles.overwriteBehavior.nameIncrementally": "Se já existir um arquivo com o mesmo nome, acrescente um número ao nome do arquivo, por exemplo: `image.png` torna-se `image-1.png`.",
			"configuration.markdown.copyFiles.overwriteBehavior.overwrite": "Se já existir um arquivo com o mesmo nome, substitua-o.",
			"configuration.markdown.editor.drop.copyIntoWorkspace": "Controla se os arquivos fora do workspace que são soltos em um editor Markdown devem ser copiados para o workspace.\r\n\r\nUse `#markdown.copyFiles.destination#` para configurar onde os arquivos descartados copiados devem ser criados",
			"configuration.markdown.editor.drop.enabled": "Habilite a opção de soltar arquivos em um Markdown editor ao pressionar a tecla Shift. Requer habilitar `#editor.dropIntoEditor.enabled#`.",
			"configuration.markdown.editor.drop.enabled.always": "Sempre inserir links Markdown.",
			"configuration.markdown.editor.drop.enabled.never": "Nunca crie links Markdown.",
			"configuration.markdown.editor.drop.enabled.smart": "Crie links Markdown de forma inteligente por padrão quando não soltar em um bloco de código ou em outro elemento especial. Use o widget de soltar para alternar entre colar como texto sem formatação ou como links Markdown.",
			"configuration.markdown.editor.filePaste.audioSnippet": "Snippet usado ao adicionar áudio ao Markdown. Esse snippet pode usar as seguintes variáveis:\r\n- `${src}` — O caminho resolvido do arquivo de  áudio.\r\n- `${title}` — O título usado para o áudio. Um espaço reservado de snippet será criado automaticamente para esta variável.",
			"configuration.markdown.editor.filePaste.copyIntoWorkspace": "Controla se os arquivos fora do workspace que são colados em um editor Markdown devem ser copiados para o workspace.\r\n\r\nUse `#markdown.copyFiles.destination#` para configurar onde os arquivos copiados devem ser criados.",
			"configuration.markdown.editor.filePaste.enabled": "Ative a colagem de arquivos em um editor Markdown para criar links Markdown. Requer ativar `#editor.pasteAs.enabled#`.",
			"configuration.markdown.editor.filePaste.enabled.always": "Sempre inserir links Markdown.",
			"configuration.markdown.editor.filePaste.enabled.never": "Nunca crie links Markdown.",
			"configuration.markdown.editor.filePaste.enabled.smart": "Crie links Markdown de forma inteligente por padrão quando não estiver colando em um bloco de código ou outro elemento especial. Use o widget de colagem para alternar entre colar como texto sem formatação ou como links markdown.",
			"configuration.markdown.editor.filePaste.videoSnippet": "Snippet usado ao adicionar vídeos ao Markdown. Esse snippet pode usar as seguintes variáveis:\r\n- “${src}” — O caminho resolvido do arquivo de vídeo.\r\n- `${title}` — O título usado para o vídeo. Um espaço reservado de snippet será criado automaticamente para esta variável.",
			"configuration.markdown.editor.pasteUrlAsFormattedLink.enabled": "Controla se os links Markdown são criados quando os URLs são colados em um editor Markdown. Requer a habilitação de `#editor.pasteAs.enabled#`.",
			"configuration.markdown.editor.updateLinksOnPaste.enabled": "Habilitar/desabilitar uma opção de colagem que atualiza links e referências no texto que é copiado e colado entre editores Markdown.\r\n\r\nPara usar esse recurso, depois de colar um texto que contém os links atualizáveis, basta clicar no Widget de Colagem e selecionar `Colar e atualizar os links colados`.",
			"configuration.markdown.links.openLocation.beside": "Abrir links ao lado do editor ativo.",
			"configuration.markdown.links.openLocation.currentGroup": "Abrir links no grupo do editor ativo.",
			"configuration.markdown.links.openLocation.description": "Controla se os links nos arquivos Markdown devem ser abertos.",
			"configuration.markdown.occurrencesHighlight.enabled": "Habilitar o realce de ocorrências de link no documento atual.",
			"configuration.markdown.preferredMdPathExtensionStyle": "Controla se extensões de arquivo (por exemplo `.md`) são adicionadas ou não para links em arquivos Markdown. Essa configuração é usada quando caminhos de arquivo são adicionados por ferramentas como conclusão de caminho ou renomeação de arquivo.",
			"configuration.markdown.preferredMdPathExtensionStyle.auto": "Para caminhos existentes, tente manter o estilo de extensão de arquivo. Para novos caminhos, adicione extensões de arquivo.",
			"configuration.markdown.preferredMdPathExtensionStyle.includeExtension": "Prefira incluir a extensão do arquivo. Por exemplo, conclusões de caminho para um arquivo chamado `file.md` irão inserir `file.md`.",
			"configuration.markdown.preferredMdPathExtensionStyle.removeExtension": "Prefira remover a extensão do arquivo. Por exemplo, conclusões de caminho para um arquivo chamado `file.md` irão inserir `file` sem o `.md`.",
			"configuration.markdown.preview.openMarkdownLinks.description": "Controla como os links para outros arquivos Markdown na visualização de Markdown devem ser abertos.",
			"configuration.markdown.preview.openMarkdownLinks.inEditor": "Tentar abrir links no editor.",
			"configuration.markdown.preview.openMarkdownLinks.inPreview": "Tentar abrir links na visualização de Markdown.",
			"configuration.markdown.suggest.paths.enabled.description": "Habilitar sugestões de caminho ao escrever links em arquivos Markdown.",
			"configuration.markdown.suggest.paths.includeWorkspaceHeaderCompletions": "Habilite sugestões para cabeçalhos em outros arquivos Markdown no workspace atual. Aceitar uma dessas sugestões insere o caminho completo para o cabeçalho nesse arquivo, por exemplo: `[texto do link](/caminho/para/arquivo.md#cabeçalho)`.",
			"configuration.markdown.suggest.paths.includeWorkspaceHeaderCompletions.never": "Desativar as sugestões de cabeçalho do espaço de trabalho.",
			"configuration.markdown.suggest.paths.includeWorkspaceHeaderCompletions.onDoubleHash": "Habilite as sugestões de cabeçalho do workspace após digitar `##` em um caminho, por exemplo: `[texto do link](##`.",
			"configuration.markdown.suggest.paths.includeWorkspaceHeaderCompletions.onSingleOrDoubleHash": "Habilite as sugestões de cabeçalho do workspace depois de digitar `##` ou `#` em um caminho, por exemplo: `[texto do link](#` ou `[texto do link](##`.",
			"configuration.markdown.updateLinksOnFileMove.enableForDirectories": "Habilitar links de atualização quando um diretório for movido ou renomeado no workspace.",
			"configuration.markdown.updateLinksOnFileMove.enabled": "Tente atualizar links em arquivos Markdown quando um arquivo for renomeado/movido no workspace. Use `#markdown.updateLinksOnFileMove.include#` para configurar quais arquivos disparam atualizações de links.",
			"configuration.markdown.updateLinksOnFileMove.enabled.always": "Sempre atualize os links automaticamente.",
			"configuration.markdown.updateLinksOnFileMove.enabled.never": "Nunca tente atualizar o link e não avisar.",
			"configuration.markdown.updateLinksOnFileMove.enabled.prompt": "Avisar sobre cada movimentação de arquivo.",
			"configuration.markdown.updateLinksOnFileMove.include": "Padrões glob que especificam quais arquivos disparam atualizações automáticas de link. Consulte `#markdown.updateLinksOnFileMove.enabled#` para obter detalhes sobre esse recurso.",
			"configuration.markdown.updateLinksOnFileMove.include.property": "O padrão glob para corresponder aos caminhos de arquivo. Defina como true para habilitar o padrão.",
			"configuration.markdown.validate.duplicateLinkDefinitions.description": "Validar definições duplicadas no arquivo atual.",
			"configuration.markdown.validate.enabled.description": "Habilitar todos os relatórios de erros em arquivos Markdown.",
			"configuration.markdown.validate.fileLinks.enabled.description": "Valide links para outros arquivos em arquivos Markdown, por exemplo, `[link](/path/to/file.md)`. Isso verifica se os arquivos de destino existem. Requer a ativação de `#markdown.validate.enabled#`.",
			"configuration.markdown.validate.fileLinks.markdownFragmentLinks.description": "Valide a parte do fragmento de links para cabeçalhos em outros arquivos em arquivos Markdown, por exemplo: `[link](/path/to/file.md#header)`. Herda o valor de configuração de `#markdown.validate.fragmentLinks.enabled#` por padrão.",
			"configuration.markdown.validate.fragmentLinks.enabled.description": "Valide links de fragmentos para cabeçalhos no arquivo Markdown atual, por exemplo: `[link](#header)`. Requer ativar `#markdown.validate.enabled#`.",
			"configuration.markdown.validate.ignoredLinks.description": "Configure links que não devem ser validados. Por exemplo, adicionar `/about` não validaria o link `[about](/about)`, enquanto o glob `/assets/**/*.svg` permitiria que você pule a validação de qualquer link para arquivos `.svg` no diretório `assets`.",
			"configuration.markdown.validate.referenceLinks.enabled.description": "Valide links de referência em arquivos Markdown, por exemplo: `[link][ref]`. Requer ativar `#markdown.validate.enabled#`.",
			"configuration.markdown.validate.unusedLinkDefinitions.description": "Valide as definições de link que não são usadas no arquivo atual.",
			"configuration.pasteUrlAsFormattedLink.always": "Sempre inserir links Markdown.",
			"configuration.pasteUrlAsFormattedLink.never": "Nunca crie links Markdown.",
			"configuration.pasteUrlAsFormattedLink.smart": "Crie links Markdown de forma inteligente por padrão quando não estiver colando em um bloco de código ou outro elemento especial. Use o widget de colagem para alternar entre colar como texto sem formatação ou como links markdown.",
			"configuration.pasteUrlAsFormattedLink.smartWithSelection": "Crie links Markdown de forma inteligente por padrão quando você seleciona o texto e não cola em um bloco de código ou outro elemento especial. Use o widget colar para alternar entre colar como texto simples ou como links Markdown.",
			"description": "Fornece suporte de linguagem avançada para Markdown.",
			"displayName": "Recursos da Linguagem Markdown",
			"markdown.copyImage.title": "Copiar Imagem",
			"markdown.editor.insertImageFromWorkspace": "Inserir Imagem do Workspace",
			"markdown.editor.insertLinkFromWorkspace": "Inserir Link para Arquivo no Workspace",
			"markdown.findAllFileReferences": "Localizar Referências de Arquivo",
			"markdown.preview.breaks.desc": "Define como as quebras de linha são renderizadas na visualização de Markdown. Defini-lo como `true` cria um `<br>` para novas linhas dentro de parágrafos.",
			"markdown.preview.doubleClickToSwitchToEditor.desc": "Clique duas vezes na visualização Markdown para alternar para o editor.",
			"markdown.preview.fontFamily.desc": "Controla a família de fontes usada na visualização de Markdown.",
			"markdown.preview.fontSize.desc": "Controla o tamanho da fonte em pixels usado na visualização de Markdown.",
			"markdown.preview.lineHeight.desc": "Controla a altura da linha usada na visualização de Markdown. Este número é relativo ao tamanho da fonte.",
			"markdown.preview.linkify": "Conversão de texto do tipo URL para links na visualização de Markdown.",
			"markdown.preview.markEditorSelection.desc": "Marcar a seleção do editor atual na visualização de Markdown.",
			"markdown.preview.refresh.title": "Atualizar Visualização",
			"markdown.preview.scrollEditorWithPreview.desc": "Quando uma visualização de Markdown for rolada, atualizar a exibição do editor.",
			"markdown.preview.scrollPreviewWithEditor.desc": "Quando um Markdown editor for rolado, atualizar a exibição da visualização.",
			"markdown.preview.title": "Abrir Visualização",
			"markdown.preview.toggleLock.title": "Ativar/Desativar Bloqueio de Visualização",
			"markdown.preview.typographer": "Habilitar algumas substituições com neutralidade de linguagem e o aperfeiçoamento de citações na visualização de Markdown.",
			"markdown.previewSide.title": "Abrir Visualização ao Lado",
			"markdown.server.log.desc": "Controla o nível de registros em log do servidor de linguagem Markdown.",
			"markdown.showLockedPreviewToSide.title": "Abrir Visualização Bloqueada ao Lado",
			"markdown.showPreviewSecuritySelector.title": "Alterar Configurações de Segurança da Visualização",
			"markdown.showSource.title": "Mostrar Origem",
			"markdown.styles.dec": "Uma lista de URLs ou caminhos locais para folhas de estilos CSS que serão usados na visualização do Markdown. Os caminhos relativos são interpretados em relação à pasta aberta no Explorer. Se não houver pastas abertas, eles serão interpretados em relação à localização do arquivo Markdown. Todos os '\\' precisam ser escritos como '\\\\'.",
			"markdown.trace.extension.desc": "Habilitar o registro em log da depuração para a extensão de Markdown.",
			"markdown.trace.server.desc": "Traça a comunicação entre o VS Code e o servidor de linguagem Markdown.",
			"workspaceTrust": "Necessário para carregar estilos configurados no espaço de trabalho."
		}
	}
}