{
	"": [
		"--------------------------------------------------------------------------------------------",
		"Copyright (c) Microsoft Corporation. All rights reserved.",
		"Licensed under the MIT License. See License.txt in the project root for license information.",
		"--------------------------------------------------------------------------------------------",
		"Do not edit this file. It is machine generated."
	],
	"version": "1.0.0",
	"contents": {
		"bundle": {
			"Checkout on vscode.dev": "Wyewidencjonowanie w vscode.dev",
			"Commit Changes": "Zatwierdź zmiany",
			"Copy Anyway": "Kopiuj mimo to",
			"Copy vscode.dev Link": "Kopiuj link vscode.dev",
			"Create Fork": "Utwórz rozwidlenie",
			"Create GitHub fork": "Utwórz rozwidlenie GitHub",
			"Create PR": "Utwórz PR",
			"Creating GitHub Pull Request...": "Trwa tworzenie żądania ściągnięcia GitHub...",
			"Creating first commit": "Tworzenie pierwszego zatwierdzenia",
			"Forking \"{0}/{1}\"...": "Rozwidlenie „{0}/{1}”...",
			"Learn More": "Dowiedz się więcej",
			"Log level: {0}": "Poziom rejestrowania: {0}",
			"No": "Nie",
			"No template": "Brak szablonu",
			"Open PR": "Otwórz PR",
			"Open on GitHub": "Otwórz w witrynie GitHub",
			"Pick a folder to publish to GitHub": "Wybierz folder do opublikowania w usłudze GitHub",
			"Publish Branch & Copy Link": "Opublikuj gałąź i kopiuj link",
			"Publishing to a private GitHub repository": "Publikowanie w prywatnym repozytorium GitHub",
			"Publishing to a public GitHub repository": "Publikowanie w publicznym repozytorium GitHub",
			"Pull Changes & Copy Link": "Ściągnij zmiany i kopiuj link",
			"Push Commits & Copy Link": "Wypychaj zatwierdzenia i kopiuj link",
			"Pushing changes...": "Trwa wypychanie zmian...",
			"Select the Pull Request template": "Wybierz szablon żądania ściągnięcia",
			"Select which files should be included in the repository.": "Wybierz pliki, które mają zostać uwzględnione w repozytorium.",
			"Successfully published the \"{0}\" repository to GitHub.": "Pomyślnie opublikowano repozytorium „{0}” w witrynie GitHub.",
			"The PR \"{0}/{1}#{2}\" was successfully created on GitHub.": "Pomyślnie utworzono żądanie ściągnięcia „{0}/{1}#{2}” w usłudze GitHub.",
			"The current branch has unpublished commits. Would you like to push your commits before copying a link?": "Bieżąca gałąź ma nieopublikowane zatwierdzenia. Czy chcesz wypchnąć zatwierdzenia przed skopiowaniem linku?",
			"The current branch is not published to the remote. Would you like to publish your branch before copying a link?": "Bieżąca gałąź nie jest opublikowana w lokalizacji zdalnej. Czy chcesz opublikować gałąź przed skopiowaniem linku?",
			"The current branch is not up to date. Would you like to pull before copying a link?": "Bieżąca gałąź jest nieaktualna. Czy chcesz ściągnąć przed skopiowaniem linku?",
			"The current file has uncommitted changes. Please commit your changes before copying a link.": "Bieżący plik zawiera niezatwierdzone zmiany. Zatwierdź zmiany przed skopiowaniem linku.",
			"The fork \"{0}\" was successfully created on GitHub.": "Rozwidlenie „{0}” zostało pomyślnie utworzone w usłudze GitHub.",
			"Uploading files": "Przekazywanie plików",
			"You don't have permissions to push to \"{0}/{1}\" on GitHub. Would you like to create a fork and push to it instead?": "Nie masz uprawnień do wypchnięcia do „{0}/{1}” w usłudze GitHub. Czy chcesz utworzyć rozwidlenie i zamiast tego wypchnąć do rozwidlenia?",
			"Your push to \"{0}/{1}\" was rejected by GitHub because push protection is enabled and one or more secrets were detected.": "Twoje wypychanie do „{0}/{1}” zostało odrzucone przez usługę GitHub, ponieważ włączono ochronę wypychaną i wykryto co najmniej jeden wpis tajny."
		},
		"package": {
			"config.branchProtection": "Określa, czy wykonywać zapytania o reguły repozytorium dla repozytoriów GitHub",
			"config.gitAuthentication": "Określa, czy należy włączyć automatyczne uwierzytelnianie GitHub dla poleceń Git w programie VS Code.",
			"config.gitProtocol": "Określa, który protokół jest używany do klonowania repozytorium GitHub",
			"description": "Funkcje usługi GitHub dla programu VS Code",
			"displayName": "GitHub",
			"welcome.publishFolder": "Możesz bezpośrednio opublikować ten folder do repozytorium GitHub. Po opublikowaniu, będziesz mieć dostęp do funkcji kontroli źródła obsługiwanych przez Git i GitHub.\r\n[$(github) Publikuj do GitHub](command:github.publish)",
			"welcome.publishWorkspaceFolder": "Możesz bezpośrednio opublikować folder obszaru roboczego do repozytorium GitHub. Po opublikowaniu, będziesz mieć dostęp do funkcji kontroli źródła obsługiwanych przez Git i GitHub.\r\n[$(github) Publikuj do GitHub](command:github.publish)"
		}
	}
}