{
	"": [
		"--------------------------------------------------------------------------------------------",
		"Copyright (c) Microsoft Corporation. All rights reserved.",
		"Licensed under the MIT License. See License.txt in the project root for license information.",
		"--------------------------------------------------------------------------------------------",
		"Do not edit this file. It is machine generated."
	],
	"version": "1.0.0",
	"contents": {
		"bundle": {
			"Could not find a valid npm script at the selection.": "Não foi possível localizar um script npm válido na seleção.",
			"Debug": "Depurar",
			"Debug Script": "Depurar Script",
			"Default bower.json": "bower.json padrão",
			"Default package.json": "package.json padrão",
			"Do not show again": "Não mostrar novamente",
			"Latest version: {0}": "Versão mais recente: {0}",
			"Latest version: {0} published {1}": "Versão mais recente: {0} publicado {1}",
			"Learn more": "Saiba mais",
			"Matches the most recent major version (1.x.x)": "Coincide com a versão principal mais recente (1.x.x)",
			"Matches the most recent minor version (1.2.x)": "Coincide com a versão secundária mais recente (1.2.x)",
			"No scripts found.": "Nenhum script encontrado.",
			"Npm task detection: failed to parse the file {0}": "Detecção de tarefa NPM: falha ao analisar o arquivo {0}",
			"Request to the NPM repository failed: {0}": "Falha na solicitação para o repositório NPM: {0}",
			"Request to the bower repository failed: {0}": "Falha na solicitação para o repositório bower: {0}",
			"Run Script": "Executar o Script",
			"Run the script as a task": "Executar o script como uma tarefa",
			"Runs the script under the debugger": "Executa o script no depurador",
			"The currently latest version of the package": "A versão estável mais recente do pacote",
			"The setting \"npm.autoDetect\" is \"off\".": "A configuração \"npm.autoDetect\" é \"off\".",
			"Using {0} as the preferred package manager. Found multiple lockfiles for {1}.  To resolve this issue, delete the lockfiles that don't match your preferred package manager or change the setting \"npm.packageManager\" to a value other than \"auto\".": "Usando {0} como o gerenciador de pacotes preferencial. Vários arquivos de bloqueio encontrados para {1}. Para resolver esse problema, exclua os arquivos de bloqueio que não correspondem ao seu gerenciador de pacotes preferido ou altere a configuração \"npm.packageManager\" para um valor diferente de \"auto\".",
			"in {0}": "em {0}",
			"latest": "mais recente",
			"now": "agora",
			"{0} day": "{0} dia",
			"{0} day ago": "{0} dia atrás",
			"{0} days": "{0} dias",
			"{0} days ago": "{0} dias atrás",
			"{0} hour": "{0} hora",
			"{0} hour ago": "{0} hora atrás",
			"{0} hours": "{0} horas",
			"{0} hours ago": "{0} horas atrás",
			"{0} hr": "{0} hora",
			"{0} hr ago": "{0} hr atrás",
			"{0} hrs": "{0} horas",
			"{0} hrs ago": "{0} hrs atrás",
			"{0} min": "{0} min",
			"{0} min ago": "{0} min atrás",
			"{0} mins": "{0} minutos",
			"{0} mins ago": "{0} minutos atrás",
			"{0} minute": "{0} minuto",
			"{0} minute ago": "{0} minuto atrás",
			"{0} minutes": "{0} minutos",
			"{0} minutes ago": "{0} minutos atrás",
			"{0} mo": "{0} mês",
			"{0} mo ago": "{0} mês atrás",
			"{0} month": "{0} mês",
			"{0} month ago": "{0} mês atrás",
			"{0} months": "{0} meses",
			"{0} months ago": "{0} meses atrás",
			"{0} mos": "{0} meses",
			"{0} mos ago": "{0} m atrás",
			"{0} sec": "{0} sec",
			"{0} sec ago": "{0} segundo atrás",
			"{0} second": "{0} segundo",
			"{0} second ago": "{0} segundo atrás",
			"{0} seconds": "{0} segundos",
			"{0} seconds ago": "{0} segundos atrás",
			"{0} secs": "{0} segundos",
			"{0} secs ago": "{0} seg atrás",
			"{0} week": "{0} semana",
			"{0} week ago": "{0} semana atrás",
			"{0} weeks": "{0} semanas",
			"{0} weeks ago": "{0} semanas atrás",
			"{0} wk": "{0} semana",
			"{0} wk ago": "{0} semana atrás",
			"{0} wks": "{0} semanas",
			"{0} wks ago": "{0} semanas atrás",
			"{0} year": "{0} ano",
			"{0} year ago": "{0} ano atrás",
			"{0} years": "{0} anos",
			"{0} years ago": "{0} anos atrás",
			"{0} yr": "{0} a",
			"{0} yr ago": "{0} a atrás",
			"{0} yrs": "{0} anos",
			"{0} yrs ago": "{0} anos atrás"
		},
		"package": {
			"command.debug": "Depurar",
			"command.openScript": "Abrir",
			"command.packageManager": "Obter o Gerenciador de Pacotes Configurado",
			"command.refresh": "Atualizar",
			"command.run": "Executar",
			"command.runInstall": "Executar Instalação",
			"command.runScriptFromFolder": "Executar Script NPM na Pasta...",
			"command.runSelectedScript": "Executar o Script",
			"config.npm.autoDetect": "Controla se os scripts npm devem ser automaticamente detectados.",
			"config.npm.enableRunFromFolder": "Habilitar a execução de scripts npm contidos em uma pasta no menu de contexto do Explorador.",
			"config.npm.enableScriptExplorer": "Habilitar um modo de exibição do explorador para scripts npm quando não houver arquivo 'package.json' de nível superior.",
			"config.npm.exclude": "Configurar padrões glob para pastas que devem ser excluídas da detecção automática de script.",
			"config.npm.fetchOnlinePackageInfo": "Buscar dados de https://registry.npmjs.org e https://registry.bower.io para fornecer preenchimento automático e informações sobre os recursos de foco em dependências npm.",
			"config.npm.packageManager": "O gerenciador de pacotes usado para executar scripts.",
			"config.npm.packageManager.auto": "Detectar automaticamente qual gerenciador de pacotes deve ser usado para executar scripts com base nos arquivos de bloqueio e nos gerenciadores de pacotes instalados.",
			"config.npm.packageManager.bun": "Use bun como o gerenciador de pacotes para executar scripts.",
			"config.npm.packageManager.npm": "Usar o npm como o gerenciador de pacotes para executar scripts.",
			"config.npm.packageManager.pnpm": "Usar o pnpm como o gerenciador de pacotes para executar scripts.",
			"config.npm.packageManager.yarn": "Usar o YARN como o gerenciador de pacotes para executar scripts.",
			"config.npm.runSilent": "Execute comandos npm com a opção `--silent`.",
			"config.npm.scriptExplorerAction": "A ação de clique padrão usada no Explorador de Scripts NPM: `open` ou `run`, o padrão é `open`.",
			"config.npm.scriptExplorerExclude": "Uma matriz de expressões regulares que indicam quais scripts devem ser excluídos da exibição de Scripts NPM.",
			"config.npm.scriptHover": "Exiba o foco com os comandos 'Executar' e 'Depurar' para scripts.",
			"description": "Extensão para adicionar suporte de tarefa para scripts npm.",
			"displayName": "Suporte NPM para VS Code",
			"npm.parseError": "Detecção de tarefa NPM: falha ao analisar o arquivo {0}",
			"taskdef.path": "O caminho para a pasta do arquivo package.json que fornece o script. Pode ser omitido.",
			"taskdef.script": "O script npm para personalizar.",
			"view.name": "Scripts NPM",
			"virtualWorkspaces": "A funcionalidade que requer a execução do comando 'npm' não está disponível em espaços de trabalho virtuais.",
			"workspaceTrust": "Essa extensão executa tarefas que exigem confiança para serem executadas."
		}
	}
}