{
	"": [
		"--------------------------------------------------------------------------------------------",
		"Copyright (c) Microsoft Corporation. All rights reserved.",
		"Licensed under the MIT License. See License.txt in the project root for license information.",
		"--------------------------------------------------------------------------------------------",
		"Do not edit this file. It is machine generated."
	],
	"version": "1.0.0",
	"contents": {
		"bundle": {
			"Error validating custom environment setting: {0}": "사용자 지정 환경 설정 확인 오류: {0}",
			"Having trouble logging in?": "로그인하는 데 문제가 있나요?",
			"Microsoft Account configuration has been changed.": "Microsoft 계정 구성이 변경되었습니다.",
			"Microsoft Authentication": "Microsoft 인증",
			"Microsoft Sovereign Cloud Authentication": "Microsoft 소버린 클라우드 인증",
			"Open settings": "설정 열기",
			"Paste authorization code here...": "여기에 권한 부여 코드를 붙여넣습니다...",
			"Provide the authorization code to complete the sign in flow.": "로그인 흐름을 완료하는 권한 부여 코드를 제공합니다.",
			"Reload": "다시 로드",
			"Signing in to Microsoft...": "Microsoft에 로그인하는 중...",
			"Signing in to your account...": "계정에 로그인하는 중...",
			"The environment `{0}` is not a valid environment.": "'{0}' 환경이 올바른 환경이 아닙니다.",
			"Would you like to try a different way to sign in to your Microsoft account? ({0})": "다른 방법으로 Microsoft 계정에 로그인하시겠어요?({0})",
			"Yes": "예",
			"You have been signed out because reading stored authentication information failed.": "저장된 인증 정보를 읽는 데 실패하여 로그아웃되었습니다.",
			"You must also specify a custom environment in order to use the custom environment auth provider.": "사용자 지정 환경 인증 공급자를 사용하려면 사용자 지정 환경도 지정해야 합니다."
		},
		"package": {
			"description": "Microsoft 인증 공급자",
			"displayName": "Microsoft 계정",
			"microsoft-authentication.implementation.description": "Microsoft 계정 로그인하는 데 사용할 인증 구현입니다.",
			"microsoft-authentication.implementation.enumDescriptions.classic": "클래식 인증 흐름을 사용하여 Microsoft 계정 로그인합니다.",
			"microsoft-authentication.implementation.enumDescriptions.msal": "MSAL(Microsoft 인증 라이브러리)을 사용하여 Microsoft 계정에 로그인합니다.",
			"microsoft-sovereign-cloud.customEnvironment.activeDirectoryEndpointUrl.description": "사용자 지정 소버린 클라우드에 대한 Active Directory 엔드포인트입니다.",
			"microsoft-sovereign-cloud.customEnvironment.activeDirectoryResourceId.description": "사용자 지정 소버린 클라우드의 Active Directory 리소스 ID입니다.",
			"microsoft-sovereign-cloud.customEnvironment.description": "Microsoft 소버린 클라우드 인증 공급자와 함께 사용할 소버린 클라우드에 대한 사용자 지정 구성입니다. 이 기능을 사용하려면 `#microsoft-sovereign-cloud.environment#`을 'custom'으로 설정해야 합니다.",
			"microsoft-sovereign-cloud.customEnvironment.managementEndpointUrl.description": "사용자 지정 소버린 클라우드의 관리 엔드포인트입니다.",
			"microsoft-sovereign-cloud.customEnvironment.name.description": "사용자 지정 소버린 클라우드의 이름입니다.",
			"microsoft-sovereign-cloud.customEnvironment.portalUrl.description": "사용자 지정 소버린 클라우드의 포털 URL입니다.",
			"microsoft-sovereign-cloud.customEnvironment.resourceManagerEndpointUrl.description": "사용자 지정 소버린 클라우드에 대한 리소스 관리자 엔드포인트입니다.",
			"microsoft-sovereign-cloud.environment.description": "인증에 사용할 소버린 클라우드입니다. 'custom'을 선택하는 경우 `#microsoft-sovereign-cloud.customEnvironment#` 설정도 설정해야 합니다.",
			"microsoft-sovereign-cloud.environment.enumDescriptions.AzureChinaCloud": "Azure 중국",
			"microsoft-sovereign-cloud.environment.enumDescriptions.AzureUSGovernment": "Azure 미국 정부",
			"microsoft-sovereign-cloud.environment.enumDescriptions.custom": "사용자 지정 Microsoft 소버린 클라우드",
			"signIn": "로그인",
			"signOut": "로그아웃"
		}
	}
}