{
	"": [
		"--------------------------------------------------------------------------------------------",
		"Copyright (c) Microsoft Corporation. All rights reserved.",
		"Licensed under the MIT License. See License.txt in the project root for license information.",
		"--------------------------------------------------------------------------------------------",
		"Do not edit this file. It is machine generated."
	],
	"version": "1.0.0",
	"contents": {
		"bundle": {
			"Could not find a valid npm script at the selection.": "No se pudo encontrar un script npm válido en la selección.",
			"Debug": "Depurar",
			"Debug Script": "Script de depuración",
			"Default bower.json": "bower.json predeterminado",
			"Default package.json": "package.json predeterminado",
			"Do not show again": "No volver a mostrar",
			"Latest version: {0}": "Última versión: {0}",
			"Latest version: {0} published {1}": "Versión más reciente: {0} publicada {1}",
			"Learn more": "Más información",
			"Matches the most recent major version (1.x.x)": "Coincide con la versión principal más reciente (1.x.x)",
			"Matches the most recent minor version (1.2.x)": "Coincide con la versión secundaria más reciente (1.2.x)",
			"No scripts found.": "No se han encontrado scripts.",
			"Npm task detection: failed to parse the file {0}": "Detección de tareas de npm: no se pudo analizar el archivo {0}",
			"Request to the NPM repository failed: {0}": "No se pudo ejecutar la solicitud del repositorio de NPM: {0}",
			"Request to the bower repository failed: {0}": "No se pudo ejecutar la solicitud del repositorio de Bower: {0}",
			"Run Script": "Ejecutar script",
			"Run the script as a task": "Ejecutar el script como una tarea",
			"Runs the script under the debugger": "Ejecuta el script en el depurador.",
			"The currently latest version of the package": "Última versión del paquete en este momento",
			"The setting \"npm.autoDetect\" is \"off\".": "El ajuste \"npm.autoDetect\" está desactivado.",
			"Using {0} as the preferred package manager. Found multiple lockfiles for {1}.  To resolve this issue, delete the lockfiles that don't match your preferred package manager or change the setting \"npm.packageManager\" to a value other than \"auto\".": "Usando {0} como administrador de paquetes preferido. Se encontraron varios archivos de bloqueo para {1}. Para resolver este problema, elimine los archivos de bloqueo que no coincidan con su administrador de paquetes preferido o cambie la configuración de \"npm.packageManager\" a un valor distinto de \"auto\".",
			"in {0}": "en {0}",
			"latest": "Más reciente",
			"now": "Ahora",
			"{0} day": "{0} día",
			"{0} day ago": "hace {0} día",
			"{0} days": "{0} días",
			"{0} days ago": "Hace {0} días",
			"{0} hour": "{0} hora",
			"{0} hour ago": "hace {0} hora",
			"{0} hours": "{0} horas",
			"{0} hours ago": "hace {0} horas",
			"{0} hr": "{0} h",
			"{0} hr ago": "hace {0} hora",
			"{0} hrs": "{0} h",
			"{0} hrs ago": "Hace {0} horas",
			"{0} min": "{0} min",
			"{0} min ago": "hace {0} minuto",
			"{0} mins": "{0} minutos",
			"{0} mins ago": "Hace {0} minutos",
			"{0} minute": "{0} minuto",
			"{0} minute ago": "hace {0} minuto",
			"{0} minutes": "{0} minutos",
			"{0} minutes ago": "hace {0} minutos",
			"{0} mo": "{0} mes",
			"{0} mo ago": "hace {0} mes",
			"{0} month": "{0} mes",
			"{0} month ago": "hace {0} mes",
			"{0} months": "{0} meses",
			"{0} months ago": "hace {0} meses",
			"{0} mos": "{0} meses",
			"{0} mos ago": "hace {0} meses",
			"{0} sec": "{0} segundo",
			"{0} sec ago": "hace {0} segundo",
			"{0} second": "{0} segundo",
			"{0} second ago": "hace {0} segundo",
			"{0} seconds": "{0} segundos",
			"{0} seconds ago": "hace {0} segundos",
			"{0} secs": "{0} segundos",
			"{0} secs ago": "Hace {0} segundos",
			"{0} week": "{0} semana",
			"{0} week ago": "hace {0} semana",
			"{0} weeks": "{0} semanas",
			"{0} weeks ago": "hace {0} semanas",
			"{0} wk": "{0} semana",
			"{0} wk ago": "hace {0} semana",
			"{0} wks": "{0} semanas",
			"{0} wks ago": "hace {0} semanas",
			"{0} year": "{0} año",
			"{0} year ago": "hace {0} año",
			"{0} years": "{0} años",
			"{0} years ago": "hace {0} años",
			"{0} yr": "{0} año",
			"{0} yr ago": "hace {0} año",
			"{0} yrs": "{0} años",
			"{0} yrs ago": "hace {0} años"
		},
		"package": {
			"command.debug": "Depurar",
			"command.openScript": "Abrir",
			"command.packageManager": "Obtener el administrador de paquetes configurado",
			"command.refresh": "Actualizar",
			"command.run": "Ejecutar",
			"command.runInstall": "Ejecutar instalación",
			"command.runScriptFromFolder": "Ejecutar el script de NPM en la carpeta...",
			"command.runSelectedScript": "Ejecutar script",
			"config.npm.autoDetect": "Controla si los scripts npm deben detectarse automáticamente.",
			"config.npm.enableRunFromFolder": "Habilite la ejecución de scripts NPM contenidos en una carpeta desde el menú contextual del Explorador.",
			"config.npm.enableScriptExplorer": "Habilite una vista de explorador para scripts npm cuando no haya ningún archivo \"package.json\" de nivel superior.",
			"config.npm.exclude": "Configura patrones globales para carpetas que deben excluirse de la detección automática de scripts. ",
			"config.npm.fetchOnlinePackageInfo": "Recupere datos de https://registry.npmjs.org y https://registry.bower.io para proporcionar la finalización automática y la información sobre las características de desplazamiento de puntero en las dependencias de npm.",
			"config.npm.packageManager": "El administrador de paquetes utilizado para ejecutar secuencias de comandos. ",
			"config.npm.packageManager.auto": "Detecta automáticamente el administrador de paquetes que se va a usar para ejecutar los scripts en función de los archivos de bloqueo y los administradores de paquetes instalados.",
			"config.npm.packageManager.bun": "Use bun como administrador de paquetes para ejecutar scripts.",
			"config.npm.packageManager.npm": "Use npm como administrador de paquetes para ejecutar los scripts.",
			"config.npm.packageManager.pnpm": "Use pnpm como administrador de paquetes para ejecutar los scripts.",
			"config.npm.packageManager.yarn": "Use Yarn como administrador de paquetes para ejecutar los scripts.",
			"config.npm.runSilent": "Ejecutar comandos de npm con la opción '--silent'",
			"config.npm.scriptExplorerAction": "La acción de clic predeterminada utilizada en el explorador de scripts NPM: \"open\" o \"run\", el valor predeterminado es \"open\".",
			"config.npm.scriptExplorerExclude": "Una matriz de expresiones regulares que indican qué scripts deben excluirse de la vista de Scripts NPM.",
			"config.npm.scriptHover": "Mostrar al mantener el puntero con los comandos \"Ejecutar\" y \"Depurar\" para los scripts.",
			"description": "Extensión para agregar soporte a las tareas de secuencias de comandos NPM.",
			"displayName": "Funcionalidad de Npm para VS Code",
			"npm.parseError": "Detección de tareas de npm: no se pudo analizar el archivo {0}",
			"taskdef.path": "La ruta de la carpeta del archivo package.json que proporciona la secuencia de comandos. Se puede omitir.",
			"taskdef.script": "Script npm que debe personalizarse.",
			"view.name": "Scripts Npm ",
			"virtualWorkspaces": "La funcionalidad que requiere la ejecución del comando \"npm\" no está disponible en las áreas de trabajo virtuales.",
			"workspaceTrust": "Esta extensión ejecuta tareas que requieren confianza para ser ejecutadas."
		}
	}
}