{
	"": [
		"--------------------------------------------------------------------------------------------",
		"Copyright (c) Microsoft Corporation. All rights reserved.",
		"Licensed under the MIT License. See License.txt in the project root for license information.",
		"--------------------------------------------------------------------------------------------",
		"Do not edit this file. It is machine generated."
	],
	"version": "1.0.0",
	"contents": {
		"bundle": {
			"$ref '{0}' in '{1}' can not be resolved.": "'{1}'의 $ref '{0}'을(를) 확인할 수 없습니다.",
			"<empty>": "<empty>",
			"A default value. Used by suggestions.": "기본값입니다. 제안에서 사용됩니다.",
			"A descriptive title of the schema.": "설명이 포함된 스키마의 제목입니다.",
			"A long description of the schema. Used in hover menus and suggestions.": "스키마에 대한 자세한 설명입니다. 가리킨 메뉴 및 제안에서 사용됩니다.",
			"A map of property names to either an array of property names or a schema. An array of property names means the property named in the key depends on the properties in the array being present in the object in order to be valid. If the value is a schema, then the schema is only applied to the object if the property in the key exists on the object.": "속성 이름 배열 또는 스키마에 대한 속성 이름 맵입니다. 속성 이름의 배열은 키에 이름이 지정된 속성이 유효하기 위해 개체에 있는 배열의 속성에 종속됨을 의미합니다. 값이 스키마이면 키의 속성이 개체에 있는 경우에만 스키마가 개체에 적용됩니다.",
			"A map of property names to schemas for each property.": "각 속성의 스키마에 대한 속성 이름 맵입니다.",
			"A map of regular expressions on property names to schemas for matching properties.": "일치하는 속성의 스키마에 대한 속성 이름의 정규식 맵입니다.",
			"A number that should cleanly divide the current value (i.e. have no remainder).": "현재 값을 나머지 없이 깔끔하게 나눠야 하는 숫자입니다.",
			"A regular expression to match the string against. It is not implicitly anchored.": "문자열과 일치시킬 정규식입니다. 암시적으로 앵커가 지정되지 않습니다.",
			"A schema which must not match.": "일치하지 않아야 하는 스키마입니다.",
			"A unique identifier for the schema.": "스키마의 고유 식별자입니다.",
			"An array instance is valid against \"contains\" if at least one of its elements is valid against the given schema.": "지정된 스키마에 대해 하나 이상의 요소가 유효한 경우 \"contains\"에 대해 배열 인스턴스가 유효합니다.",
			"An array of schemas, all of which must match.": "스키마 배열입니다. 모두 일치해야 합니다.",
			"An array of schemas, exactly one of which must match.": "정확히 하나가 일치해야 하는 스키마 배열입니다.",
			"An array of schemas, where at least one must match.": "하나 이상의 스키마가 일치해야 하는 스키마 배열입니다.",
			"An array of strings that lists the names of all properties required on this object.": "이 개체에 필요한 모든 속성의 이름을 나열하는 문자열 배열입니다.",
			"An instance validates successfully against this keyword if its value is equal to the value of the keyword.": "인스턴스 값이 키워드 값과 같을 경우 인스턴스에서 이 키워드에 대해 유효성을 검사합니다.",
			"Array does not contain required item.": "배열에 필수 항목이 없습니다.",
			"Array has duplicate items.": "배열에 중복된 항목이 있습니다.",
			"Array has too few items that match the contains contraint. Expected {0} or more.": "배열에 contains 제약 조건과 일치하는 항목이 너무 적습니다. {0} 이상이어야 합니다.",
			"Array has too few items. Expected {0} or more.": "배열에 항목이 너무 적습니다. {0}개 이상 필요합니다.",
			"Array has too many items according to schema. Expected {0} or fewer.": "스키마에 따르면 배열에 항목이 너무 많습니다. {0} 이하여야 합니다.",
			"Array has too many items that match the contains contraint. Expected {0} or less.": "배열에 contains 제약 조건과 일치하는 항목이 너무 많습니다. {0} 이하여야 합니다.",
			"Array has too many items. Expected {0} or fewer.": "배열에 항목이 너무 많습니다. {0} 이하여야 합니다.",
			"Colon expected": "콜론 필요",
			"Comments are not permitted in JSON.": "주석은 JSON에서 허용되지 않습니다.",
			"Comments from schema authors to readers or maintainers of the schema.": "스키마 작성자가 스키마의 독자 또는 유지 관리자에게 전하는 설명입니다.",
			"Configure": "구성",
			"Configured by extension: {0}": "확장별로 구성: {0}",
			"Configured in user settings": "사용자 설정에 구성됨",
			"Configured in workspace settings": "작업 영역 설정에 구성됨",
			"Default value": "기본값",
			"Describes the content encoding of a string property.": "문자열 속성의 콘텐츠 인코딩을 설명합니다.",
			"Describes the format expected for the value. By default, not used for validation": "값에 필요한 형식을 설명합니다. 기본적으로 유효성 검사에 사용되지 않음",
			"Describes the media type of a string property.": "문자열 속성의 미디어 유형을 설명합니다.",
			"Downloading schemas is disabled through setting '{0}'": "'{0}' 설정을 통해 스키마 다운로드를 사용하지 않도록 설정함",
			"Downloading schemas is disabled. Click to configure.": "스키마 다운로드를 사용할 수 없습니다. 구성하려면 클릭하세요.",
			"Draft-03 schemas are not supported.": "Draft-03 스키마는 지원되지 않습니다.",
			"Duplicate anchor declaration: '{0}'": "앵커 선언 중복: '{0}'",
			"Duplicate object key": "중복된 개체 키",
			"Either a schema or a boolean. If a schema, used to validate all properties not matched by 'properties', 'propertyNames', or 'patternProperties'. If false, any properties not defined by the adajacent keywords will cause this schema to fail.": "스키마 또는 부울입니다. 스키마인 경우, 'properties', 'propertyNames' 또는 'patternProperties'와 일치하지 않는 모든 속성의 유효성 검사에 사용됩니다. false이면 adjacent 키워드로 정의되지 않은 속성이 있을 때 이 스키마가 실패합니다.",
			"Either a string of one of the basic schema types (number, integer, null, array, object, boolean, string) or an array of strings specifying a subset of those types.": "기본 스키마 형식(숫자, 정수, null, 배열, 개체, 부울, 문자열) 중 하나의 문자열 또는 이러한 형식의 하위 집합을 지정하는 문자열의 배열입니다.",
			"End of file expected.": "파일의 끝이 필요합니다.",
			"Expected a JSON object, array or literal.": "JSON 개체, 배열 또는 리터럴이 필요합니다.",
			"Expected comma": "쉼표 필요",
			"Expected comma or closing brace": "쉼표 또는 닫는 중괄호 필요",
			"Expected comma or closing bracket": "쉼표 또는 닫는 대괄호 필요",
			"Failed to sort the JSONC document, please consider opening an issue.": "JSONC 문서를 정렬하지 못했습니다. 문제를 여는 것이 좋습니다.",
			"For arrays, only when items is set as an array. If items are a schema, this schema validates items after the ones specified by the items schema. If false, additional items will cause validation to fail.": "배열의 경우 항목이 배열로 설정된 경우에만 해당합니다. 항목이 스키마인 경우, 이 스키마는 항목 스키마에서 지정한 것 뒤에 오는 항목의 유효성을 검사합니다. false이면 추가 항목이 있을 때 유효성 검사가 실패합니다.",
			"For arrays. Can either be a schema to validate every element against or an array of schemas to validate each item against in order (the first schema will validate the first element, the second schema will validate the second element, and so on.": "배열의 경우입니다. 모든 요소의 유효성을 검사할 대상 스키마이거나 각 항목의 유효성을 검사할 대상 스키마 배열일 수 있습니다. 첫 번째 스키마는 첫 번째 요소의 유효성을 검사하고, 두 번째 스키마는 두 번째 요소의 유효성을 검사하는 순서입니다.",
			"If all of the items in the array must be unique. Defaults to false.": "배열의 모든 항목이 고유해야 하는 경우입니다. 기본값은 false입니다.",
			"If the instance is an object, this keyword validates if every property name in the instance validates against the provided schema.": "인스턴스가 개체인 경우 이 키워드는 인스턴스의 모든 속성 이름이 제공된 스키마에 대해 유효성을 검사하는지 확인합니다.",
			"Incorrect type. Expected \"{0}\".": "잘못된 형식입니다. \"{0}\"이(가) 필요합니다.",
			"Incorrect type. Expected one of {0}.": "잘못된 형식입니다. {0} 중 하나가 필요합니다.",
			"Indicates that the value of the instance is managed exclusively by the owning authority.": "인스턴스 값이 소유 기관에서 단독으로 관리됨을 나타냅니다.",
			"Invalid characters in string. Control characters must be escaped.": "문자열에 유효하지 않은 문자가 있습니다. 제어 문자를 이스케이프해야 합니다.",
			"Invalid color format. Use #RGB, #RGBA, #RRGGBB or #RRGGBBAA.": "색 형식이 잘못되었습니다. #RGB, #RGBA, #RRGGBB 또는 #RRGGBBAA를 사용하세요.",
			"Invalid escape character in string.": "문자열에 유효하지 않은 이스케이프 문자가 있습니다.",
			"Invalid number format.": "유효하지 않은 숫자 형식입니다.",
			"Invalid unicode sequence in string.": "문자열의 유니코드 시퀀스가 잘못되었습니다.",
			"Item does not match any validation rule from the array.": "항목이 배열의 유효성 검사 규칙과 일치하지 않습니다.",
			"JSON Language Server": "JSON 언어 서버",
			"JSON Outline Status": "JSON 개요 상태",
			"JSON Validation Status": "JSON 유효성 검사 상태",
			"JSON schema cache cleared.": "JSON 스키마 캐시를 지웠습니다.",
			"JSON schema configured": "JSON 스키마가 구성됨",
			"JSON: Schema Resolution Error": "JSON: 스키마 확인 오류",
			"Learn more about JSON schema configuration...": "JSON 스키마 구성에 대한 자세한 정보...",
			"Loading JSON info": "JSON 정보 로드 중",
			"Makes the maximum property exclusive.": "최대 속성이 포함되지 않도록 합니다.",
			"Makes the minimum property exclusive.": "최소 속성이 포함되지 않도록 합니다.",
			"Matches a schema that is not allowed.": "허용되지 않는 스키마와 일치합니다.",
			"Matches multiple schemas when only one must validate.": "하나의 스키마만 유효성을 검사해야 하는 경우 여러 스키마를 일치시킵니다.",
			"Missing property \"{0}\".": "\"{0}\" 속성이 없습니다.",
			"New array": "새 배열",
			"New object": "새 개체",
			"No Schema Validation": "스키마 유효성 검사 없음",
			"No schema configured for this file": "이 파일에 대해 구성된 스키마가 없습니다.",
			"Not used for validation. Place subschemas here that you wish to reference inline with $ref.": "유효성 검사에 사용되지 않습니다. $ref를 사용하여 인라인으로 참조할 하위 스키마를 여기에 배치합니다.",
			"Object has fewer properties than the required number of {0}": "개체에 있는 속성이 필요한 개수 {0}보다 적습니다.",
			"Object has more properties than limit of {0}.": "개체에 한도 {0}보다 많은 속성이 있습니다.",
			"Object is missing property {0} required by property {1}.": "개체에 {1} 속성에 필요한 {0} 속성이 없습니다.",
			"Open Extension": "오픈 익스텐션",
			"Open Settings": "설정 열기",
			"Outline": "개요",
			"Problem reading content from '{0}': UTF-8 with BOM detected, only UTF 8 is allowed.": "'{0}'에서 콘텐츠를 읽는 동안 문제가 발생했습니다. BOM이 있는 UTF-8이 검색되었습니다. UTF 8만 허용됩니다.",
			"Problems loading reference '{0}': {1}": "참조 '{0}'을(를) 로드하는 동안 문제가 발생했습니다. {1}",
			"Property expected": "속성 필요",
			"Property keys must be doublequoted": "속성 키는 큰따옴표로 묶어야 합니다.",
			"Property {0} is not allowed.": "속성 {0}은(는) 허용되지 않습니다.",
			"Reference a definition hosted on any location.": "모든 위치에서 호스트되는 정의를 참조합니다.",
			"Sample JSON values associated with a particular schema, for the purpose of illustrating usage.": "사용을 표현하기 위해 특정 스키마와 연결된 샘플 JSON 값입니다.",
			"Schema Validated": "스키마 유효성 검사됨",
			"Select the schema to use for {0}": "{0}에 사용할 스키마 선택",
			"Show Schemas": "스키마 표시",
			"Sort JSON": "JSON 정렬",
			"String does not match the pattern of \"{0}\".": "문자열이 \"{0}\" 패턴과 일치하지 않습니다.",
			"String is longer than the maximum length of {0}.": "문자열이 최대 길이 {0}보다 깁니다.",
			"String is not a RFC3339 date-time.": "문자열이 RFC3339 날짜-시간이 아닙니다.",
			"String is not a RFC3339 date.": "문자열이 RFC3339 날짜가 아닙니다.",
			"String is not a RFC3339 time.": "문자열이 RFC3339 시간이 아닙니다.",
			"String is not a URI: {0}": "문자열이 URI가 아닙니다. {0}",
			"String is not a hostname.": "문자열이 호스트 이름이 아닙니다.",
			"String is not an IPv4 address.": "문자열이 IPv4 주소가 아닙니다.",
			"String is not an IPv6 address.": "문자열이 IPv6 주소가 아닙니다.",
			"String is not an e-mail address.": "문자열이 이메일 주소가 아닙니다.",
			"String is shorter than the minimum length of {0}.": "문자열이 최소 길이 {0}보다 짧습니다.",
			"The \"else\" subschema is used for validation when the \"if\" subschema fails.": "\"else\" 하위 스키마는 \"if\" 하위 스키마가 실패할 때 유효성 검사에 사용됩니다.",
			"The \"then\" subschema is used for validation when the \"if\" subschema succeeds.": "\"if\" 하위 스키마가 성공하면 \"then\" 하위 스키마가 유효성 검사에 사용됩니다.",
			"The maximum length of a string.": "문자열의 최대 길이입니다.",
			"The maximum number of items that can be inside an array. Inclusive.": "배열 내에 있을 수 있는 최대 항목 수입니다. 명시한 수를 포함합니다.",
			"The maximum number of properties an object can have. Inclusive.": "개체가 가질 수 있는 최대 속성 수입니다. 명시한 숫자를 포함합니다.",
			"The maximum numerical value, inclusive by default.": "최대 숫자 값입니다. 기본적으로 명시한 숫자를 포함합니다.",
			"The minimum length of a string.": "문자열의 최소 길이입니다.",
			"The minimum number of items that can be inside an array. Inclusive.": "배열 내에 있을 수 있는 최소 항목 수입니다. 명시한 숫자를 포함합니다.",
			"The minimum number of properties an object can have. Inclusive.": "개체가 가질 수 있는 최소 속성 수입니다. 명시한 숫자를 포함합니다.",
			"The minimum numerical value, inclusive by default.": "최소 숫자 값입니다. 기본적으로 명시한 숫자를 포함합니다.",
			"The schema to verify this document against.": "이 문서를 확인할 스키마입니다.",
			"The schema uses meta-schema features ({0}) that are not yet supported by the validator.": "스키마는 유효성 검사기에서 아직 지원하지 않는 메타 스키마 기능({0})을 사용합니다.",
			"The set of literal values that are valid.": "유효한 리터럴 값 집합입니다.",
			"The validation outcome of the \"if\" subschema controls which of the \"then\" or \"else\" keywords are evaluated.": "\"if\" 하위 스키마의 유효성 검사 결과는 \"then\" 또는 \"else\" 키워드 중 평가되는 키워드를 제어합니다.",
			"Trailing comma": "후행 쉼표",
			"URI expected.": "URI가 필요합니다.",
			"URI is expected.": "URI가 필요합니다.",
			"URI with a scheme is expected.": "구성표가 있는 URI가 필요합니다.",
			"Unable to compute used schemas: No document": "사용된 스키마를 계산할 수 없음: 문서 없음",
			"Unable to compute used schemas: {0}": "사용된 스키마를 계산할 수 없음: {0}",
			"Unable to load schema from '{0}'. No schema request service available": "'{0}'에서 스키마를 로드할 수 없습니다. 사용할 수 있는 스키마 요청 서비스가 없습니다.",
			"Unable to load schema from '{0}': No content.": "'{0}'에서 스키마를 로드할 수 없습니다. 콘텐츠가 없습니다.",
			"Unable to load schema from '{0}': {1}.": "'{0}'에서 스키마를 로드할 수 없습니다. {1}.",
			"Unable to load {0}": "{0}을(를) 로드할 수 없습니다.",
			"Unable to parse content from '{0}': Parse error at offset {1}.": "'{0}'의 콘텐츠를 구문 분석할 수 없습니다. 오프셋 {1}에서의 구문 분석 오류입니다.",
			"Unable to resolve schema. Click to retry.": "스키마를 확인할 수 없습니다. 다시 시도하려면 클릭하세요.",
			"Unexpected end of comment.": "필요하지 않은 주석 끝입니다.",
			"Unexpected end of number.": "필요하지 않은 번호 끝입니다.",
			"Unexpected end of string.": "예기치 않은 문자열의 끝입니다.",
			"Value expected": "값 필요",
			"Value is above the exclusive maximum of {0}.": "값이 최대값인 {0}(포함 안 됨)을(를) 초과합니다.",
			"Value is above the maximum of {0}.": "값이 {0} 최대값을 초과합니다.",
			"Value is below the exclusive minimum of {0}.": "값이 최소값인 {0}(포함 안 됨) 미만입니다.",
			"Value is below the minimum of {0}.": "값이 최소값 {0} 미만입니다.",
			"Value is deprecated": "값이 더 이상 사용되지 않습니다.",
			"Value is not accepted. Valid values: {0}.": "값이 허용되지 않습니다. 유효한 값은 {0}입니다.",
			"Value is not divisible by {0}.": "값은 {0}(으)로 나눌 수 없습니다.",
			"Value must be {0}.": "값은 {0}이어야 합니다.",
			"multiple JSON schemas configured": "여러 JSON 스키마가 구성됨",
			"no JSON schema configured": "구성된 JSON 스키마가 없음",
			"only {0} document symbols shown for performance reasons": "성능상의 이유로 {0} 문서 기호만 표시됨"
		},
		"package": {
			"description": "JSON 파일에 대한 다양한 언어 지원을 제공합니다.",
			"displayName": "JSON 언어 기능",
			"json.clickToRetry": "다시 시도하려면 클릭하세요.",
			"json.colorDecorators.enable.deprecationMessage": "`json.colorDecorators.enable` 설정은 `editor.colorDecorators`를 위해 사용되지 않습니다.",
			"json.colorDecorators.enable.desc": "색 데코레이터 사용 또는 사용 안 함",
			"json.command.clearCache": "스키마 캐시 지우기",
			"json.command.sort": "문서 정렬",
			"json.enableSchemaDownload.desc": "사용하도록 설정하면 http 및 https 위치에서 JSON 스키마를 페치할 수 있습니다.",
			"json.format.enable.desc": "기본 JSON 포맷터를 사용하거나 사용하지 않습니다.",
			"json.format.keepLines.desc": "서식을 지정할 때 기존의 모든 새 줄을 유지합니다.",
			"json.maxItemsComputed.desc": "계산된 최대 윤곽선 기호 및 폴딩 영역의 수입니다(성능상의 이유로 제한됨).",
			"json.maxItemsExceededInformation.desc": "최대 윤곽 기호 및 접기 영역 수를 초과하는 경우 알림을 표시합니다.",
			"json.schemaResolutionErrorMessage": "스키마를 확인할 수 없습니다.",
			"json.schemas.desc": "현재 프로젝트에서 스키마를 JSON 파일에 연결합니다.",
			"json.schemas.fileMatch.desc": "JSON 파일을 스키마로 확인할 때 일치하려는 파일 패턴의 배열입니다. `*` 및 '**'를 와일드카드로 사용할 수 있습니다. 제외 패턴을 정의하고 '!'로 시작할 수 있습니다. 하나 이상의 일치 패턴이 있고 마지막 일치 패턴이 제외 패턴이 아닌 경우 파일이 일치합니다.",
			"json.schemas.fileMatch.item.desc": "JSON 파일을 스키마로 확인할 때 일치시킬 '*' 및 '**'를 포함할 수 있는 파일 패턴입니다. '!'로 시작하면 제외 패턴을 정의합니다.",
			"json.schemas.schema.desc": "지정된 URL의 스키마 정의입니다. 스키마는 스키마 URL에 대한 액세스 방지를 위해서만 제공해야 합니다.",
			"json.schemas.url.desc": "스키마에 대한 URL 또는 절대 파일 경로입니다. 작업 영역 및 작업 영역 폴더 설정에서 상대 경로('./'로 시작)일 수 있습니다.",
			"json.tracing.desc": "VS Code와 JSON 언어 서버 간 통신을 추적합니다.",
			"json.validate.enable.desc": "JSON 유효성 검사를 사용하거나 사용하지 않도록 설정합니다."
		}
	}
}