{
	"": [
		"--------------------------------------------------------------------------------------------",
		"Copyright (c) Microsoft Corporation. All rights reserved.",
		"Licensed under the MIT License. See License.txt in the project root for license information.",
		"--------------------------------------------------------------------------------------------",
		"Do not edit this file. It is machine generated."
	],
	"version": "1.0.0",
	"contents": {
		"bundle": {
			"Error validating custom environment setting: {0}": "Erreur lors de la validation du paramètre d’environnement personnalisé : {0}",
			"Having trouble logging in?": "Vous rencontrez des problèmes pour vous connecter ?",
			"Microsoft Account configuration has been changed.": "La configuration du compte Microsoft a été modifiée.",
			"Microsoft Authentication": "Microsoft Authentication",
			"Microsoft Sovereign Cloud Authentication": "Authentification au cloud souverain Microsoft",
			"Open settings": "Ouvrir les paramètres",
			"Paste authorization code here...": "Collez le code d’autorisation ici...",
			"Provide the authorization code to complete the sign in flow.": "Fournissez le code d’autorisation pour terminer le flux de connexion.",
			"Reload": "Recharger",
			"Signing in to Microsoft...": "Connexion à Microsoft...",
			"Signing in to your account...": "Connexion à votre compte...",
			"The environment `{0}` is not a valid environment.": "L’environnement `{0}` n’est pas un environnement valide.",
			"Would you like to try a different way to sign in to your Microsoft account? ({0})": "Voulez-vous essayer une autre façon de vous connecter à votre compte Microsoft ? ({0})",
			"Yes": "Oui",
			"You have been signed out because reading stored authentication information failed.": "Vous avez été déconnecté en raison de l'échec de la lecture des informations d'authentification stockées.",
			"You must also specify a custom environment in order to use the custom environment auth provider.": "Vous devez également spécifier un environnement personnalisé pour pouvoir utiliser le fournisseur d’authentification d’environnement personnalisé."
		},
		"package": {
			"description": "Fournisseur d'authentification Microsoft",
			"displayName": "Compte Microsoft",
			"microsoft-authentication.implementation.description": "Implémentation d’authentification à utiliser pour se connecter avec un compte Microsoft.",
			"microsoft-authentication.implementation.enumDescriptions.classic": "Utilisez le flux d’authentification classique pour vous connecter avec un compte Microsoft.",
			"microsoft-authentication.implementation.enumDescriptions.msal": "Utilisez la bibliothèque d’authentification Microsoft (MSAL) pour vous connecter avec un compte Microsoft.",
			"microsoft-sovereign-cloud.customEnvironment.activeDirectoryEndpointUrl.description": "Point de terminaison Active Directory pour le cloud souverain personnalisé.",
			"microsoft-sovereign-cloud.customEnvironment.activeDirectoryResourceId.description": "ID de ressource Active Directory pour le cloud souverain personnalisé.",
			"microsoft-sovereign-cloud.customEnvironment.description": "Configuration personnalisée pour le cloud souverain à utiliser avec le fournisseur d’authentification Cloud souverain Microsoft. Cette option, ainsi que le paramètre `#microsoft-sovereign-cloud.environment#` sur `personnalisé` sont nécessaires pour utiliser cette fonctionnalité.",
			"microsoft-sovereign-cloud.customEnvironment.managementEndpointUrl.description": "Point de terminaison de gestion pour le cloud souverain personnalisé.",
			"microsoft-sovereign-cloud.customEnvironment.name.description": "Nom du cloud souverain personnalisé.",
			"microsoft-sovereign-cloud.customEnvironment.portalUrl.description": "URL du portail pour le cloud souverain personnalisé.",
			"microsoft-sovereign-cloud.customEnvironment.resourceManagerEndpointUrl.description": "Le point de terminaison du gestionnaire de ressources pour le Sovereign Cloud personnalisé.",
			"microsoft-sovereign-cloud.environment.description": "Cloud souverain à utiliser pour l’authentification. Si vous sélectionnez `personnalisé`, vous devez également définir le paramètre de `#microsoft-sovereign-cloud.customEnvironment#`.",
			"microsoft-sovereign-cloud.environment.enumDescriptions.AzureChinaCloud": "Azure - Chine",
			"microsoft-sovereign-cloud.environment.enumDescriptions.AzureUSGovernment": "Azure US Government",
			"microsoft-sovereign-cloud.environment.enumDescriptions.custom": "Cloud souverain Microsoft personnalisé",
			"signIn": "Se connecter",
			"signOut": "Se déconnecter"
		}
	}
}