{
	"": [
		"--------------------------------------------------------------------------------------------",
		"Copyright (c) Microsoft Corporation. All rights reserved.",
		"Licensed under the MIT License. See License.txt in the project root for license information.",
		"--------------------------------------------------------------------------------------------",
		"Do not edit this file. It is machine generated."
	],
	"version": "1.0.0",
	"contents": {
		"bundle": {
			"Checkout on vscode.dev": "vscode.dev üzerinde kullanıma al",
			"Commit Changes": "Değişiklikleri İşle",
			"Copy Anyway": "Yine de Kopyala",
			"Copy vscode.dev Link": "vscode.dev Bağlantısını kopyala",
			"Create Fork": "Çatal Oluştur",
			"Create GitHub fork": "GitHub çatalı oluştur",
			"Create PR": "PR oluştur",
			"Creating GitHub Pull Request...": "GitHub Çekme İsteği Oluşturuluyor...",
			"Creating first commit": "İlk commit oluşturuluyor",
			"Forking \"{0}/{1}\"...": "\"{0}/{1}\" çatalı oluşturuluyor...",
			"Learn More": "Daha Fazla Bilgi Edinin",
			"Log level: {0}": "Günlük düzeyi: {0}",
			"No": "Hayır",
			"No template": "Şablon yok",
			"Open PR": "PR'yi aç",
			"Open on GitHub": "GitHub'da Aç",
			"Pick a folder to publish to GitHub": "GitHub'da yayımlanacak klasörü seçin",
			"Publish Branch & Copy Link": "Dalı Yayımla ve Bağlantıyı Kopyala",
			"Publishing to a private GitHub repository": "Özel GitHub deposunda yayımlanıyor",
			"Publishing to a public GitHub repository": "Genel GitHub deposunda yayımlanıyor",
			"Pull Changes & Copy Link": "Değişiklikleri Çek ve Bağlantıyı Kopyala",
			"Push Commits & Copy Link": "İşlemeleri Gönder ve Bağlantıyı Kopyala",
			"Pushing changes...": "Değişiklikler gönderiliyor...",
			"Select the Pull Request template": "Çekme İsteği şablonunu seç",
			"Select which files should be included in the repository.": "Depoya eklenecek dosyaları seçin.",
			"Successfully published the \"{0}\" repository to GitHub.": "\"{0}\" deposu GitHub'da başarıyla yayımlandı.",
			"The PR \"{0}/{1}#{2}\" was successfully created on GitHub.": "\"{0}/{1}#{2}\" adlı PR, GitHub'da başarıyla oluşturuldu.",
			"The current branch has unpublished commits. Would you like to push your commits before copying a link?": "Geçerli dal yayımdan kaldırılmış işlemeler içeriyor. Bir bağlantıyı kopyalamadan önce işlemelerinizi göndermek ister misiniz?",
			"The current branch is not published to the remote. Would you like to publish your branch before copying a link?": "Geçerli dal uzak depoda yayımlanmadı. Bir bağlantıyı kopyalamadan önce dalınızı yayımlamak ister misiniz?",
			"The current branch is not up to date. Would you like to pull before copying a link?": "Geçerli dal güncel değil. Bağlantıyı kopyalamadan önce çekmek istiyor musunuz?",
			"The current file has uncommitted changes. Please commit your changes before copying a link.": "Geçerli dosyada işlenmemiş değişiklikler var. Lütfen bir bağlantıyı kopyalamadan önce değişikliklerinizi işleyin.",
			"The fork \"{0}\" was successfully created on GitHub.": "\"{0}\" çatalı GitHub'da başarıyla oluşturuldu.",
			"Uploading files": "Dosyalar karşıya yükleniyor",
			"You don't have permissions to push to \"{0}/{1}\" on GitHub. Would you like to create a fork and push to it instead?": "GitHub'da \"{0}/ {1}\" ye gönderme izniniz yok. Bunun yerine bir çatal oluşturup itmek ister misiniz?",
			"Your push to \"{0}/{1}\" was rejected by GitHub because push protection is enabled and one or more secrets were detected.": "\"{0}/{1}\" göndermeniz, gönderme koruması etkin olduğundan ve bir veya daha fazla gizli dizi algılandığından GitHub tarafından reddedildi."
		},
		"package": {
			"config.branchProtection": "GitHub depoları için depo kurallarının sorgulandırılacak olup olmadığını kontrol eder",
			"config.gitAuthentication": "VS Code'daki git komutları için otomatik GitHub kimlik doğrulamasının etkinleştirilip etkinleştirilmeyeceğini denetler.",
			"config.gitProtocol": "Bir GitHub deposunu kopyalamak için hangi protokolün kullanıldığını denetler",
			"description": "VS Code için uygun GitHub özellikleri",
			"displayName": "GitHub",
			"welcome.publishFolder": "Bu klasörü doğrudan bir GitHub deposunda yayımlayabilirsiniz. Yayımlandıktan sonra Git ve GitHub tarafından desteklenen kaynak denetimi özelliklerine erişebilirsiniz.\r\n[$(github) GitHub'da Yayımla](command:github.publish)",
			"welcome.publishWorkspaceFolder": "Bu çalışma alanı klasörünü doğrudan bir GitHub deposunda yayımlayabilirsiniz. Yayımlandıktan sonra Git ve GitHub tarafından desteklenen kaynak denetimi özelliklerine erişebilirsiniz.\r\n[$(github) GitHub'da Yayımla](command:github.publish)"
		}
	}
}