{
	"": [
		"--------------------------------------------------------------------------------------------",
		"Copyright (c) Microsoft Corporation. All rights reserved.",
		"Licensed under the MIT License. See License.txt in the project root for license information.",
		"--------------------------------------------------------------------------------------------",
		"Do not edit this file. It is machine generated."
	],
	"version": "1.0.0",
	"contents": {
		"bundle": {
			"Emmet Abbreviation": "Abreviação Emmet",
			"Enter Abbreviation": "Inserir uma Abreviação",
			"Invalid emmet.variables field. See https://code.visualstudio.com/docs/editor/emmet#_emmet-configuration for a valid example.": "Campo emmet.variables inválido. Veja https://code.visualstudio.com/docs/editor/emmet#_emmet-configuration para um exemplo válido.",
			"Invalid snippets file. See https://code.visualstudio.com/docs/editor/emmet#_using-custom-emmet-snippets for a valid example.": "Arquivo de trechos inválido. Veja https://code.visualstudio.com/docs/editor/emmet#_using-custom-emmet-snippets para um exemplo válido.",
			"Invalid syntax profile. See https://code.visualstudio.com/docs/editor/emmet#_emmet-configuration for a valid example.": "Perfil de sintaxe inválido. Veja https://code.visualstudio.com/docs/editor/emmet#_emmet-configuration para um exemplo válido."
		},
		"package": {
			"command.balanceIn": "Equilíbrio (para dentro)",
			"command.balanceOut": "Equilíbrio (para fora)",
			"command.decrementNumberByOne": "Decrementar em 1",
			"command.decrementNumberByOneTenth": "Decrementar em 0,1",
			"command.decrementNumberByTen": "Decrementar em 10",
			"command.evaluateMathExpression": "Avaliar Expressão Matemática",
			"command.incrementNumberByOne": "Incrementar em 1",
			"command.incrementNumberByOneTenth": "Incrementar em 0,1",
			"command.incrementNumberByTen": "Incrementar em 10",
			"command.matchTag": "Ir para Par Correspondente",
			"command.mergeLines": "Mesclar Linhas",
			"command.nextEditPoint": "Ir para Próximo Ponto de Edição",
			"command.prevEditPoint": "Ir para Ponto de Edição Anterior",
			"command.reflectCSSValue": "Refletir Valor CSS",
			"command.removeTag": "Remover Marca",
			"command.selectNextItem": "Selecionar Próximo Item",
			"command.selectPrevItem": "Selecionar Item Anterior",
			"command.showEmmetCommands": "Mostrar Comandos do Emmet",
			"command.splitJoinTag": "Dividir/Unir Marca",
			"command.toggleComment": "Ativar/Desativar Comentário",
			"command.updateImageSize": "Atualizar Tamanho da Imagem",
			"command.updateTag": "Atualizar Marca",
			"command.wrapWithAbbreviation": "Envolver com Abreviação",
			"description": "Suporte Emmet para VS Code",
			"emmetExclude": "Uma matriz de linguagens na qual as abreviações Emmet não devem ser expandidas.",
			"emmetExtensionsPath": "Uma matriz de caminhos, em que cada caminho pode conter Emmet syntaxProfiles e/ou arquivos de Snippet.\r\nNo caso de conflitos, os perfis/snippets de caminhos posteriores substituirão os caminhos anteriores.\r\nConsulte https://code.visualstudio.com/docs/editor/emmet para obter mais informações e um arquivo de snippet de exemplo.",
			"emmetExtensionsPathItem": "Um caminho que contém a sintaxe EmmetProfiles e/ou trechos.",
			"emmetIncludeLanguages": "Habilitar as abreviações do Emmet em linguagens sem suporte por padrão. Adicione um mapeamento aqui entre a linguagem e a linguagem compatível com o Emmet.\r\n Por exemplo: `{\"vue-html\": \"html\", \"javascript\": \"javascriptreact\"}`",
			"emmetOptimizeStylesheetParsing": "Quando esta opção está definida como `false`, o arquivo inteiro é analisado para determinar se a posição atual é válida para expandir as abreviações do Emmet. Quando definida como `true`, é analisado somente o conteúdo próximo da posição atual nos arquivos CSS/SCSS/Less.",
			"emmetPreferences": "Preferências usadas para modificar o comportamento de algumas ações e resolvedores do Emmet.",
			"emmetPreferencesAllowCompactBoolean": "Quando esta opção é `true`, a notação compacta de atributos boolianos é produzida.",
			"emmetPreferencesBemElementSeparator": "Separador de elemento usado para classes ao usar o filtro BEM.",
			"emmetPreferencesBemModifierSeparator": "Separador modificador usado para classes ao usar o filtro BEM.",
			"emmetPreferencesCssAfter": "Símbolo a ser posicionado no final da propriedade do CSS ao expandir abreviações do CSS.",
			"emmetPreferencesCssBetween": "Símbolo a ser posicionado entre o valor e a propriedade do CSS ao expandir as abreviações do CSS.",
			"emmetPreferencesCssColorShort": "Se esta opção for `true`, os valores de cor, como #f, serão expandidos para #fff em vez de #ffffff.",
			"emmetPreferencesCssFuzzySearchMinScore": "A pontuação mínima (de 0 a 1) que a abreviação com correspondência difusa deve obter. Valores inferiores podem produzir muitas correspondências falso positivas, valores maiores podem reduzir possíveis correspondências.",
			"emmetPreferencesCssMozProperties": "Propriedades do CSS separadas por vírgulas que recebem o prefixo de fornecedor 'moz' quando usadas na abreviação do Emmet que começa com `-`. Defina como cadeia de caracteres vazia para sempre evitar o prefixo 'moz'.",
			"emmetPreferencesCssMsProperties": "Propriedades do CSS separadas por vírgulas que recebem o prefixo de fornecedor 'ms' quando usadas na abreviação do Emmet que começa com `-`. Defina como cadeia de caracteres vazia para sempre evitar o prefixo 'ms'.",
			"emmetPreferencesCssOProperties": "Propriedades do CSS separadas por vírgulas que recebem o prefixo de fornecedor 'o' quando usadas na abreviação do Emmet que começa com `-`. Defina como cadeia de caracteres vazia para sempre evitar o prefixo 'o'.",
			"emmetPreferencesCssWebkitProperties": "Propriedades do CSS separadas por vírgulas que recebem o prefixo de fornecedor 'webkit' quando usadas na abreviação do Emmet que começa com `-`. Defina como cadeia de caracteres vazia para sempre evitar o prefixo 'webkit'.",
			"emmetPreferencesFilterCommentAfter": "Uma definição de comentário que deve ser posicionada após o elemento correspondente quando o filtro de comentário é aplicado.",
			"emmetPreferencesFilterCommentBefore": "Uma definição de comentário que deve ser posicionada antes do elemento correspondente quando o filtro de comentário é aplicado.",
			"emmetPreferencesFilterCommentTrigger": "Uma lista de nomes de atributos separados por vírgulas que devem existir em abreviação para que o filtro de comentários seja aplicado.",
			"emmetPreferencesFloatUnit": "Unidade padrão para valores float.",
			"emmetPreferencesFormatForceIndentTags": "Uma matriz de nomes de marcas que sempre deve obter recuo interno.",
			"emmetPreferencesFormatNoIndentTags": "Uma matriz de nomes de marcas que não deve obter recuo interno.",
			"emmetPreferencesIntUnit": "Unidade padrão para valores inteiros.",
			"emmetPreferencesOutputInlineBreak": "O número de elementos irmãos embutidos necessários para que as quebras de linha sejam colocadas entre esses elementos. Quando esta opção é `0`, os elementos embutidos são sempre expandidos em uma só linha.",
			"emmetPreferencesOutputReverseAttributes": "Quando é `true`, esta opção inverte as direções de mesclagem de atributo durante a resolução de snippets.",
			"emmetPreferencesOutputSelfClosingStyle": "Estilo de marcas de auto fechamento: html ('<br>'), xml ('<br/>') ou xhtml ('<br />').",
			"emmetPreferencesSassAfter": "Símbolo a ser colocado no final da propriedade do CSS ao expandir abreviações do CSS em arquivos Sass.",
			"emmetPreferencesSassBetween": "Símbolo a ser colocado entre o valor e a propriedade do CSS ao expandir abreviações do CSS em arquivos do Sass.",
			"emmetPreferencesStylusAfter": "Símbolo a ser colocado no final da propriedade do CSS ao expandir abreviações do CSS em arquivos Stylus.",
			"emmetPreferencesStylusBetween": "Símbolo a ser colocado entre o valor e a propriedade do CSS ao expandir abreviações do CSS em arquivos Stylus.",
			"emmetShowAbbreviationSuggestions": "Mostra possíveis abreviações do Emmet como sugestões. Não aplicável em folhas de estilos ou quando emmet.showExpandedAbbreviation está definido como `\"never\"`.",
			"emmetShowExpandedAbbreviation": "Mostra abreviações do Emmet expandidas como sugestões.\r\nA opção `\"inMarkupAndStylesheetFilesOnly\"` aplica-se a html, haml, jade, slim, xml, xsl, css, scss, sass, less e stylus. \r\nA opção `\"always\"` aplica-se a todas as partes do arquivo, independentemente da marcação/css.",
			"emmetShowSuggestionsAsSnippets": "Se `true`, as sugestões do Emmet serão mostradas como snippets que permitem que você as ordene de acordo com a configuração `#editor.snippetSuggestions#`.",
			"emmetSyntaxProfiles": "Definir o perfil para a sintaxe especificada ou usar seu próprio perfil com regras específicas.",
			"emmetTriggerExpansionOnTab": "Quando habilitadas, as abreviações do Emmet são expandidas ao pressionar TAB, mesmo quando as conclusões não aparecem. Quando desativado, as conclusões que aparecem ainda podem ser aceitas pressionando TAB.",
			"emmetUseInlineCompletions": "Se `true`, o Emmet usará conclusões embutidas para sugerir expansões. Para evitar que o provedor de item de conclusão não embutido apareça com tanta frequência enquanto essa configuração for `true`, mude `#editor.quickSuggestions#` para `inline` ou `off` para o item `other`.",
			"emmetVariables": "Variáveis a serem usadas em snippets do Emmet."
		}
	}
}