{
	"": [
		"--------------------------------------------------------------------------------------------",
		"Copyright (c) Microsoft Corporation. All rights reserved.",
		"Licensed under the MIT License. See License.txt in the project root for license information.",
		"--------------------------------------------------------------------------------------------",
		"Do not edit this file. It is machine generated."
	],
	"version": "1.0.0",
	"contents": {
		"bundle": {
			"\"{0}\" has fingerprint \"{1}\"": "\"{0}\", \"{1}\" parmak izine sahip",
			"$(info) Remote \"{0}\" has no tags.": "$(info) Uzak \"{0}\" öğesinin etiketi yok.",
			"$(info) This repository has no stashes.": "$(info) Bu depoda geçici kayıt yok.",
			"$(info) This repository has no tags.": "$(info) Bu depoda etiket yok.",
			"A branch named \"{0}\" already exists": "\"{0}\" adlı bir dal zaten var",
			"A git repository was found in the parent folders of the workspace or the open file(s). Would you like to open the repository?": "Çalışma alanının üst klasörlerinde veya açık dosyalarda bir git deposu bulundu. Depoları açmak istiyor musunuz?",
			"Absolute paths not supported in \"git.scanRepositories\" setting.": "\"git.scanRepositories\" ayarında mutlak yollar desteklenmiyor.",
			"Add Remote": "Uzak Depo Ekle",
			"Add a new remote...": "Yeni uzak depo ekle...",
			"Add remote from URL": "URL'den uzak depo ekle",
			"Add remote from {0}": "{0} konumundan uzak depo ekle",
			"Add to Workspace": "Çalışma Alanına Ekle",
			"All Changes ({0} ↔ {1})": "Tüm Değişiklikler ({0} ↔ {1})",
			"All Repositories": "Tüm Depolar",
			"Always": "Her Zaman",
			"Always Pull": "Her Zaman Çek",
			"Always Replace Local Tag(s)": "Yerel Etiketleri Her Zaman Değiştir",
			"Are you sure you want to DELETE {0} files?\nThis is IRREVERSIBLE!\nThese files will be FOREVER LOST if you proceed.": "{0} dosyayı SİLMEK istediğinizden emin misiniz?\nBu işlem GERİ ALINAMAZ!\nDevam ederseniz bu dosyalar KALICI OLARAK KAYBEDİLİR.",
			"Are you sure you want to DELETE {0}?\nThis is IRREVERSIBLE!\nThis file will be FOREVER LOST if you proceed.": "{0} dosyasını SİLMEK istediğinizden emin misiniz?\nBu işlem GERİ ALINAMAZ!\nDevam ederseniz bu dosya KALICI OLARAK KAYBEDİLİR.",
			"Are you sure you want to continue connecting?": "Bağlanmaya devam etmek istediğinizden emin misiniz?",
			"Are you sure you want to create an empty commit?": "Boş bir commit oluşturmak istediğinizden emin misiniz?",
			"Are you sure you want to discard ALL changes in {0} files?\nThis is IRREVERSIBLE!\nYour current working set will be FOREVER LOST if you proceed.": "{0} dosyadaki TÜM değişiklikleri atmak istediğinizden emin misiniz?\nBu işlem GERİ ALINAMAZ!\nDevam ederseniz mevcut çalışma kümeniz KALICI OLARAK KAYBEDİLİR.",
			"Are you sure you want to discard changes in {0} files?": "{0} dosyadaki değişiklikleri atmak istediğinizden emin misiniz?",
			"Are you sure you want to discard changes in {0}?": "{0} içindeki değişiklikleri atmak istediğinizden emin misiniz?",
			"Are you sure you want to drop ALL stashes? There are {0} stashes that will be subject to pruning, and MAY BE IMPOSSIBLE TO RECOVER.": "TÜM geçici kayıtları bırakmak istediğinizden emin misiniz? Ayıklamaya tabi olacak {0} geçici kayıt var ve KURTARILAMASI İMKANSIZ OLABILIR.",
			"Are you sure you want to drop ALL stashes? There is 1 stash that will be subject to pruning, and MAY BE IMPOSSIBLE TO RECOVER.": "TÜM geçici kayıtları bırakmak istediğinizden emin misiniz? Ayıklamaya tabi olacak 1 adet geçici kayıt var ve KURTARILMASI İMKANSIZ OLABİLİR.",
			"Are you sure you want to drop the stash: {0}?": "{0} geçici kaydını bırakmak istediğinizden emin misiniz?",
			"Are you sure you want to restore {0} files?": "{0} dosyayı geri yüklemek istediğinizden emin misiniz?",
			"Are you sure you want to restore {0}?": "{0} dosyasını geri yüklemek istediğinizden emin misiniz?",
			"Are you sure you want to stage {0} files with merge conflicts?": "Birleştirme çakışmalarına sahip {0} dosyayı hazırlamak istediğinizden emin misiniz?",
			"Are you sure you want to stage {0} with merge conflicts?": "Birleştirme çakışmalarına sahip {0} dosyasını hazırlamak istediğinizden emin misiniz?",
			"Ask Me Later": "Daha Sonra Sor",
			"Branch name": "Dal adı",
			"Branch name needs to match regex: {0}": "Dal adının {0} normal ifadesiyle eşleşmesi gerekir",
			"Can't force push refs to remote. The tip of the remote-tracking branch has been updated since the last checkout. Try running \"Pull\" first to pull the latest changes from the remote branch first.": "Başvuruları uzak depoya gönderme zorlanamıyor. Uzaktan izleme dalının ipucu, son kullanıma almadan sonra güncelleştirildi. Önce en son değişiklikleri uzak daldan çekmek için \"Çek\" komutunu çalıştırmayı deneyin.",
			"Can't push refs to remote. Try running \"Pull\" first to integrate your changes.": "Başvurular uzak depoya gönderilemiyor. Yaptığınız değişiklikleri tümleştirmek için önce \"Pull\" komutunu çalıştırmayı deneyin.",
			"Can't undo because HEAD doesn't point to any commit.": "HEAD, bir commit'i işaret etmediğinden geri alınamıyor.",
			"Changes": "Değişiklikler",
			"Checking Out Branch/Tag...": "Dal/Etiket Kullanıma Alınıyor...",
			"Checking Out Changes...": "Değişiklikler Kullanıma Alınıyor...",
			"Checkout Branch/Tag...": "Dalı/Etiketi kullanıma al...",
			"Choose Folder...": "Klasör Seçin...",
			"Choose a folder to clone {0} into": "{0} öğesini şuraya klonlamak için bir klasör seçin:",
			"Choose a repository": "Depo seçin",
			"Choose which repository to clone": "Hangi deponun kopyalanacağını seçin",
			"Clear whitespace characters": "Boşluk karakterlerini temizle",
			"Clone from URL": "URL'den klonla",
			"Clone from {0}": "{0} konumundan klonla",
			"Cloning git repository \"{0}\"...": "\"{0}\" Git deposu klonlanıyor...",
			"Commit": "Commit",
			"Commit & Push Changes": "Yürüt ve Değişiklikleri Gönder",
			"Commit & Sync Changes": "Yürüt ve Değişiklikleri Eşitle",
			"Commit Anyway": "Yine de Commit İşlemi Uygula",
			"Commit Changes": "Değişiklikleri Yürüt",
			"Commit Changes on \"{0}\"": "\"{0}\" Değişikliklerini İşle",
			"Commit Changes to New Branch": "Değişiklikleri Yeni Dala İşle",
			"Commit Hash": "Commit Karması",
			"Commit message": "İletiye commit işlemi uygula",
			"Commit operation was cancelled due to empty commit message.": "Boş commit iletisi nedeniyle commit işlemi iptal edildi.",
			"Commit to New Branch & Push Changes": "Yeni Dala İşle ve Değişiklikleri Gönder",
			"Commit to New Branch & Synchronize Changes": "Yeni Dal’a İşle ve Değişiklikleri Eşitle",
			"Commit to a New Branch": "Yeni Dala Kaydet",
			"Commits without verification are not allowed, please enable them with the \"git.allowNoVerifyCommit\" setting.": "Doğrulama içermeyen commit işlemlerine izin verilmez, lütfen \"git.allowNoVerifyCommit\" ayarıyla bunları etkinleştirin.",
			"Committing & Pushing Changes...": "Yürütülüyor ve Değişiklikler Gönderiliyor...",
			"Committing & Synchronizing Changes...": "Değişiklikler İşleniyor ve Eşitleniyor...",
			"Committing Changes to New Branch...": "Değişiklikler Yeni Dala İşleniyor...",
			"Committing Changes...": "Değişiklikler Yürütülüyor",
			"Committing to New Branch & Pushing Changes...": "Yeni Dala İşleniyor ve Değişiklikler Gönderiliyor...",
			"Committing to New Branch & Synchronizing Changes...": "Yeni Dal’a İşleniyor ve Değişiklikler Eşitleniyor...",
			"Conflict: Added By Them": "Çakışma: Onlar Tarafından Eklendi",
			"Conflict: Added By Us": "Çakışma: Bizim Tarafımızdan Eklendi",
			"Conflict: Both Added": "Çakışma: Her İkisi Tarafından Eklendi",
			"Conflict: Both Deleted": "Çakışma: Her İkisi Tarafından Silindi",
			"Conflict: Both Modified": "Çakışma: Her İkisi Tarafından Değiştirildi",
			"Conflict: Deleted By Them": "Çakışma: Onlar Tarafından Silindi",
			"Conflict: Deleted By Us": "Çakışma: Bizim Tarafımızdan Silindi",
			"Continue Rebase": "Yeniden Temellendirmeye Devam Edin",
			"Continuing Rebase...": "Yeniden Temellendirme Sürdürülüyor...",
			"Copy Commit Hash": "İşleme Karmasını Kopyala",
			"Could not clone your repository as Git is not installed.": "Git yüklü olmadığından deponuz klonlanamadı.",
			"Create Empty Commit": "Boş Commit Oluştur",
			"Current": "Geçerli",
			"Current commit message only contains whitespace characters": "Geçerli commit iletisi yalnızca boşluk karakterleri içeriyor",
			"Delete Branch": "Dalı Sil",
			"Delete File": "Dosyayı Sil",
			"Delete Files": "Dosyaları Sil",
			"Delete file": "Dosyayı sil",
			"Deleted": "Silindi",
			"Discard 1 File": "1 Dosyayı At",
			"Discard 1 Tracked File": "İzlenen 1 Dosyayı At",
			"Discard All {0} Files": "{0} Dosyanın Tümünü At",
			"Discard Changes": "Değişiklikleri At",
			"Discard {0} Tracked Files": "İzlenen {0} Dosyayı At",
			"Don't Pull": "Çekme",
			"Don't Show Again": "Bir Daha Gösterme",
			"Download Git": "Git İndir",
			"Email": "E-posta",
			"Enables the following features: {0}": "Aşağıdaki özellikleri etkinleştirir: {0}",
			"Failed to authenticate to git remote.": "Git uzak deposunun kimliği doğrulanamadı.",
			"Failed to authenticate to git remote:\n\n{0}": "Git uzak deposunun kimliği doğrulanamadı:\n\n{0}",
			"File \"{0}\" was deleted by them and modified by us.\n\nWhat would you like to do?": "\"{0}\" dosyası, onlar tarafından silindi ve bizim tarafımızdan değiştirildi.\n\nNe yapmak istiyorsunuz?",
			"File \"{0}\" was deleted by us and modified by them.\n\nWhat would you like to do?": "\"{0}\" dosyası bizim tarafımızdan silindi ve onlar tarafından değiştirildi.\n\nNe yapmak istiyorsunuz?",
			"Force Checkout": "Kullanıma Almayı Zorla",
			"Force push is not allowed, please enable it with the \"git.allowForcePush\" setting.": "Gönderimi zorlamaya izin verilmiyor, lütfen \"git.allowForcePush\" ayarıyla etkinleştirin.",
			"Git Blame Information": "Git Blame Bilgileri",
			"Git History": "Git Geçmişi",
			"Git error": "Git hatası",
			"Git local changes (working tree + index)": "Git yerel değişiklikleri (çalışma ağacı + dizin)",
			"Git local changes (working tree)": "Git yerel değişiklikleri (çalışma ağacı)",
			"Git not found. Install it or configure it using the \"git.path\" setting.": "Git bulunamadı. Git'i yükleyin veya \"git.path\" ayarını kullanarak yapılandırın.",
			"Git repositories were found in the parent folders of the workspace or the open file(s). Would you like to open the repositories?": "Çalışma alanının üst klasörlerinde veya açık dosyalarda git depoları bulundu. Depoları açmak istiyor musunuz?",
			"Git: {0}": "Git: {0}",
			"HEAD version of \"{0}\" is not available.": "\"{0}\" uygulamasının HEAD sürümü kullanılamıyor.",
			"Hard wrap all lines": "Tüm satırları sabit kaydır",
			"Hard wrap line": "Satırı sabit kaydır",
			"Ignored": "Yoksayıldı",
			"Incoming": "Gelen",
			"Incoming Changes": "Gelen Değişiklikler",
			"Incoming Changes (added)": "Gelen Değişiklikler (eklenen)",
			"Incoming Changes (deleted)": "Gelen Değişiklikler (silinen)",
			"Incoming Changes (modified)": "Gelen Değişiklikler (değiştirilen)",
			"Incoming Changes (renamed)": "Gelen Değişiklikler (yeniden adlandırılan)",
			"Index Added": "Dizin Eklendi",
			"Index Copied": "Dizin Kopyalandı",
			"Index Deleted": "Dizin Silindi",
			"Index Modified": "Dizin Değiştirildi",
			"Index Renamed": "Dizin Yeniden Adlandırıldı",
			"Initialize Repository": "Depoyu Başlat",
			"Intent to Add": "Ekleme Amacı",
			"Intent to Rename": "Yeniden Adlandırma Amacı",
			"Invalid branch name": "Geçersiz dal adı",
			"It looks like the current branch \"{0}\" might have been rebased. Are you sure you still want to pull into it?": "Geçerli \"{0}\" dalı yeniden temellendirilmiş gibi görünüyor. Yine de bu dala çekmek istediğinizden emin misiniz?",
			"It looks like the current branch might have been rebased. Are you sure you still want to pull into it?": "Geçerli dal yeniden temellendirilmiş gibi görünüyor. Yine de bu dala çekmek istediğinizden emin misiniz?",
			"It's not possible to change the commit message in the middle of a rebase. Please complete the rebase operation and use interactive rebase instead.": "Yeniden temellendirmenin ortasında commit iletisi değiştirilemez. Lütfen yeniden temellendirme işlemini tamamlayın ve bunun yerine etkileşimli yeniden temellendirme kullanın.",
			"Keep Our Version": "Sürümümüzü Sakla",
			"Keep Their Version": "Sürümlerini Sakla",
			"Learn More": "Daha Fazla Bilgi",
			"Make sure you configure your \"user.name\" and \"user.email\" in git.": "Git'te \"user.name\" ve \"user.email\" bilgilerinizi ayarladığınızdan emin olun.",
			"Manage Unsafe Repositories": "Güvenli Olmayan Depoları Yönet",
			"Merge Changes": "Değişiklikleri Birleştir",
			"Message": "İleti",
			"Message (commit on \"{0}\")": "İleti (\"{0}\" üzerinde commit işlemi uygula)",
			"Message ({0} to commit on \"{1}\")": "İleti (\"{1}\" üzerinde commit işlemi uygulanacak {0})",
			"Message ({0} to commit)": "İleti (commit işlemi uygulanacak {0})",
			"Migrate Changes": "Değişiklikleri Geçir",
			"Modified": "Değiştirildi",
			"Never": "Hiçbir Zaman",
			"No": "Hayır",
			"No rebase in progress.": "Devam eden yeniden temellendirme yok.",
			"Not Committed Yet": "Henüz Commit İşlemi Uygulanmadı",
			"Not Committed Yet (Staged)": "Henüz Commit İşlemi Uygulanmadı (Hazırlandı)",
			"OK": "Tamam",
			"OK, Don't Ask Again": "Tamam, Bir Daha Sorma",
			"OK, Don't Show Again": "Tamam, Bir Daha Gösterme",
			"Open": "Aç",
			"Open Commit": "Commit İşlemini Aç",
			"Open Comparison": "Karşılaştırmayı Aç",
			"Open File": "Dosyayı Aç",
			"Open Git Log": "Git Günlüğünü Aç",
			"Open Merge": "Birleştirmeyi Aç",
			"Open Repositories In Parent Folders": "Depoları Üst Klasörlerde Açma",
			"Open Repository": "Depoyu Aç",
			"Open in New Window": "Yeni Pencerede Aç",
			"Optionally provide a stash message": "İsteğe bağlı olarak bir geçici kayıt iletisi belirtin",
			"Passphrase": "Parola",
			"Pick a branch to pull from": "Çekilecek dalı seçin",
			"Pick a provider to publish the branch \"{0}\" to:": "\"{0}\" dalını yayımlayacağınız sağlayıcıyı seçin:",
			"Pick a remote to publish the branch \"{0}\" to:": "\"{0}\" dalını yayımlayacağınız uzak depoyu seçin:",
			"Pick a remote to pull the branch from": "Dalın çekileceği uzak depoyu seçin",
			"Pick a remote to remove": "Kaldırılacak uzak depoyu seçin",
			"Pick a repository to mark as safe and open": "Güvenli ve açık olarak işaretlemek üzere bir depo seçin",
			"Pick a repository to open": "Açmak için bir depo seçin",
			"Pick a repository to reopen": "Yeniden açmak için bir depo seçin",
			"Pick a stash to apply": "Uygulanacak geçici kaydı seçin",
			"Pick a stash to drop": "Bırakılacak geçici kaydı seçin",
			"Pick a stash to pop": "Gösterilecek geçici kaydı seçin",
			"Pick a stash to view": "Görüntülemek için geçici kayıt seçin",
			"Pick workspace folder to initialize git repo in": "Git deposunun başlatılacağı çalışma alanı klasörünü seçin",
			"Please check out a branch to push to a remote.": "Uzak depoya göndermek için lütfen bir dalı iade edin.",
			"Please clean your repository working tree before checkout.": "İade etmeden önce lütfen depo çalışma ağacınızı temizleyin.",
			"Please provide a commit message": "Lütfen bir commit iletisi girin",
			"Please provide a message to annotate the tag": "Etikete açıklama eklemek için lütfen bir ileti girin",
			"Please provide a new branch name": "Lütfen yeni bir dal adı girin",
			"Please provide a remote name": "Lütfen bir uzak depo adı girin",
			"Please provide a tag name": "Lütfen bir etiket adı girin",
			"Please provide the commit hash": "Lütfen commit karmasını belirtin",
			"Publish Branch": "Dalı Yayımla",
			"Publish Branch \"{0}\"/{Locked=\"Branch\"}Do not translate \"Branch\" as it is a git term": "\"{0}\" Branch'ini Yayımla",
			"Publish Branch/{Locked=\"Branch\"}Do not translate \"Branch\" as it is a git term": "Branch’ı Yayımla",
			"Publish to {0}": "{0} konumunda yayımla",
			"Publish to...": "Şurada yayımla...",
			"Publishing Branch \"{0}\".../{Locked=\"Branch\"}Do not translate \"Branch\" as it is a git term": "\"{0}\" Branch'i Yayımlanıyor...",
			"Publishing Branch.../{Locked=\"Branch\"}Do not translate \"Branch\" as it is a git term": "Branch Yayımlanıyor...",
			"Pull": "Çek",
			"Pull {0} and push {1} commits between {2}/{3}": "{2}/{3} arasında {0} commit çek ve {1} commit gönder",
			"Pull {0} commits from {1}/{2}": "{1}/{2} deposundan {0} commit çek",
			"Push {0} commits to {1}/{2}": "{1}/{2} deposuna {0} commit gönder",
			"Rebasing": "Yeniden temellendiriliyor",
			"Regenerate Branch Name": "Dal Adını Yeniden Oluştur",
			"Remote \"{0}\" already exists.": "\"{0}\" uzak deposu zaten var.",
			"Remote branch at {0}": "{0} konumundaki uzak dal",
			"Remote name": "Uzak depo adı",
			"Remote name format invalid": "Uzak depo adı biçimi geçersiz",
			"Remote tag at {0}": "{0} konumunda uzak etiket",
			"Reopen Closed Repositories": "Kapatılan Depoları Yeniden Aç",
			"Replace Local Tag(s)": "Yerel Etiketleri Değiştir",
			"Restore file": "Dosyayı geri yükle",
			"Restore files": "Dosyaları geri yükle",
			"Save All & Commit Changes": "Tümünü Kaydet ve Değişiklikleri İşle",
			"Save All & Stash": "Tümünü Kaydet ve Geçici Olarak Kaydet",
			"Select a branch or tag to checkout": "Kullanıma alma için bir dal veya etiket seçin",
			"Select a branch or tag to merge from": "Birleştirilecek bir dal veya etiket seçin",
			"Select a branch to checkout in detached mode": "Ayrılmış modda kullanıma almak için bir dal seçin",
			"Select a branch to delete": "Silinecek dalı seçin",
			"Select a branch to rebase onto": "Üzerinde yeniden temellendirmek için bir dal seçin",
			"Select a ref to create the branch from": "Dalın oluşturulacağı başvuruyu seçin",
			"Select a remote tag to delete": "Silinecek uzak etiketi seçin",
			"Select a remote to delete a tag from": "Etiketin silineceği bir uzak depo seçin",
			"Select a remote to fetch": "Getirilecek bir uzak depo seçin",
			"Select a tag to delete": "Silinecek etiketi seçin",
			"Select as Repository Destination": "Depo Hedefi Olarak Seç",
			"Show Changes": "Değişiklikleri Göster",
			"Show Command Output": "Komut Çıkışını Göster",
			"Staged Changes": "Hazırlanmış Değişiklikler",
			"Stash & Checkout": "Geçici Olarak Kaydet ve Kullanıma Al",
			"Stash Anyway": "Yine de Geçici Olarak Kaydet",
			"Stash message": "Geçici kayıt iletisi",
			"Stashed Changes": "Saklanan Değişiklikler",
			"Successfully pushed.": "Başarıyla gönderildi.",
			"Synchronize Changes": "Değişiklikleri Eşitle",
			"Synchronizing Changes...": "Değişiklikler Eşitleniyor...",
			"Syncing. Cancelling may cause serious damages to the repository": "Eşitleniyor. İptal edilmesi, depoya ciddi zararlar verebilir",
			"Tag at {0}": "{0} konumundaki etiket",
			"Tag name": "Etiket adı",
			"The \"{0}\" repository has {1} submodules which won't be opened automatically. You can still open each one individually by opening a file within.": "\"{0}\" deposunda otomatik olarak açılmayacak {1} alt modül var. Depoda bir dosya açarak her modülü tek tek açabilirsiniz.",
			"The branch \"{0}\" has no remote branch. Would you like to publish this branch?": "\"{0}\" dalında uzak dal yok. Bu dalı yayımlamak istiyor musunuz?",
			"The branch \"{0}\" is not fully merged. Delete anyway?": "\"{0}\" dalı tam olarak birleştirilmedi. Yine de silinsin mi?",
			"The changes are already present in the current branch.": "Değişiklikler geçerli dalda zaten var.",
			"The current branch is not published to the remote. Would you like to publish it to access your changes elsewhere?": "Geçerli dal uzak depoda yayımlanmadı. Değişikliklerinize başka bir yerden erişmek için bu dalı yayımlamak istiyor musunuz?",
			"The following file has unsaved changes which won't be included in the commit if you proceed: {0}.\n\nWould you like to save it before committing?": "Aşağıdaki dosyada kaydedilmemiş değişiklikler var ve devam ederseniz işlemeye dahil edilmeyecek: {0}.\n\nİşlemeden önce kaydetmek istiyor musunuz?",
			"The following file has unsaved changes which won't be included in the stash if you proceed: {0}.\n\nWould you like to save it before stashing?": "Aşağıdaki dosya, devam ederseniz geçici kayda dahil edilmeyecek kaydedilmemiş değişiklikler içeriyor: {0}.\n\nGeçici olarak kaydetmeden önce dosyayı kaydetmek ister misiniz?",
			"The following untracked file will be DELETED FROM DISK if discarded: {0}.": "İzlenmeyen {0} dosyası atılırsa DİSKTEN SİLİNECEK.",
			"The git repositories in the current folder are potentially unsafe as the folders are owned by someone other than the current user.": "Klasörler geçerli kullanıcıdan farklı bir kişiye ait olduklarından geçerli klasördeki Git depoları güvenli olmayabilir.",
			"The git repository at \"{0}\" has too many active changes, only a subset of Git features will be enabled.": "\"{0}\" konumundaki git deposunda çok fazla etkin değişiklik var. Yalnızca git özelliklerinin bir alt kümesi etkinleştirilir.",
			"The git repository in the current folder is potentially unsafe as the folder is owned by someone other than the current user.": "Klasör geçerli kullanıcıdan farklı bir kişiye ait olduğundan geçerli klasördeki Git deposu güvenli olmayabilir.",
			"The last commit was a merge commit. Are you sure you want to undo it?": "Son commit bir birleştirme commit'iydi. Geri almak istediğinizden emin misiniz?",
			"The new branch will be \"{0}\"": "Yeni dal \"{0}\" olacak",
			"The repository does not have any changes.": "Depoda herhangi bir değişiklik yok.",
			"The repository does not have any commits. Please make an initial commit before creating a stash.": "Depoda işleme yok. Geçici kayıt oluşturmadan önce lütfen ilk işlemeyi oluşturun.",
			"The repository does not have any staged changes.": "Depoda hazırlanmış değişiklik yok.",
			"The repository does not have any untracked changes.": "Depoda izlenmeyen değişiklik yok.",
			"The selection range does not contain any changes.": "Seçim aralığı herhangi bir değişiklik içermiyor.",
			"There are known issues with the installed Git \"{0}\". Please update to Git >= 2.27 for the git features to work correctly.": "Yüklü Git \"{0}\" ile ilgili bilinen sorunlar var. Git özelliklerinin düzgün çalışması için lütfen Git'i 2.27 veya üzeri bir sürüme güncelleştirin.",
			"There are merge conflicts. Resolve them before committing.": "Birleştirme çakışmaları var. Commit işlemi uygulamadan önce bu çakışmaları çözümleyin.",
			"There are no available repositories": "Kullanılabilir depo yok",
			"There are no changes to commit.": "Commit işlemi uygulanacak değişiklik yok.",
			"There are no changes to stash.": "Hazırlanacak değişiklik yok.",
			"There are no staged changes to commit.\n\nWould you like to stage all your changes and commit them directly?": "Commit işlemi yapılacak hazırlanmış değişiklik yok.\n\nTüm değişikliklerinizi otomatik olarak hazırlamak ve doğrudan commit işlemi yapmak ister misiniz?",
			"There are no staged changes to stash.": "Geçici kayıt için hazırlanmış değişiklik yok.",
			"There are no stashes in the repository.": "Depoda geçici kayıt yok.",
			"There are {0} unsaved files.\n\nWould you like to save them before committing?": "There are {0} unsaved files.\n\nWould you like to save them before committing?",
			"There are {0} unsaved files.\n\nWould you like to save them before stashing?": "{0} kaydedilmemiş dosya var.\n\nGeçici olarak kaydetmeden önce dosyaları kaydetmek ister misiniz?",
			"There are {0} untracked files which will be DELETED FROM DISK if discarded.": "Atılması halinde DİSKTEN SİLİNECEK {0} izlenmeyen dosya var.",
			"There were merge conflicts while applying the stash.": "Geçici kayıt uygulanırken birleştirme çakışmaları vardı.",
			"There were merge conflicts while cherry picking the changes. Resolve the conflicts before committing them.": "Değişiklikler seçerek uygulanırken birleştirme çakışmaları oluştu. Çakışmaları yürütmeden önce çözün.",
			"This action will pull and push commits from and to \"{0}/{1}\".": "Bu eylem, işlemeleri \"{0}/{1}\" öğesinden çeker ve geri gönderir.",
			"This repository has no remotes configured to fetch from.": "Bu depoda getirilecek şekilde yapılandırılmış uzak depo yok.",
			"This will DELETE {0} untracked files!\nThis is IRREVERSIBLE!\nThese files will be FOREVER LOST.": "This will DELETE {0} untracked files!\nThis is IRREVERSIBLE!\nThese files will be FOREVER LOST.",
			"This will create a Git repository in \"{0}\". Are you sure you want to continue?": "Bu işlem, \"{0}\" içinde bir git deposu oluşturur. Devam etmek istediğinizden emin misiniz?",
			"Too many changes were detected. Only the first {0} changes will be shown below.": "Çok fazla değişiklik algılandı. Aşağıda yalnızca ilk {0} değişiklik gösterilir.",
			"Type Changed": "Tür Değiştirildi",
			"Unable to pull from remote repository due to conflicting tag(s): {0}. Would you like to resolve the conflict by replacing the local tag(s)?": "Çakışan etiketler nedeniyle uzak depodan çekilemiyor: {0}. Yerel etiketleri değiştirerek çakışmayı çözmek ister misiniz?",
			"Uncommitted Changes": "Kaydedilmemiş Değişiklikler",
			"Undo merge commit": "Birleştirme commit'ini geri al",
			"Untracked": "İzlenmeyen",
			"Untracked Changes": "İzlenmeyen Değişiklikler",
			"Update Git": "Git'i Güncelleştir",
			"View Commit": "İşlemeyi Görüntüle",
			"Would you like to add \"{0}\" to .gitignore?": ".gitignore şablonuna \"{0}\" eklemek istiyor musunuz?",
			"Would you like to open the cloned repository, or add it to the current workspace?": "Klonlanan depoyu açmak veya geçerli çalışma alanına eklemek istiyor musunuz?",
			"Would you like to open the cloned repository?": "Klonlanan depoyu açmak istiyor musunuz?",
			"Would you like to open the initialized repository, or add it to the current workspace?": "Başlatılan depoyu açmak veya geçerli çalışma alanına eklemek istiyor musunuz?",
			"Would you like to open the initialized repository?": "Başlatılan depoyu açmak istiyor musunuz?",
			"Would you like {0} to [periodically run \"git fetch\"]({1})?": "{0} tarafından [düzenli olarak \"git fetch\" komutunun çalıştırılmasını]({1}) istiyor musunuz?",
			"Yes": "Evet",
			"Yes, Don't Show Again": "Evet, Bir Daha Gösterme",
			"You": "Siz",
			"You are about to commit your changes without verification, this skips pre-commit hooks and can be undesirable.\n\nAre you sure to continue?": "Yaptığınız değişikliklere doğrulama olmadan commit işlemi yapmak üzeresiniz. Bu işlem, ön yürütme kancalarını atlar ve istenmeyen bir duruma yol açabilir.\n\nDevam etmek istediğinizden emin misiniz?",
			"You are about to force push your changes, this can be destructive and could inadvertently overwrite changes made by others.\n\nAre you sure to continue?": "Değişikliklerinizi zorla iletmek üzeresiniz, bu işlem yıkıcı olabilir ve yanlışlıkla başkaları tarafından yapılan değişikliklerin üzerine yazabilir.\n\nDevam etmek istediğinizden emin misiniz?",
			"You are trying to commit to a protected branch and you might not have permission to push your commits to the remote.\n\nHow would you like to proceed?": "Korumalı bir dala commit işlemi yapmaya çalışıyorsunuz ancak commit işlemlerinizi uzak depoya gönderme izniniz olmayabilir.\n\nNasıl devam etmek istersiniz?",
			"You seem to have git \"{0}\" installed. Code works best with git >= 2": "\"{0}\" Git'ini yüklemiş gibi görünüyorsunuz. Kod en verimli Git 2 ve üzeri sürümlerle çalışır",
			"Your local changes would be overwritten by checkout.": "Kullanıma alma ile yerel değişikliklerinizin üzerine yazılacak.",
			"Your repository has no remotes configured to publish to.": "Deponuzda yayımlanacak şekilde yapılandırılan uzak depo yok.",
			"Your repository has no remotes configured to pull from.": "Deponuzda çekilecek şekilde yapılandırılan uzak depo yok.",
			"Your repository has no remotes configured to push to.": "Deponuzda gönderilecek şekilde yapılandırılan uzak depo yok.",
			"Your repository has no remotes.": "Deponuzda uzak depo yok.",
			"[main] Log level: {0}": "[ana] Günlük düzeyi: {0}",
			"[main] Skipped found git in: \"{0}\"": "[ana] Şurada bulunan git atlandı: \"{0}\"",
			"[main] Using git \"{0}\" from \"{1}\"": "[ana] \"{1}\" konumundaki \"{0}\" git'i kullanılıyor",
			"[main] Validating found git in: \"{0}\"": "[ana] Şurada bulunan git doğrulanıyor: \"{0}\"",
			"branches": "dallar",
			"in {0}": "{0} içinde",
			"no": "hayır",
			"now": "şimdi",
			"remote branches": "uzak dallar",
			"tags": "etiketler",
			"yes": "evet",
			"{0}\n\nThis is IRREVERSIBLE, your current working set will be FOREVER LOST.": "{0}\n\nBu GERİ DÖNDÜRÜLEMEZ, mevcut çalışma grubunuz TAMAMEN KAYBOLACAK.",
			"{0} (Deleted)": "{0} (Silindi)",
			"{0} (Index)": "{0} (Dizin)",
			"{0} (Intent to add)": "{0} (Ekleme amacı)",
			"{0} (Ours)": "{0} (Bizim)",
			"{0} (Theirs)": "{0} (Onların)",
			"{0} (Type changed)": "{0} (Tür değiştirildi)",
			"{0} (Untracked)": "{0} (İzlenmeyen)",
			"{0} (Working Tree)": "{0} (Çalışma ağacı)",
			"{0} ({1})": "{0} ({1})",
			"{0} ({1}) ↔ {0} ({2})": "{0} ({1}) ↔ {0} ({2})",
			"{0} Checkout detached...": "{0} Kullanıma Alma ayrıldı...",
			"{0} Commit": "{0} İşleme",
			"{0} Commit & Push": "{0} İşleme ve Gönderme",
			"{0} Commit & Sync": "{0} İşleme ve Eşitleme",
			"{0} Commit (Amend)": "{0} Commit (Değiştir)",
			"{0} Continue": "{0} Devam Et",
			"{0} Create new branch from...": "{0} Şuradan yeni dal oluştur...",
			"{0} Create new branch...": "{0} Yeni dal oluştur...",
			"{0} Fetch all remotes": "{0} Tüm uzak depoları getir",
			"{0} Publish Branch/{Locked=\"Branch\"}Do not translate \"Branch\" as it is a git term": "{0} Branch’ı Yayımla",
			"{0} Sync Changes{1}{2}": "{0} Değişiklikleri Eşitle{1}{2}",
			"{0} characters over {1} in current line": "Geçerli satırın uzunluğu {1} karakter sınırından {0} karakter fazla",
			"{0} day": "{0} gün",
			"{0} day ago": "{0} gün önce",
			"{0} days": "{0} gün",
			"{0} days ago": "{0} gün önce",
			"{0} hour": "{0} saat",
			"{0} hour ago": "{0} saat önce",
			"{0} hours": "{0} saat",
			"{0} hours ago": "{0} saat önce",
			"{0} hr": "{0} sa",
			"{0} hr ago": "{0} sa önce",
			"{0} hrs": "{0} sa",
			"{0} hrs ago": "{0} sa önce",
			"{0} min": "{0} dk",
			"{0} min ago": "{0} dk önce",
			"{0} mins": "{0} dk",
			"{0} mins ago": "{0} dk önce",
			"{0} minute": "{0} dakika",
			"{0} minute ago": "{0} dakika önce",
			"{0} minutes": "{0} dakika",
			"{0} minutes ago": "{0} dakika önce",
			"{0} mo": "{0} ay",
			"{0} mo ago": "{0} ay önce",
			"{0} month": "{0} ay",
			"{0} month ago": "{0} ay önce",
			"{0} months": "{0} ay",
			"{0} months ago": "{0} ay önce",
			"{0} mos": "{0} ay",
			"{0} mos ago": "{0} ay önce",
			"{0} sec": "{0} sn",
			"{0} sec ago": "{0} sn önce",
			"{0} second": "{0} saniye",
			"{0} second ago": "{0} saniye önce",
			"{0} seconds": "{0} saniye",
			"{0} seconds ago": "{0} saniye önce",
			"{0} secs": "{0} sn",
			"{0} secs ago": "{0} sn önce",
			"{0} week": "{0} hafta",
			"{0} week ago": "{0} hafta önce",
			"{0} weeks": "{0} hafta",
			"{0} weeks ago": "{0} hafta önce",
			"{0} wk": "{0} hf",
			"{0} wk ago": "{0} hf önce",
			"{0} wks": "{0} hf",
			"{0} wks ago": "{0} hf önce",
			"{0} year": "{0} yıl",
			"{0} year ago": "{0} yıl önce",
			"{0} years": "{0} yıl",
			"{0} years ago": "{0} yıl önce",
			"{0} yr": "{0} yıl",
			"{0} yr ago": "{0} yıl önce",
			"{0} yrs": "{0} yıl",
			"{0} yrs ago": "{0} yıl önce",
			"{0} ↔ {1}": "{0} ↔ {1}"
		},
		"package": {
			"colors.added": "Eklenen kaynakların rengi.",
			"colors.blameEditorDecoration": "Blame düzenleyici süslemesi rengi.",
			"colors.conflict": "Çakışmalara sahip kaynakların rengi.",
			"colors.deleted": "Silinen kaynakların rengi.",
			"colors.ignored": "Yoksayılan kaynakların rengi.",
			"colors.incomingAdded": "Eklenen gelen kaynağın rengi.",
			"colors.incomingDeleted": "Silinen gelen kaynağın rengi.",
			"colors.incomingModified": "Değiştirilen gelen kaynağın rengi.",
			"colors.incomingRenamed": "Yeniden adlandırılan gelen kaynağın rengi.",
			"colors.modified": "Değiştirilen kaynakların rengi.",
			"colors.renamed": "Yeniden adlandırılan veya kopyalanan kaynakların rengi.",
			"colors.stageDeleted": "Hazırlanıp silinen kaynakların rengi.",
			"colors.stageModified": "Hazırlanıp değiştirilen kaynakların rengi.",
			"colors.submodule": "Alt modül kaynaklarının rengi.",
			"colors.untracked": "İzlenmeyen kaynakların rengi.",
			"command.addRemote": "Uzak Depo Ekle...",
			"command.api.getRemoteSources": "Uzak Kaynakları Al",
			"command.api.getRepositories": "Depoları Al",
			"command.api.getRepositoryState": "Depo Durumunu Al",
			"command.branch": "Dal Oluştur...",
			"command.branchFrom": "Şuradan Dal Oluştur...",
			"command.checkout": "Kullanıma al...",
			"command.checkoutDetached": "Şurada kullanıma al (Ayrıldı)...",
			"command.checkoutRef": "Sonuçlandır",
			"command.checkoutRefDetached": "Kullanıma Alma (Ayrıldı)",
			"command.cherryPick": "Tek Tek Seç...",
			"command.cherryPickAbort": "Seçerek Uygulama İşlemini Durdur",
			"command.cherryPickRef": "Tek Tek Seç",
			"command.clean": "Değişiklikleri At",
			"command.cleanAll": "Tüm Değişiklikleri At",
			"command.cleanAllTracked": "İzlenen Tüm Değişiklikleri At",
			"command.cleanAllUntracked": "İzlenmeyen Tüm Değişiklikleri At",
			"command.clone": "Klonla",
			"command.cloneRecursive": "Klonla (Özyinelemeli)",
			"command.close": "Depoyu Kapat",
			"command.closeAllDiffEditors": "Tüm Fark Düzenleyicilerini Kapat",
			"command.closeAllUnmodifiedEditors": "Tüm Değiştirilmemiş Düzenleyicileri Kapat",
			"command.closeOtherRepositories": "Diğer Depoları Kapat",
			"command.commit": "Commit",
			"command.commitAll": "Tümüne Commit İşlemi Uygula",
			"command.commitAllAmend": "Tümüne Commit İşlemi Uygula (Düzelt)",
			"command.commitAllAmendNoVerify": "Tümüne Commit İşlemi Yap (Düzeltme, Doğrulama Yok)",
			"command.commitAllNoVerify": "Tümüne Commit İşlemi Yap (Doğrulama Yok)",
			"command.commitAllSigned": "Tümüne Commit İşlemi Uygula (Oturum Kapatıldı)",
			"command.commitAllSignedNoVerify": "Tümüne Commit İşlemi Yap (Onaylı, Doğrulama Yok)",
			"command.commitAmend": "Commit (Değiştir)",
			"command.commitAmendNoVerify": "Commit (Değiştir, Doğrulama Yok)",
			"command.commitEmpty": "Boş Olana Commit İşlemi Uygula",
			"command.commitEmptyNoVerify": "Boş Olanlara Commit İşlemi Yap (Doğrulama Yok)",
			"command.commitMessageAccept": "İşleme İletisini Kabul Et",
			"command.commitMessageDiscard": "İşleme İletisini At",
			"command.commitNoVerify": "Commit İşlemi Uygula (Doğrulama Yok)",
			"command.commitSigned": "Commit (Onaylı)",
			"command.commitSignedNoVerify": "Commit (Onaylı, Doğrulama Yok)",
			"command.commitStaged": "Hazır Olana Commit İşlemi Uygula",
			"command.commitStagedAmend": "Hazır Olana Commit İşlemi Uygula (Değiştir)",
			"command.commitStagedAmendNoVerify": "Aşamalı Commit İşlemi Yap (Düzeltme, Doğrulama Yok)",
			"command.commitStagedNoVerify": "Aşamalı Commit İşlemi Yap (Doğrulama Yok)",
			"command.commitStagedSigned": "Hazır Olana Commit İşlemi Uygula (Oturum Kapatıldı)",
			"command.commitStagedSignedNoVerify": "Aşamalı Commit İşlemi Yap (Onaylı, Doğrulama Yok)",
			"command.continueInLocalClone": "Depoyu Yerel Olarak Kopyala ve Masaüstünde Aç...",
			"command.continueInLocalClone.qualifiedName": "Yeni Yerel Klonda Çalışmaya Devam Edin",
			"command.createTag": "Etiket Oluştur...",
			"command.deleteBranch": "Dalı Sil...",
			"command.deleteRemoteTag": "Uzak Etiketi Sil...",
			"command.deleteTag": "Etiketi Sil...",
			"command.fetch": "Getir",
			"command.fetchAll": "Tüm Uzak Depolardan Getir",
			"command.fetchPrune": "Getir (Ayıkla)",
			"command.git.acceptMerge": "Birleştirmeyi Tamamla",
			"command.git.openMergeEditor": "Birleştirme Düzenleyicisinde Çözümle",
			"command.git.runGitMerge": "İşlem, Git ile Çakışıyor",
			"command.git.runGitMergeDiff3": "İşlem, Git ile Çakışıyor (Diff3)",
			"command.ignore": ".gitignore üzerine ekle",
			"command.init": "Depoyu Başlat",
			"command.manageUnsafeRepositories": "Güvenli Olmayan Depoları Yönet",
			"command.merge": "Birleştir...",
			"command.mergeAbort": "Birleştirmeyi Durdur",
			"command.openAllChanges": "Tüm Değişiklikleri Aç",
			"command.openChange": "Değişiklikleri Aç",
			"command.openFile": "Dosyayı Aç",
			"command.openHEADFile": "Açık Dosya (HEAD)",
			"command.openRepositoriesInParentFolders": "Depoları Üst Klasörlerde Açma",
			"command.openRepository": "Depoyu Aç",
			"command.publish": "Dalı Yayımla...",
			"command.pull": "Çek",
			"command.pullFrom": "Şuradan çek...",
			"command.pullRebase": "Çek (Yeniden Temellendir)",
			"command.push": "Gönder",
			"command.pushFollowTags": "Gönder (Etiketleri İzle)",
			"command.pushFollowTagsForce": "Gönder (Etiketleri İzle, Zorla)",
			"command.pushForce": "Gönder (Zorla)",
			"command.pushTags": "Gönderme Etiketleri",
			"command.pushTo": "Şuraya gönder...",
			"command.pushToForce": "Şuraya gönder (Zorla)",
			"command.rebase": "Dalı Yeniden Temellendir...",
			"command.rebaseAbort": "Yeniden Temellendirmeyi Durdur",
			"command.refresh": "Yenile",
			"command.removeRemote": "Uzak Depoyu Kaldır",
			"command.rename": "Yeniden Adlandır",
			"command.renameBranch": "Dalı Yeniden Adlandır...",
			"command.reopenClosedRepositories": "Kapatılan Depoları Yeniden Aç...",
			"command.restoreCommitTemplate": "Commit Şablonunu Geri Yükle",
			"command.revealFileInOS.linux": "İçeren Klasörü Aç",
			"command.revealFileInOS.mac": "Finder'da Göster",
			"command.revealFileInOS.windows": "Dosya Gezgininde Göster",
			"command.revealInExplorer": "Explorer Görünümünde Göster",
			"command.revertChange": "Değişikliği Geri Döndür",
			"command.revertSelectedRanges": "Seçili Aralıkları Geri Döndür",
			"command.showOutput": "Git Çıkışını Göster",
			"command.stage": "Değişiklikleri Hazırla",
			"command.stageAll": "Tüm Değişiklikleri Hazırla",
			"command.stageAllMerge": "Tüm Birleştirme Değişikliklerini Hazırla",
			"command.stageAllTracked": "İzlenen Tüm Değişiklikleri Hazırla",
			"command.stageAllUntracked": "İzlenmeyen Tüm Değişiklikleri Hazırla",
			"command.stageBlock": "Aşama Bloğu",
			"command.stageChange": "Değişikliği Hazırla",
			"command.stageSelectedRanges": "Seçili Aralıkları Hazırla",
			"command.stageSelection": "Aşama Seçimi",
			"command.stash": "Geçici kayıt",
			"command.stashApply": "Geçici Kaydı Uygula...",
			"command.stashApplyEditor": "Geçici Kaydı Uygula",
			"command.stashApplyLatest": "En Son Geçici Kaydı Uygula",
			"command.stashDrop": "Geçici Kaydı Bırak...",
			"command.stashDropAll": "Tüm Geçici Kayıtları Bırak...",
			"command.stashDropEditor": "Geçici Kaydı Bırak",
			"command.stashIncludeUntracked": "Hazırla (İzlenmeyenler Dahil)",
			"command.stashPop": "Geçici Kaydı Göster...",
			"command.stashPopEditor": "Geçici Kaydı Al",
			"command.stashPopLatest": "En Son Geçici Kaydı Göster",
			"command.stashStaged": "Hazırlanmış Geçici Kayıt",
			"command.stashView": "Geçici Kaydı Görüntüle...",
			"command.sync": "Eşitle",
			"command.syncRebase": "Eşitle (Yeniden Temellendir)",
			"command.timelineCompareWithSelected": "Seçilenle Karşılaştır",
			"command.timelineCopyCommitId": "Commit Kimliğini Kopyala",
			"command.timelineCopyCommitMessage": "Commit İletisini Kopyala",
			"command.timelineOpenDiff": "Değişiklikleri Aç",
			"command.timelineSelectForCompare": "Karşılaştırma için Seçin",
			"command.undoCommit": "Son Commit İşlemini Geri Al",
			"command.unstage": "Değişikliklerin Hazırlamasını Geri Al",
			"command.unstageAll": "Tüm Değişikliklerin Hazırlamasını Geri Al",
			"command.unstageSelectedRanges": "Seçili Aralıkların Hazırlamasını Geri Al",
			"command.viewAllChanges": "Tüm Değişiklikleri Görüntüle",
			"command.viewChanges": "Değişiklikleri Görüntüle",
			"command.viewCommit": "İşlemeyi Görüntüle",
			"command.viewStagedChanges": "Hazırlanmış Değişiklikler",
			"command.viewUntrackedChanges": "İzlenmeyen Değişiklikler",
			"config.allowForcePush": "Göndermeye zorla ayarının (kira ile veya kira olmadan) etkin olup olmadığını denetler.",
			"config.allowNoVerifyCommit": "Pre-commit ve commit-msg kancaları çalıştırılmadan commit işlemlerine izin verilip verilmediğini denetler.",
			"config.alwaysShowStagedChangesResourceGroup": "Hazırlanmış Değişiklikler kaynak grubunu her zaman görüntüleyin.",
			"config.alwaysSignOff": "Tüm commit'ler için oturum kapatma bayrağını denetler.",
			"config.autoRepositoryDetection": "Depoların otomatik olarak algılanması gereken zamanı yapılandırır.",
			"config.autoRepositoryDetection.false": "Otomatik depo taramasını devre dışı bırakın.",
			"config.autoRepositoryDetection.openEditors": "Açık dosyaların üst klasörlerini tarayın.",
			"config.autoRepositoryDetection.subFolders": "Şu anda açık olan klasörün alt klasörlerini tarayın.",
			"config.autoRepositoryDetection.true": "Hem geçerli açık klasörün alt klasörlerini hem de açık dosyaların üst klasörlerini tarayın.",
			"config.autoStash": "Değişiklikleri çekmeden önce hazırlayın ve başarılı çekmenin ardından geri yükleyin.",
			"config.autofetch": "True olarak ayarlandığında commit'ler geçerli Git deposunun varsayılan uzak deposundan otomatik olarak getirilir. `all` olarak ayarlandığında tüm uzak depolardan getirilir.",
			"config.autofetchPeriod": "`#git.autofetch#` etkinleştirildiğinde her bir otomatik Git Fetch arasındaki süre (saniye cinsinden).",
			"config.autorefresh": "Otomatik yenilemenin etkinleştirilip etkinleştirilmediğini belirtir.",
			"config.blameEditorDecoration.enabled": "Düzenleyici süslemelerini kullanarak sorumlu bilgilerinin düzenleyicide gösterilip gösterilmeyeceğini kontrol eder.",
			"config.blameEditorDecoration.template": "Sorumlu bilgi düzenleyicisi dekorasyonunun şablonu. Desteklenen değişkenler:\r\n\r\n* 'hash': İşleme karması\r\n\r\n* 'hashShort': İşleme karmasının ilk 8 karakteri\r\n\r\n* 'subject': İşleme iletisinin ilk satırı\r\n\r\n* 'authorName': Oluşturan adı\r\n\r\n* 'authorEmail': Oluşturan e-postası\r\n\r\n* 'authorDate': Oluşturma tarihi\r\n\r\n* 'authorDateAgo': Şu an ve oluşturma tarihi arasındaki zaman farkı\r\n\r\n",
			"config.blameStatusBarItem.enabled": "Durum çubuğunda sorumlu bilgilerinin gösterilip gösterilmeyeceğini kontrol eder.",
			"config.blameStatusBarItem.template": "Sorumlu bilgi durum çubuğu öğesi şablonu. Desteklenen değişkenler:\r\n\r\n* 'hash': İşleme karması\r\n\r\n* 'hashShort': İşleme karmasının ilk 8 karakteri\r\n\r\n* 'subject': İşleme iletisinin ilk satırı\r\n\r\n* 'authorName': Oluşturan adı\r\n\r\n* 'authorEmail': Oluşturan e-postası\r\n\r\n* 'authorDate': Oluşturma tarihi\r\n\r\n* 'authorDateAgo': Şu an ve oluşturma tarihi arasındaki zaman farkı\r\n\r\n",
			"config.branchPrefix": "Yeni dal oluşturulurken kullanılan ön ek.",
			"config.branchProtection": "Korumalı dalların listesi. Varsayılan olarak, değişiklikler korumalı bir dala kaydedilmeden önce bir istem gösterilir. İstem, `#git.branchProtectionPrompt#` ayarı kullanılarak denetlenebilir.",
			"config.branchProtectionPrompt": "Değişiklikler korumalı bir dala kaydedilmeden önce bir istem olup olmadığını denetler.",
			"config.branchProtectionPrompt.alwaysCommit": "Değişiklikleri her zaman korumalı dala kaydet.",
			"config.branchProtectionPrompt.alwaysCommitToNewBranch": "Değişiklikleri her zaman yeni dala kaydet.",
			"config.branchProtectionPrompt.alwaysPrompt": "Değişiklikler korumalı bir dala kaydedilmeden önce her zaman sor.",
			"config.branchRandomNameDictionary": "Rastgele oluşturulan dal adı için kullanılan sözlüklerin listesi. Her değer, dal adının segmentini oluşturmak için kullanılan sözlüğü temsil eder. Desteklenen sözlükler: 'sıfatlar', 'hayvanlar', 'renkler' ve 'sayılar'.",
			"config.branchRandomNameDictionary.adjectives": "Rastgele bir sıfat",
			"config.branchRandomNameDictionary.animals": "Rastgele bir hayvan adı",
			"config.branchRandomNameDictionary.colors": "Rastgele bir renk adı",
			"config.branchRandomNameDictionary.numbers": "100 ve 999 arasında rastgele bir sayı",
			"config.branchRandomNameEnable": "Yeni bir dal oluşturulurken rastgele bir ad oluşturulup oluşturulmadığını denetler.",
			"config.branchSortOrder": "Dallar için sıralama düzenini denetler.",
			"config.branchValidationRegex": "Yeni dal adlarını doğrulayacak normal ifade.",
			"config.branchWhitespaceChar": "Yeni dal adlarındaki boşlukların yerine geçecek ve rastgele oluşturulmuş bir dal adının segmentlerini ayıracak karakter.",
			"config.checkoutType": "`Checkout to...` komutu çalıştırılırken hangi tür Git başvurularının listeleneceğini denetler.",
			"config.checkoutType.local": "Yerel dallar",
			"config.checkoutType.remote": "Uzak dallar",
			"config.checkoutType.tags": "Etiketler",
			"config.closeDiffOnOperation": "Değişiklikler geçici olarak kaydedildiğinde, işleme alındığında, atıldığında, hazırlandığında veya hazırlaması geri alındığında fark düzenleyicisinin otomatik olarak kapatılıp kapatılmayacağını denetler.",
			"config.commandsToLog": "`stdout` komutunun [git output](command:git.showOutput) oturumu açık olacak git komutlarının (ör. işleme, gönderme) listesi. Git komutunda yapılandırılmış bir istemci tarafı kancası varsa, istemci tarafı kancası `stdout` da [git output](command:git.showOutput) oturumunda açılır.",
			"config.confirmEmptyCommits": "'Git: Commit Empty' komutu için her zaman boş commit'lerin oluşturulmasını onaylayın.",
			"config.confirmForcePush": "Zorla gönderimden önce onay istenip istenmeyeceğini denetler.",
			"config.confirmNoVerifyCommit": "Doğrulama olmadan commit işlemi yapmadan önce onay istenip istenmeyeceğini denetler.",
			"config.confirmSync": "Git depolarını eşitlemeden önce onayla.",
			"config.countBadge": "Git sayısı rozetini denetler.",
			"config.countBadge.all": "Tüm değişiklikleri say.",
			"config.countBadge.off": "Sayacı kapatın.",
			"config.countBadge.tracked": "Yalnızca izlenen değişiklikleri say.",
			"config.decorations.enabled": "Git'in Gezgine ve Açık Düzenleyiciler görünümüne renk ve rozetlerle katkıda bulunup bulunmadığını denetler.",
			"config.defaultBranchName": "Yeni bir git deposu başlatılırken varsayılan dalın adı (ör. ana, ana hat, geliştirme). Boş olarak ayarlandığında, Git içinde yapılandırılan varsayılan dal adı kullanılır. **Not:** Git sürümü `2.28.0` veya üzerini gerektirir.",
			"config.defaultCloneDirectory": "Git deposunun klonlanacağı varsayılan konum.",
			"config.detectSubmodules": "Git alt modüllerinin otomatik olarak algılanıp algılanmayacağını denetler.",
			"config.detectSubmodulesLimit": "Saptanan Git alt modüllerinin sınırını denetler.",
			"config.discardAllScope": "Hangi değişikliklerin `Tüm değişiklikleri at` komutu tarafından atılacağını denetler. `Tümü` seçeneği tüm değişiklikleri atar. `İzlenen` seçeneği yalnızca izlenen dosyaları atar. `İstem`, eylem her çalıştırıldığında bir istem iletişim kutusu gösterir.",
			"config.enableCommitSigning": "GPG, X.509 veya SSH ile commit imzalamayı etkinleştirir.",
			"config.enableSmartCommit": "Hazırlanmış değişiklik olmadığında tüm değişikliklere commit işlemi uygulayın.",
			"config.enableStatusBarSync": "Git Sync komutunun durum çubuğunda görünüp görünmeyeceğini denetler.",
			"config.enabled": "Git'in etkinleştirilip etkinleştirilmediği.",
			"config.experimental.installGuide": "Git kurulumu akışına yönelik deneysel geliştirmeler.",
			"config.fetchOnPull": "Etkin olduğunda, çekerken tüm dalları getirin. Aksi takdirde yalnızca geçerli dalı getirin.",
			"config.followTagsWhenSync": "Eşitleme komutunu çalıştırırken tüm not eklenmiş etiketleri gönder.",
			"config.ignoreLegacyWarning": "Eski Git uyarısını yoksayar.",
			"config.ignoreLimitWarning": "Depoda çok fazla değişiklik olduğunda uyarıyı yoksayar.",
			"config.ignoreMissingGitWarning": "Git eksik olduğunda uyarıyı yoksayar.",
			"config.ignoreRebaseWarning": "Çekme sırasında dal yeniden temellendirilmiş gibi görünüyorsa uyarıyı yoksayar.",
			"config.ignoreSubmodules": "Dosya ağacındaki alt modüllerde yapılan değişiklikleri yoksayın.",
			"config.ignoreWindowsGit27Warning": "Windows'a Git 2.25 - 2.26 yüklendiğinde uyarıyı yoksayar.",
			"config.ignoredRepositories": "Yok sayılacak Git depolarının listesi.",
			"config.inputValidation": "İşleme iletisi girişi doğrulama tanılamasının gösterilip gösterilmeyeceğini denetler.",
			"config.inputValidationLength": "Uyarının gösterilmesi için commit iletisi uzunluğu eşiğini denetler.",
			"config.inputValidationSubjectLength": "Uyarının gösterilmesi için commit iletisi konu uzunluğu eşiğini denetler. `#git.inputValidationLength#` değerini devralmak için bu ayarı kaldırın.",
			"config.mergeEditor": "Şu anda çakışan dosyalar için birleştirme düzenleyicisini açın.",
			"config.openAfterClone": "Klonlama sonrasında deponun otomatik olarak açılıp açılmayacağını denetler.",
			"config.openAfterClone.always": "Her zaman geçerli pencerede açın.",
			"config.openAfterClone.alwaysNewWindow": "Her zaman yeni bir pencerede açın.",
			"config.openAfterClone.prompt": "Gerçekleştirilecek eylemi her zaman sorun.",
			"config.openAfterClone.whenNoFolderOpen": "Yalnızca hiçbir klasör açık değilse geçerli pencerede aç.",
			"config.openDiffOnClick": "Değişikliğe tıklandığında fark düzenleyicisinin açılmasının gerekip gerekmediğini denetler. Aksi takdirde normal düzenleyici açılır.",
			"config.openRepositoryInParentFolders": "Çalışma alanının veya açık dosyaların üst klasörlerindeki bir deponun açılıp açılmayacağını denetleyin.",
			"config.openRepositoryInParentFolders.always": "Her zaman bir depoyu çalışma alanlarının veya açık dosyaların üst klasörlerinde açın.",
			"config.openRepositoryInParentFolders.never": "Hiç bir zaman bir depoyu çalışma alanlarının veya açık dosyaların üst klasörlerinde açma.",
			"config.openRepositoryInParentFolders.prompt": "Çalışma alanlarının veya açık dosyaların üst klasörlerini, bir depoyu açmadan önce sor.",
			"config.optimisticUpdate": "Git komutlarını çalıştırdıktan sonra Kaynak Denetimi görünümünün durumunun iyimser bir şekilde güncelleştirilip güncelleştirilemediğini denetler.",
			"config.path": "Git yürütülebilir dosyasının yolu ve dosya adı, ör. `C:\\Program Files\\Git\\bin\\git.exe` (Windows).",
			"config.postCommitCommand": "İşleme başarılı olduktan sonra bir git komutu çalıştırın.",
			"config.postCommitCommand.none": "Commit işleminden sonra herhangi bir komut çalıştırmayın.",
			"config.postCommitCommand.push": "İşleme başarılı olduktan sonra 'git push' komutunu çalıştırın.",
			"config.postCommitCommand.sync": "İşleme başarılı olduktan sonra 'git pull' ve 'git push' komutunu çalıştırın.",
			"config.promptToSaveFilesBeforeCommit": "Git'in commit işlemi uygulamadan önce kaydedilmemiş dosyaları kontrol etmesinin gerekip gerekmediğini denetler.",
			"config.promptToSaveFilesBeforeCommit.always": "Tüm kaydedilmemiş dosyaları denetleyin.",
			"config.promptToSaveFilesBeforeCommit.never": "Bu denetimi devre dışı bırakın.",
			"config.promptToSaveFilesBeforeCommit.staged": "Yalnızca kaydedilmemiş hazırlanmış dosyaları denetleyin.",
			"config.promptToSaveFilesBeforeStash": "Git'in değişiklikleri geçici olarak kaydetmeden önce kaydedilmemiş dosyaları kontrol etmesinin gerekip gerekmediğini denetler.",
			"config.promptToSaveFilesBeforeStash.always": "Tüm kaydedilmemiş dosyaları denetleyin.",
			"config.promptToSaveFilesBeforeStash.never": "Bu denetimi devre dışı bırakın.",
			"config.promptToSaveFilesBeforeStash.staged": "Yalnızca kaydedilmemiş hazırlanmış dosyaları denetleyin.",
			"config.pruneOnFetch": "Getirilirken ayıkla.",
			"config.publishBeforeContinueOn": "Git deposundan Çalışmaya Devam Et özelliğini kullanırken yayımlanmamış Git durumunun yayımlanıp yayımlanmayacağını denetler.",
			"config.publishBeforeContinueOn.always": "Git deposundan Çalışmaya Devam Et özelliğini kullanırken yayımlanmamış git durumunu her zaman yayımla",
			"config.publishBeforeContinueOn.never": "Git deposundan Çalışmaya Devam Et özelliğini kullanırken yayımlanmamış Git durumunu hiçbir zaman yayımlama",
			"config.publishBeforeContinueOn.prompt": "Git deposundan Çalışmaya Devam Et özelliğini kullanırken yayımlanmamış Git durumunu yayımlamadan önce sor",
			"config.pullBeforeCheckout": "Giden işlemeleri olmayan bir dalın kullanıma alınmadan önce hızlı iletilip iletilmediğini kontrol eder.",
			"config.pullTags": "Çekerken tüm etiketleri getirin.",
			"config.rebaseWhenSync": "Yeniden eşitleme komutu çalıştırılırken Git'i yeniden temellendirmeyi kullanmaya zorla.",
			"config.rememberPostCommitCommand": "İşlemeden sonra çalıştırılacak son git komutunu anımsayın.",
			"config.replaceTagsWhenPull": "Çekme komutu çalıştırılırken çakışma olması durumunda yerel etiketleri uzak etiketlerle otomatik olarak değiştirin.",
			"config.repositoryScanIgnoredFolders": "\"#git.autoRepositoryDetection#\", \"true\" veya \"subFolders\" olarak ayarlandığında Git depoları taranırken yok sayılan klasörlerin listesi.",
			"config.repositoryScanMaxDepth": "`#git.autoRepositoryDetection#` değeri `true` veya '`subFolders` olarak ayarlandığında Git depoları için çalışma alanı klasörlerini tararken kullanılan derinliği kontrol eder. Sınır yok için `-1` olarak ayarlanamaz.",
			"config.requireGitUserConfig": "Açık Git kullanıcı yapılandırmasının gerekip gerekmediğini denetler veya yapılandırma eksikse Git'in tahminde bulunmasına olanak tanır.",
			"config.scanRepositories": "Git depolarının aranacağı yolların listesi.",
			"config.showActionButton": "Eylem düğmesinin Kaynak Denetimi görünümünde gösterilip gösterilmediğini denetler.",
			"config.showActionButton.commit": "Yerel dal, işlemeye hazır dosyaları değiştirdiğinde değişiklikleri işlemek için bir eylem düğmesi göster.",
			"config.showActionButton.publish": "İzleme uzak dalı olmayan yerel dalı yayımlamak için bir eylem düğmesi göster.",
			"config.showActionButton.sync": "Yerel dal, uzak dalın önünde veya arkasında olduğunda değişiklikleri eşitlemek için bir eylem düğmesi göster.",
			"config.showCommitInput": "Git kaynağı denetim masasında commit girişinin gösterilip gösterilmeyeceğini denetler.",
			"config.showInlineOpenFileAction": "Git değişiklikleri görünümünde satır içi Dosya Aç eyleminin gösterilip gösterilmeyeceğini denetler.",
			"config.showProgress": "Git eylemlerinin ilerleme gösterip göstermeyeceğini denetler.",
			"config.showPushSuccessNotification": "Gönderim başarılı olduğunda bildirim gösterilip gösterilmeyeceğini denetler.",
			"config.similarityThreshold": "Eklenen/silinen bir çift dosyada yeniden adlandırma sayılacak değişiklikler için benzerlik dizininin eşiğini (dosyanın boyutuna kıyasla ekleme/silme miktarı) denetler. **Not:** Git sürümü `2.18.0` veya üzerini gerektirir.",
			"config.smartCommitChanges": "Hangi değişikliklerin Akıllı Commit tarafından otomatik olarak hazırlanacağını denetleyin.",
			"config.smartCommitChanges.all": "Tüm değişiklikleri otomatik olarak hazırlayın.",
			"config.smartCommitChanges.tracked": "Yalnızca izlenen değişiklikleri otomatik olarak hazırlayın.",
			"config.statusLimit": "Git durum komutundan ayrıştırılabilecek değişiklik sayısının nasıl sınırlanacağını kontrol eder. Limitsiz olarak 0'a ayarlanabilir.",
			"config.suggestSmartCommit": "Akıllı commit'in etkinleştirilmesini önerir. (Hazırlanmış değişiklik olmadığında tüm değişikliklere commit işlemi uygulayın.)",
			"config.supportCancellation": "Eşitleme eylemi çalıştırılırken kullanıcının işlemi iptal etme izni veren bir bildirimin görüntülenip görüntülenmeyeceğini denetler.",
			"config.terminalAuthentication": "VS Code'un Entegre Terminal'de oluşturulan Git işlemleri için kimlik doğrulama işleyicisi olup olmayacağını denetler. Not: Bu ayardaki bir değişikliği almak için terminallerin yeniden başlatılması gerekir.",
			"config.terminalGitEditor": "VS Code'un tümleşik terminalde oluşturulan Git işlemleri için Git düzenleyicisi olup olmayacağını denetler. Not: Bu ayardaki bir değişikliği almak için terminallerin yeniden başlatılması gerekir.",
			"config.timeline.date": "Zaman Çizelgesi görünümünde öğeler için kullanılacak tarihi denetler.",
			"config.timeline.date.authored": "Yazılan tarihi kullan",
			"config.timeline.date.committed": "Commit işlemi uygulanan tarihi kullan",
			"config.timeline.showAuthor": "Commit yazarının Zaman Çizelgesi görünümünde gösterilip gösterilmeyeceğini denetler.",
			"config.timeline.showUncommitted": "İşlenmemiş değişikliklerin Zaman Çizelgesi görünümünde gösterilip gösterilmeyeceğini denetler.",
			"config.untrackedChanges": "İzlenmeyen değişikliklerin nasıl davranacağını denetler.",
			"config.untrackedChanges.hidden": "İzlenmeyen değişiklikler gizlenir ve birkaç eylemden dışlanır.",
			"config.untrackedChanges.mixed": "İzlenen ve izlenmeyen tüm değişiklikler birlikte görünür ve eşit davranış gösterir.",
			"config.untrackedChanges.separate": "İzlenmeyen değişiklikler Kaynak Denetimi görünümünde ayrı olarak gösterilir. Ayrıca birkaç eylemden dışlanır.",
			"config.useCommitInputAsStashMessage": "Commit giriş kutusundan iletinin varsayılan geçici kayıt iletisi olarak kullanılıp kullanılmayacağını denetler.",
			"config.useEditorAsCommitInput": "İşleme giriş kutusunda herhangi bir ileti sağlanmamışsa, işleme iletilerini yazmak için tam metin düzenleyicisinin kullanılıp kullanılmayacağını kontrol eder.",
			"config.useForcePushIfIncludes": "Zorla gönderimin daha güvenli bir force-if-includes değişkeni kullanıp kullanmadığını denetler. Not: Bu ayar için '#git.useForcePushWithLease#' ayarının etkinleştirilmesi ve Git '2.30.0' veya üzeri sürümü gerekir.",
			"config.useForcePushWithLease": "Zorla gönderimin daha güvenli bir force-with-lease değişkeni kullanıp kullanmadığını denetler.",
			"config.useIntegratedAskPass": "Tümleşik sürümü kullanmak için GIT_ASKPASS öğesinin üzerine yazılması gerekip gerekmediğini denetler.",
			"config.verboseCommit": "`#git.useEditorAsCommitInput#` etkinleştirildiğinde ayrıntılı çıkışı etkinleştirin.",
			"description": "Git SCM Tümleştirmesi",
			"displayName": "Git",
			"submenu.branch": "Dal",
			"submenu.changes": "Değişiklikler",
			"submenu.commit": "Commit",
			"submenu.commit.amend": "Değiştir",
			"submenu.commit.signoff": "Oturumu Kapat",
			"submenu.explorer": "Git",
			"submenu.pullpush": "Çek, Gönder",
			"submenu.remotes": "Uzak",
			"submenu.stash": "Geçici kayıt",
			"submenu.tags": "Etiketler",
			"view.workbench.cloneRepository": "Depoyu yerel olarak klonlayabilirsiniz.\r\n[Depoyu Klonla](command:git.clone 'Git uzantısı etkinleştirildiğinde depoyu klonla')",
			"view.workbench.learnMore": "VS Code’da Git ve kaynak denetimini kullanma hakkında daha fazla bilgi edinmek için [belgelerimizi okuyun](https://aka.ms/vscode-scm).",
			"view.workbench.scm.closedRepositories": "Daha önce kapatılan Git depoları bulundu.\r\n[Kapatılan Depoları Yeniden Aç](command:git.reopenClosedRepositories)\r\nVS Code’da Git ve kaynak denetimini kullanma hakkında daha fazla bilgi edinmek için [belgelerimizi okuyun](https://aka.ms/vscode-scm).",
			"view.workbench.scm.closedRepository": "Daha önce kapatılan Git deposu bulundu.\r\n[Kapatılan Depoyu Yeniden Aç](command:git.reopenClosedRepositories)\r\nVS Code’da Git ve kaynak denetimini kullanma hakkında daha fazla bilgi edinmek için [belgelerimizi okuyun](https://aka.ms/vscode-scm).",
			"view.workbench.scm.disabled": "Git özelliklerini kullanmak istiyorsanız lütfen [ayarlar](command:workbench.action.openSettings?%5B%22git.enabled%22%5D) ayarında Git'i etkinleştirin.\r\nVS Code’da Git ve kaynak denetimini kullanma hakkında daha fazla bilgi edinmek için [belgelerimizi okuyun](https://aka.ms/vscode-scm).",
			"view.workbench.scm.empty": "Git özelliklerini kullanmak için Git deposu içeren bir klasör açabilir veya URL'den klonlayabilirsiniz.\r\n[Klasörü Aç](command:vscode.openFolder)\r\n[Depoyu Klonla](command:git.clone)\r\nVS Code’da Git ve kaynak denetimini kullanma hakkında daha fazla bilgi edinmek için [belgelerimizi okuyun](https://aka.ms/vscode-scm).",
			"view.workbench.scm.emptyWorkspace": "Şu anda açık olan çalışma alanında Git depoları içeren klasör yok.\r\n[Çalışma Alanına Klasör Ekle](command:workbench.action.addRootFolder)\r\nVS Code’da Git ve kaynak denetimini kullanma hakkında daha fazla bilgi edinmek için [belgelerimizi okuyun](https://aka.ms/vscode-scm).",
			"view.workbench.scm.folder": "Şu anda açık olan klasörde Git deposu yok. Git tarafından desteklenen kaynak denetimi özelliklerini etkinleştiren bir depo başlatabilirsiniz.\r\n[Depoyu Başlat](command:git.init?%5Btrue%5D)\r\nVS Code’da Git ve kaynak denetimini kullanma hakkında daha fazla bilgi edinmek için [belgelerimizi okuyun](https://aka.ms/vscode-scm).",
			"view.workbench.scm.missing": "Kod değişikliklerini izlemek ve başkalarıyla işbirliği yapmak için popüler bir kaynak denetimi sistemi olan Git'i yükleyin. [Git kılavuzlarımızda](https://aka.ms/vscode-scm) daha fazla bilgi edinin.",
			"view.workbench.scm.missing.linux": "Kaynak denetimi, Git’in yüklü olmasına bağlıdır.\r\n[Linux için Git indirin](https://git-scm.com/download/linux)\r\nYükledikten sonra lütfen [yeniden yükleyin](command:workbench.action.reloadWindow) (veya [sorun giderin](command:git.showOutput)). Ek kaynak denetimi sağlayıcıları [Market’ten](command:workbench.extensions.search?%22%40category%3A%5C%22scm%20providers%5C%22%22) yüklenebilir.",
			"view.workbench.scm.missing.mac": "[macOS için Git indirin](https://git-scm.com/download/mac)\r\nYükledikten sonra lütfen [yeniden yükleyin](command:workbench.action.reloadWindow) (veya [sorun giderin](command:git.showOutput)). Ek kaynak denetimi sağlayıcıları [Market’ten](command:workbench.extensions.search?%22%40category%3A%5C%22scm%20providers%5C%22%22) yüklenebilir.",
			"view.workbench.scm.missing.windows": "[Windows için Git indirin](https://git-scm.com/download/win)\r\nYükledikten sonra lütfen [yeniden yükleyin](command:workbench.action.reloadWindow) (veya [sorun giderin](command:git.showOutput)). Ek kaynak denetimi sağlayıcıları [Market’ten](command:workbench.extensions.search?%22%40category%3A%5C%22scm%20providers%5C%22%22) yüklenebilir.",
			"view.workbench.scm.repositoriesInParentFolders": "Çalışma alanının veya açık dosyaların üst klasörlerinde Git depoları bulundu.\r\n[Depoyu Aç](command:git.openRepositoriesInParentFolders)\r\nÇalışma alanının üst klasörlerindeki veya açık dosyalardaki Git depolarının nasıl açılacağını denetlemek için [git.openRepositoryInParentFolders](command:workbench.action.openSettings?%5B%22git.openRepositoryInParentFolders%22%5D) ayarını kullanın. Daha fazla bilgi edinmek için [belgelerimizi okuyun](https://aka.ms/vscode-git-repository-in-parent-folders).",
			"view.workbench.scm.repositoryInParentFolders": "Çalışma alanının veya açık dosyaların üst klasörlerinde bir Git deposu bulundu.\r\n[Depoyu Aç](command:git.openRepositoriesInParentFolders)\r\nÇalışma alanının, açık dosyaların üst dizinlerindeki Git depolarının nasıl açılacağını denetlemek için [git.openRepositoryInParentFolders](command:workbench.action.openSettings?%5B%22git.openRepositoryInParentFolders%22%5D) ayarını kullanın. Daha fazla bilgi edinmek için [belgelerimizi okuyun](https://aka.ms/vscode-git-repository-in-parent-folders).",
			"view.workbench.scm.scanFolderForRepositories": "Klasör, Git depoları için taranıyor...",
			"view.workbench.scm.scanWorkspaceForRepositories": "Çalışma alanı Git depoları için taranıyor...",
			"view.workbench.scm.unsafeRepositories": "Klasörler geçerli kullanıcıdan farklı bir kişiye ait olduğundan algılanan Git depoları güvenli olmayabilir.\r\n[Güvenli Olmayan Depoları Yönet](command:git.manageUnsafeRepositories)\r\nGüvenli olmayan depolar hakkında daha fazla bilgi edinmek için [belgelerimizi okuyun](https://aka.ms/vscode-git-unsafe-repository).",
			"view.workbench.scm.unsafeRepository": "Klasör geçerli kullanıcıdan farklı bir kişiye ait olduğundan algılanan Git deposu güvenli olmayabilir.\r\n[Güvenli Olmayan Depoları Yönet](command:git.manageUnsafeRepositories)\r\nGüvenli olmayan depolar hakkında daha fazla bilgi edinmek için [belgelerimizi okuyun](https://aka.ms/vscode-git-unsafe-repository).",
			"view.workbench.scm.workspace": "Şu anda açık olan çalışma alanında Git depoları içeren klasör yok. Bir klasörde Git tarafından desteklenen kaynak denetimi özelliklerini etkinleştiren bir depo başlatabilirsiniz.\r\n[Depoyu Başlat](command:git.init)\r\nVS Code’da Git ve kaynak denetimini kullanma hakkında daha fazla bilgi edinmek için [belgelerimizi okuyun](https://aka.ms/vscode-scm)."
		}
	}
}