{
	"": [
		"--------------------------------------------------------------------------------------------",
		"Copyright (c) Microsoft Corporation. All rights reserved.",
		"Licensed under the MIT License. See License.txt in the project root for license information.",
		"--------------------------------------------------------------------------------------------",
		"Do not edit this file. It is machine generated."
	],
	"version": "1.0.0",
	"contents": {
		"bundle": {
			"(loading...)/Prefix displayed for hover entries while the server is still loading": "(caricamento in corso...)",
			"...1 additional file not shown": "...1 altro file non visualizzato",
			"...{0} additional files not shown": "...{0} altri file non visualizzati",
			"1 implementation": "1 implementazione",
			"1 reference": "1 riferimento",
			"Acquiring typings definitions for IntelliSense./Typings refers to the *.d.ts typings files that power our IntelliSense. It should not be localized": "Acquisizione delle definizioni dei file typings per IntelliSense.",
			"Acquiring typings.../Typings refers to the *.d.ts typings files that power our IntelliSense. It should not be localized": "Acquisizione dei file typings...",
			"Add all missing imports": "Aggiungi tutte le importazioni mancanti",
			"Allow": "Consenti",
			"Always": "Sempre",
			"An error occurred while renaming file": "Si è verificato un errore durante la ridenominazione del file",
			"Analyzing '{0}' and its dependencies": "Analisi di '{0}' e delle relative dipendenze",
			"Checking for update of JS/TS imports": "Verifica della disponibilità di aggiornamenti per le istruzioni import JS/TS",
			"Configure Excludes": "Configura esclusioni",
			"Configure jsconfig": "Configura jsconfig",
			"Configure jsconfig.json": "Configura jsconfig.json",
			"Configure tsconfig": "Configura tsconfig",
			"Configure tsconfig.json": "Configura tsconfig.json",
			"Could not apply refactoring": "Non è stato possibile applicare il refactoring",
			"Could not detect a Node installation to run TS Server.": "Non è stato possibile rilevare un'installazione del nodo per eseguire il server Servizi terminal.",
			"Could not determine TypeScript or JavaScript project": "Non è stato possibile determinare il progetto TypeScript o JavaScript",
			"Could not determine TypeScript or JavaScript project. Unsupported file type": "Non è stato possibile determinare il progetto TypeScript o JavaScript. Il tipo di file non è supportato",
			"Could not determine references": "Non è stato possibile determinare i riferimenti",
			"Could not install typings files for JavaScript language features. Please ensure that NPM is installed, or configure 'typescript.npm' in your user settings. Alternatively, check the [documentation]({0}) to learn more.": "Non è stato possibile installare i file di definizione tipi per le funzionalità del linguaggio JavaScript. Verificare che npm sia installato e o configurare 'typescript.npm' nelle impostazioni utente. In alternativa, per altre informazioni, vedere la [documentazione]({0}).",
			"Could not load the TypeScript version at this path": "Non è stato possibile caricare la versione di TypeScript in questo percorso",
			"Could not open TS Server log file": "Non è stato possibile aprire il file di log del server TypeScript",
			"Disable logging": "Disabilita registrazione",
			"Disables semantic checking in a JavaScript file. Must be at the top of a file.": "Disattiva il controllo semantico in un file JavaScript. Deve essere all'inizio del file.",
			"Dismiss": "Ignora",
			"Don't Show Again": "Non visualizzare più questo messaggio",
			"Don't show again": "Non visualizzare più questo messaggio",
			"Enable logging and restart TS server": "Abilita la registrazione e riavvia il server TypeScript",
			"Enables semantic checking in a JavaScript file. Must be at the top of a file.": "Attiva il controllo semantico in un file JavaScript. Deve essere all'inizio del file.",
			"Enter file path": "Immetti il percorso del file",
			"Enter new file path...": "Immettere il nuovo percorso del file...",
			"Extract to constant": "Estrai in costante",
			"Extract to function": "Estrai in funzione",
			"Failed to resolve {0} as module": "Non è stato possibile risolvere {0} come modulo",
			"Fetching data for better TypeScript IntelliSense": "Recupero dei dati per ottimizzare IntelliSense in TypeScript",
			"File is not part of a JavaScript project. View the [jsconfig.json documentation]({0}) to learn more.": "Il file non fa parte di un progetto JavaScript. Per altre informazioni, visualizzare il [tsconfig.json documentation] ({0}).",
			"File is not part of a TypeScript project. View the [tsconfig.json documentation]({0}) to learn more.": "Il file non fa parte di un progetto TypeScript. Per altre informazioni, visualizzare il [tsconfig.json documentation] ({0}).",
			"File is not part opened folders": "Il file non fa parte di cartelle aperte",
			"Find file references failed. No resource provided.": "La ricerca dei riferimenti a file non è riuscita. Non è stata specificata alcuna risorsa.",
			"Find file references failed. Requires TypeScript 4.2+.": "La ricerca dei riferimenti a file non è riuscita. È richiesto TypeScript 4.2 o versione successiva.",
			"Find file references failed. Unknown file type.": "La ricerca dei riferimenti a file non è riuscita. Il tipo di file è sconosciuto.",
			"Find file references failed. Unsupported file type.": "La ricerca dei riferimenti a file non è riuscita. Il tipo di file non è supportato.",
			"Finding file references": "Ricerca di riferimenti a file",
			"Finding source definitions": "Ricerca di definizioni di origine",
			"Fix all fixable JS/TS issues": "Correggi tutti i problemi JS/TS risolvibili",
			"Follow link": "Segui il collegamento",
			"Go to Source Definition failed. No resource provided.": "Accesso alla definizione di origine non riuscito. Nessuna risorsa specificata.",
			"Go to Source Definition failed. Requires TypeScript 4.7+.": "Accesso alla definizione di origine non riuscito. È necessario TypeScript 4.7+.",
			"Go to Source Definition failed. Unknown file type.": "Accesso alla definizione di origine non riuscito. Tipo di file sconosciuto.",
			"Go to Source Definition failed. Unsupported file type.": "Accesso alla definizione di origine non riuscito. Tipo di file non supportato.",
			"Initializing '{0}'": "Inizializzazione di '{0}'",
			"JS/TS IntelliSense Status": "JS/TS IntelliSense Status",
			"JSDoc comment": "Commento JSDoc",
			"Learn More": "Altre informazioni",
			"Learn more about JS/TS refactorings": "Altre informazioni sui refactoring JS/TS",
			"Learn more about managing TypeScript versions": "Altre informazioni sulla gestione delle versioni di TypeScript",
			"Loading IntelliSense status": "Caricamento dello stato di IntelliSense",
			"Move to File": "Sposta nel file",
			"Never": "Mai",
			"Never in this Workspace": "Mai in questa area di lavoro",
			"No": "No",
			"No jsconfig": "Nessun file jsconfig",
			"No opened folders": "Nessuna cartella aperta",
			"No source definitions found.": "Non sono state trovate definizioni di origine.",
			"No tsconfig": "Nessun file tsconfig",
			"Not now": "Non adesso",
			"Open config file": "Apri file di configurazione",
			"Organize Imports": "Organizza importazioni",
			"Partial Mode": "Modalità parziale",
			"Paste with imports": "Incolla con importazioni",
			"Please open a folder in VS Code to use a TypeScript or JavaScript project": "Aprire una cartella in Visual Studio Code per usare un progetto TypeScript o JavaScript",
			"Please report an issue against Yarn PnP": "Segnalare un problema con Yarn PnP",
			"Please update your TypeScript version": "Aggiornare la versione di TypeScript",
			"Project Wide IntelliSense not available": "IntelliSense a livello di progetto non è disponibile",
			"Remove Unused Imports": "Rimuovi importazioni inutilizzate",
			"Remove all unused code": "Rimuovi tutto il codice inutilizzato",
			"Report Issue": "Segnala problema",
			"Report issue against Yarn PnP": "Segnalare problema con Yarn PnP",
			"Select Version": "Seleziona versione ",
			"Select code action to apply": "Selezionare l'azione codice da applicare",
			"Select existing file...": "Selezionare file esistente...",
			"Select move destination": "Seleziona la destinazione di spostamento",
			"Select the TypeScript version used for JavaScript and TypeScript language features": "Selezionare la versione di TypeScript usata per le funzionalità del linguaggio JavaScript e TypeScript",
			"Sort Imports": "Ordina direttive import",
			"Suppresses @ts-check errors on the next line of a file, expecting at least one to exist.": "Elimina gli errori di @ts-check sulla riga successiva di un file. Presuppone che ne esista almeno uno.",
			"Suppresses @ts-check errors on the next line of a file.": "Elimina errori di @ts-check sulla riga successiva di un file.",
			"TS Server has not started logging.": "Il server TypeScript non ha avviato la registrazione.",
			"TS Server logging is currently enabled which may impact performance.": "La registrazione del server Servizi terminal è attualmente abilitata e ciò potrebbe influire sulle prestazioni.",
			"TS Server logging is off. Please set 'typescript.tsserver.log' and restart the TS server to enable logging": "La registrazione del server TypeScript è disattivata. Per abilitarla, impostare 'typescript.tsserver.log' e riavviare il server TypeScript",
			"The JS/TS language service crashed 5 times in the last 5 Minutes.": "Il servizio di linguaggio JS/TS si è arrestato in modo anomalo 5 volte negli ultimi 5 minuti.",
			"The JS/TS language service crashed 5 times in the last 5 Minutes.\nThis may be caused by a plugin contributed by one of these extensions: {0}\nPlease try disabling these extensions before filing an issue against VS Code.": "Il servizio di linguaggio JS/TS si è arrestato in modo anomalo 5 volte negli ultimi 5 minuti.\nIl problema può essere causato da un plug-in fornito da una delle estensioni seguenti: {0}\nProvare a disabilitare queste estensioni prima di segnalare un problema in VS Code.",
			"The JS/TS language service crashed.": "Arresto anomalo del servizio di linguaggio JS/TS.",
			"The JS/TS language service crashed.\nThis may be caused by a plugin contributed by one of these extensions: {0}.\nPlease try disabling these extensions before filing an issue against VS Code.": "Arresto anomalo del servizio di linguaggio JS/TS.\nIl problema può essere causato da un plug-in fornito da una delle estensioni seguenti: {0}.\nProvare a disabilitare queste estensioni prima di segnalare un problema in VS Code.",
			"The JS/TS language service immediately crashed 5 times. The service will not be restarted.": "Il servizio di linguaggio JS/TS si è immediatamente arrestato in modo anomalo 5 volte. Il servizio non verrà riavviato.",
			"The JS/TS language service immediately crashed 5 times. The service will not be restarted.\nThis may be caused by a plugin contributed by one of these extensions: {0}.\nPlease try disabling these extensions before filing an issue against VS Code.": "Il servizio di linguaggio JS/TS si è immediatamente arrestato in modo anomalo 5 volte. Il servizio non verrà riavviato.\nIl problema può essere causato da un plug-in fornito da una delle estensioni seguenti: {0}.\nProvare a disabilitare queste estensioni prima di segnalare un problema in VS Code.",
			"The current selection cannot be extracted": "Non è possibile estrarre la selezione corrente",
			"The path {0} doesn't point to a valid Node installation to run TS Server. Falling back to bundled Node.": "Il percorso {0} non punta a un’installazione del nodo valida per eseguire il server Servizi terminal. Fallback al nodo in bundle.",
			"The path {0} doesn't point to a valid tsserver install. Falling back to bundled TypeScript version.": "Il percorso {0} non punta a un'installazione valida di tsserver. Verrà eseguito il fallback alla versione in bundle di TypeScript.",
			"The workspace is using a version of the TypeScript Server that has been patched by Yarn PnP. This patching is a common source of bugs.": "L'area di lavoro usa una versione del server TypeScript a cui è stata applicata una patch da Yarn PnP. Questa applicazione di patch è un'origine comune di bug.",
			"The workspace is using an old version of TypeScript ({0}).\n\nBefore reporting an issue, please update the workspace to use TypeScript {1} or newer to make sure the bug has not already been fixed.": "L’area di lavoro usa una versione precedente di TypeScript ({0}).\n\nPrima di segnalare un problema, aggiornare l'area di lavoro per l’uso di TypeScript {1} o versioni successive, per assicurarsi che il bug non sia già stato risolto.",
			"This workspace contains a TypeScript version. Would you like to use the workspace TypeScript version for TypeScript and JavaScript language features?": "Questa area di lavoro contiene una versione di TypeScript. Usare la versione di TypeScript dell'area di lavoro per le funzionalità dei linguaggi TypeScript e JavaScript?",
			"This workspace wants to use the Node installation at '{0}' to run TS Server. Would you like to use it?": "Questa area di lavoro vuole usare l'installazione del nodo in '{0}{0}' per eseguire il server Servizi terminal. Vuoi usarlo?",
			"To enable project-wide JavaScript/TypeScript language features, exclude folders with many files, like: {0}": "Per abilitare le funzionalità del linguaggio JavaScript/TypeScript a livello di progetto, escludere le cartelle che contengono molti file, come {0}",
			"To enable project-wide JavaScript/TypeScript language features, exclude large folders with source files that you do not work on.": "Per abilitare le funzionalità del linguaggio JavaScript/TypeScript a livello di progetto, escludere le cartelle di grandi dimensioni che contengono file di origine su cui non si lavora.",
			"TypeScript Server Log": "Log del server TypeScript",
			"TypeScript Task in tasks.json contains \"\\\\\". TypeScript tasks tsconfig must use \"/\"": "L'attività TypeScript in tasks.json contiene \"\\\\\". Per le attività TypeScript in tsconfig è necessario usare \"/\"",
			"TypeScript Version": "Versione di TypeScrip",
			"TypeScript language server exited with error. Error message is: {0}": "Il server di linguaggio TypeScript. è stato chiuso ed è stato restituito un errore. Messaggio di errore: {0}",
			"TypeScript: Configure Excludes": "TypeScript: Configura esclusioni",
			"Update imports for '{0}'?": "Aggiornare le istruzioni import per '{0}'?",
			"Update imports for the following {0} files?": "Aggiornare le istruzioni import per i file di {0} seguenti?",
			"Use VS Code's Version": "Usa versione di VS Code",
			"Use Workspace Version": "Usa versione dell'area di lavoro",
			"VS Code's tsserver was deleted by another application such as a misbehaving virus detection tool. Please reinstall VS Code.": "Il file tsserver di VS Code è stato eliminato da un'altra applicazione, ad esempio uno strumento di rilevamento virus che non funziona correttamente. Reinstallare VS Code.",
			"Yes": "Sì",
			"build - {0}": "compilazione - {0}",
			"destination files": "file di destinazione",
			"invalid version": "versione non valida",
			"watch - {0}": "espressione di controllo - {0}",
			"{0} (Fix all in file)": "{0} (Correggi tutti nel file)",
			"{0} implementations": "{0} implementazioni",
			"{0} references": "{0} riferimenti"
		},
		"package": {
			"configuration.expandableHover": "Abilitare/disabilitare l'espansione al passaggio del mouse.",
			"configuration.implicitProjectConfig.checkJs": "Abilita/Disabilita il controllo semantico di file JavaScript. Eventuali file `jsconfig.json` o `tsconfig.json` esistenti sovrascrivono questa impostazione.",
			"configuration.implicitProjectConfig.experimentalDecorators": "Abilita/Disabilita gli elementi `experimentalDecorators` in file JavaScript che non fanno parte di un progetto. Eventuali file `jsconfig.json` o `tsconfig.json` esistenti sovrascrivono questa impostazione.",
			"configuration.implicitProjectConfig.module": "Imposta il sistema di moduli per il programma. Altre informazioni: https://www.typescriptlang.org/tsconfig#module.",
			"configuration.implicitProjectConfig.strictFunctionTypes": "Abilita/Disabilita i [tipi funzione strict](https://www.typescriptlang.org/tsconfig#strictFunctionTypes) in file JavaScript e TypeScript che non fanno parte di un progetto. Eventuali file `jsconfig.json` o `tsconfig.json` esistenti sovrascrivono questa impostazione.",
			"configuration.implicitProjectConfig.strictNullChecks": "Abilita/Disabilita i [controlli strict Null](https://www.typescriptlang.org/tsconfig#strictNullChecks) in file JavaScript e TypeScript che non fanno parte di un progetto. Eventuali file `jsconfig.json` o `tsconfig.json` esistenti sovrascrivono questa impostazione.",
			"configuration.implicitProjectConfig.target": "Imposta la versione del linguaggio JavaScript di destinazione per JavaScript emesso e include le dichiarazioni di libreria. Altre informazioni: https://www.typescriptlang.org/tsconfig#target.",
			"configuration.inlayHints.enumMemberValues.enabled": "Abilita/disabilita i suggerimenti incorporati per i valori dei membri nelle dichiarazioni di enumerazione:\r\n```typescript\r\n\r\nenum MyValue {\r\n\tA /* = 0 */;\r\n\tB /* = 1 */;\r\n}\r\n \r\n```",
			"configuration.inlayHints.functionLikeReturnTypes.enabled": "Abilita/disabilita i suggerimenti incorporati per i tipi restituiti impliciti nelle firme delle funzioni:\r\n```typescript\r\n\r\nfunction foo() /* :number */ {\r\n\treturn Date.now();\r\n} \r\n \r\n```",
			"configuration.inlayHints.parameterNames.enabled": "Abilita/disabilita i suggerimenti incorporati per i nomi di parametro:\r\n```typescript\r\n\r\nparseInt(/* str: */ '123', /* radix: */ 8)\r\n \r\n```",
			"configuration.inlayHints.parameterNames.suppressWhenArgumentMatchesName": "Eliminare i suggerimenti per il nome del parametro negli argomenti il cui testo è identico al nome del parametro.",
			"configuration.inlayHints.parameterTypes.enabled": "Abilita/disabilita i suggerimenti incorporati per i tipi di parametro impliciti:\r\n```typescript\r\n\r\nel.addEventListener('click', e /* :MouseEvent */ => ...)\r\n \r\n```",
			"configuration.inlayHints.propertyDeclarationTypes.enabled": "Abilita/disabilita i suggerimenti incorporati per i tipi impliciti nelle dichiarazioni di proprietà:\r\n```typescript\r\n\r\nclass Foo {\r\n\tprop /* :number */ = Date.now();\r\n}\r\n \r\n```",
			"configuration.inlayHints.variableTypes.enabled": "Abilita/disabilita i suggerimenti incorporati per i tipi di variabile impliciti:\r\n```typescript\r\n\r\nconst foo /* :number */ = Date.now();\r\n \r\n```",
			"configuration.inlayHints.variableTypes.suppressWhenTypeMatchesName": "Elimina gli hint di tipo nelle variabili il cui nome è identico al nome del tipo.",
			"configuration.javascript.checkJs.checkJs.deprecation": "Questa impostazione è stata deprecata e sostituita da `js/ts.implicitProjectConfig.checkJs`.",
			"configuration.javascript.checkJs.experimentalDecorators.deprecation": "Questa impostazione è stata deprecata e sostituita da `js/ts.implicitProjectConfig.experimentalDecorators`.",
			"configuration.preferGoToSourceDefinition": "Fa in modo che 'Vai alla definizione' eviti, quando possibile, i file di dichiarazione del tipo, attivando 'Vai alla definizione di origine'. In questo modo è possibile attivare 'Vai alla definizione di origine' con il movimento del mouse.",
			"configuration.suggest.autoImports": "Abilita/Disabilita i suggerimenti per le istruzioni import automatiche.",
			"configuration.suggest.classMemberSnippets.enabled": "Abilita/disabilita i completamenti dei frammenti dai membri della classe.",
			"configuration.suggest.completeFunctionCalls": "Completare le funzioni con la relativa firma del parametro.",
			"configuration.suggest.completeJSDocs": "Abilita/disabilita il suggerimento per il completamento dei commenti JSDoc.",
			"configuration.suggest.includeAutomaticOptionalChainCompletions": "Abilita/disabilita la visualizzazione dei completamenti per valori potenzialmente indefiniti che inseriscono una chiamata a catena facoltativa.Richiede l'abilitazione dei controlli strict Null.",
			"configuration.suggest.includeCompletionsForImportStatements": "Abilita/disabilita i completamenti per gli stili a importazione automatica in istruzioni import parzialmente digitate.",
			"configuration.suggest.jsdoc.generateReturns": "Abilita/disabilita la generazione di annotazioni '@returns' per i modelli JSDoc.",
			"configuration.suggest.names": "Abilita/disabilita l'inclusione di nomi univoci dal file nei suggerimenti JavaScript. Tenere presente che i suggerimenti per i nomi sono sempre disabilitati nel codice JavaScript che viene controllato semanticamente con `@ts-check` o `checkJs'.",
			"configuration.suggest.objectLiteralMethodSnippets.enabled": "Abilita/disabilita i completamenti dei frammenti per i metodi nei valori letterali di oggetto.",
			"configuration.suggest.paths": "Abilita/disabilita i suggerimenti per i percorsi nelle istruzioni import e le chiamate require.",
			"configuration.surveys.enabled": "Abilita/disabilita sondaggi occasionali che consentono di migliorare il supporto di JavaScript e TypeScript in VS Code.",
			"configuration.tsserver.experimental.enableProjectDiagnostics": "Consente la segnalazione degli errori a livello di progetto.",
			"configuration.tsserver.maxTsServerMemory": "Quantità massima di memoria (in MB) da assegnare al processo server TypeScript. Per usare un limite di memoria superiore a 4 GB, usare '#typescript.tsserver.nodePath#' per eseguire il server Servizi terminal con un'installazione personalizzata del nodo.",
			"configuration.tsserver.nodePath": "Eseguire il server Servizi terminal in un'installazione personalizzata del nodo. Può trattarsi di un percorso di un eseguibile node o di un 'node' se si vuole che VS Code rilevi un'installazione del nodo.",
			"configuration.tsserver.useSeparateSyntaxServer": "Abilita/disabilita la generazione di un server TypeScript separato in grado di rispondere più rapidamente a operazioni correlate alla sintassi, come il calcolo della riduzione o l'elaborazione dei simboli del documento.",
			"configuration.tsserver.useSeparateSyntaxServer.deprecation": "Questa opzione è stata sostituita con `typescript.tsserver.useSyntaxServer`.",
			"configuration.tsserver.useSyntaxServer": "Controlla se TypeScript avvia un server dedicato per gestire più rapidamente le operazioni correlate alla sintassi, ad esempio la riduzione del codice di calcolo.",
			"configuration.tsserver.useSyntaxServer.always": "Utilizza un server di sintassi più leggero per gestire tutte le operazioni di IntelliSense. Questo server di sintassi può fornire IntelliSense solo per i file aperti.",
			"configuration.tsserver.useSyntaxServer.auto": "Genera un server completo e un server più leggero dedicato alle operazioni di sintassi. Il server di sintassi viene usato per velocizzare le operazioni di sintassi e fornire IntelliSense durante il caricamento dei progetti.",
			"configuration.tsserver.useSyntaxServer.never": "Non utilizzare un server di sintassi dedicato. Utilizza un singolo server per gestire tutte le operazioni di IntelliSense.",
			"configuration.tsserver.useVsCodeWatcher": "Usa watcher dei file di VS Code invece di TypeScript. Richiede l'uso di TypeScript 5.4+ nell'area di lavoro.",
			"configuration.tsserver.useVsCodeWatcher.deprecation": "Usare invece l'impostazione '#typescript.tsserver.watchOptions#'.",
			"configuration.tsserver.watchOptions": "Configura le strategie di controllo per tenere traccia dei file e delle directory.",
			"configuration.tsserver.watchOptions.fallbackPolling": "Quando si usano eventi del file system, questa opzione specifica la strategia di polling da usare se il sistema esaurisce i controlli file nativi e/o non supporta controlli file nativi.",
			"configuration.tsserver.watchOptions.fallbackPolling.dynamicPriorityPolling ": "Usa una coda dinamica in cui i file modificati meno frequentemente verranno controllati meno spesso.",
			"configuration.tsserver.watchOptions.fallbackPolling.fixedPollingInterval": "Controlla ogni file più volte al secondo per verificare la presenza di modifiche a un intervallo fisso.",
			"configuration.tsserver.watchOptions.fallbackPolling.priorityPollingInterval": "Controlla ogni file più volte al secondo per verificare la presenza di modifiche, ma usa l'euristica per controllare alcuni tipi di file meno frequentemente di altri.",
			"configuration.tsserver.watchOptions.synchronousWatchDirectory": "Disabilita il controllo differito sulle directory. Il controllo differito è utile in caso di più modifiche simultanee ai file, ad esempio una modifica in node_modules in seguito all'esecuzione di npm install, ma è opportuno disabilitarlo con questo flag per alcune configurazioni meno comuni.",
			"configuration.tsserver.watchOptions.vscode": "Usa watcher dei file di VS Code invece di TypeScript. Richiede l'uso di TypeScript 5.4+ nell'area di lavoro.",
			"configuration.tsserver.watchOptions.watchDirectory": "Strategia di controllo di interi alberi di directory in sistemi in cui manca la funzionalità di controllo file ricorsivi.",
			"configuration.tsserver.watchOptions.watchDirectory.dynamicPriorityPolling": "Usa una coda dinamica in cui le directory modificate meno frequentemente verranno controllate meno spesso.",
			"configuration.tsserver.watchOptions.watchDirectory.fixedChunkSizePolling": "Esegue il polling delle directory in blocchi a intervalli regolari.",
			"configuration.tsserver.watchOptions.watchDirectory.fixedPollingInterval": "Controlla ogni directory più volte al secondo per verificare la presenza di modifiche a un intervallo fisso.",
			"configuration.tsserver.watchOptions.watchDirectory.useFsEvents": "Prova a usare gli eventi nativi del sistema operativo/file system per le modifiche apportate alle directory.",
			"configuration.tsserver.watchOptions.watchFile": "Strategia per il controllo dei singoli file.",
			"configuration.tsserver.watchOptions.watchFile.dynamicPriorityPolling": "Usa una coda dinamica in cui i file modificati meno frequentemente verranno controllati meno spesso.",
			"configuration.tsserver.watchOptions.watchFile.fixedChunkSizePolling": "Esegue il polling dei file in blocchi a intervalli regolari.",
			"configuration.tsserver.watchOptions.watchFile.fixedPollingInterval": "Controlla ogni file più volte al secondo per verificare la presenza di modifiche a un intervallo fisso.",
			"configuration.tsserver.watchOptions.watchFile.priorityPollingInterval": "Controlla ogni file più volte al secondo per verificare la presenza di modifiche, ma usa l'euristica per controllare alcuni tipi di file meno frequentemente di altri.",
			"configuration.tsserver.watchOptions.watchFile.useFsEvents": "Prova a usare gli eventi nativi del sistema operativo/file system per le modifiche apportate ai file.",
			"configuration.tsserver.watchOptions.watchFile.useFsEventsOnParentDirectory": "Prova a usare gli eventi nativi del sistema operativo/file system per ascoltare le modifiche apportate alle directory contenitore di un file. Con questa opzione vengono usati meno controlli file, ma i risultati potrebbero essere meno accurati.",
			"configuration.tsserver.web.projectWideIntellisense.enabled": "Abilita/disabilita IntelliSense a livello di progetto sul Web. Richiede che Visual Studio Code sia in esecuzione in un contesto attendibile.",
			"configuration.tsserver.web.projectWideIntellisense.suppressSemanticErrors": "Consente di eliminare gli errori semantici sul Web anche quando IntelliSense a livello di progetto è abilitato. Questa opzione è sempre attiva quando IntelliSense a livello di progetto non è abilitato o disponibile. Vedere '#typescript.tsserver.web.projectWideIntellisense.enabled#'",
			"configuration.tsserver.web.typeAcquisition.enabled": "Consente di abilitare/disabilitare l'acquisizione di pacchetti sul Web. In questo modo IntelliSense viene abilitato per i pacchetti importati. Richiede '#typescript.tsserver.web.projectWideIntellisense.enabled#'. Attualmente non supportato per Safari.",
			"configuration.typescript": "TypeScript",
			"configuration.updateImportsOnPaste": "Abilitare l'aggiornamento delle importazioni dopo aver incollato il codice. Richiede TypeScript 5.7+.\r\n\r\nPer impostazione predefinita, viene visualizzata un'opzione per aggiornare le importazioni dopo l'azione Incolla. È possibile usare l'impostazione '#editor.pasteAs.preferences#' per aggiornare automaticamente le importazioni quando si incolla: '\"editor.pasteAs.preferences\": [ \"text.updateImports.jsts\" ]'.",
			"description": "Fornisce un supporto avanzato per JavaScript e TypeScript",
			"displayName": "Funzionalità dei linguaggi TypeScript e JavaScript",
			"format.indentSwitchCase": "Impostare un rientro per le clausole case nelle istruzioni switch. Richiede l'uso di TypeScript 5.1+ nell'area di lavoro.",
			"format.insertSpaceAfterCommaDelimiter": "Consente di definire la gestione dello spazio dopo una virgola di delimitazione.",
			"format.insertSpaceAfterConstructor": "Consente di definire la gestione dello spazio dopo la parola chiave constructor.",
			"format.insertSpaceAfterFunctionKeywordForAnonymousFunctions": "Consente di definire la gestione dello spazio dopo la parola chiave function per funzioni anonime.",
			"format.insertSpaceAfterKeywordsInControlFlowStatements": "Consente di definire la gestione dello spazio dopo le parole chiave in un'istruzione del flusso di controllo.",
			"format.insertSpaceAfterOpeningAndBeforeClosingEmptyBraces": "Consente di definire la gestione dello spazio dopo l'apertura e prima della chiusura di parentesi graffe vuote.",
			"format.insertSpaceAfterOpeningAndBeforeClosingJsxExpressionBraces": "Consente di definire la gestione dello spazio dopo la parentesi graffa iniziale e prima della parentesi graffa finale dell'espressione JSX.",
			"format.insertSpaceAfterOpeningAndBeforeClosingNonemptyBraces": "Consente di definire la gestione dello spazio dopo l'apertura e prima della chiusura di parentesi graffe non vuote.",
			"format.insertSpaceAfterOpeningAndBeforeClosingNonemptyBrackets": "Consente di definire la gestione dello spazio dopo le parentesi quadre di apertura e di chiusura non vuote.",
			"format.insertSpaceAfterOpeningAndBeforeClosingNonemptyParenthesis": "Consente di definire la gestione dello spazio dopo le parentesi tonde di apertura e di chiusura non vuote.",
			"format.insertSpaceAfterOpeningAndBeforeClosingTemplateStringBraces": "Consente di definire la gestione dello spazio dopo la parentesi graffa iniziale e prima della parentesi graffa finale della stringa del modello.",
			"format.insertSpaceAfterSemicolonInForStatements": " Consente di definire la gestione dello spazio dopo un punto e virgola in un'istruzione for.",
			"format.insertSpaceAfterTypeAssertion": "Consente di definire la gestione dello spazio dopo le asserzioni di tipo in TypeScript.",
			"format.insertSpaceBeforeAndAfterBinaryOperators": "Consente di definire la gestione dello spazio dopo un operatore binario.",
			"format.insertSpaceBeforeFunctionParenthesis": "Consente di definire la gestione dello spazio prima delle parentesi dell'argomento della funzione.",
			"format.placeOpenBraceOnNewLineForControlBlocks": "Consente di definire se una parentesi graffa di apertura viene o meno inserita su una riga per i blocchi di controllo.",
			"format.placeOpenBraceOnNewLineForFunctions": "Consente di definire se una parentesi graffa di apertura viene o meno inserita su una riga per le funzioni.",
			"format.semicolons": "Definisce la gestione dei punti e virgola facoltativi.",
			"format.semicolons.ignore": "Non inserire o rimuovere punti e virgola.",
			"format.semicolons.insert": "Inserisce i punti e virgola alla fine delle istruzioni.",
			"format.semicolons.remove": "Rimuove i punti e virgola non necessari.",
			"inlayHints.parameterNames.all": "Abilitare i suggerimenti per il nome del parametro per gli argomenti letterali e non letterali.",
			"inlayHints.parameterNames.literals": "Abilitare i suggerimenti per il nome del parametro solo per gli argomenti letterali.",
			"inlayHints.parameterNames.none": "Disabilitare i suggerimenti per il nome del parametro.",
			"javascript.format.enable": "Abilita/Disabilita il formattatore JavaScript predefinito.",
			"javascript.goToProjectConfig.title": "Vai a Configurazione progetto (jsconfig/tsconfig)",
			"javascript.preferences.jsxAttributeCompletionStyle.auto": "Inserire “={}” o “=\"\"” dopo i nomi di attributo in base al tipo di proprietà. Vedere '#javascript.preferences.quoteStyle#' per controllare il tipo di virgolette usate per gli attributi stringa.",
			"javascript.preferences.organizeImports": "Preferenze avanzate che consentono di controllare l'ordinamento delle importazioni.",
			"javascript.referencesCodeLens.enabled": "Abilita/disabilita riferimenti CodeLens nei file JavaScript.",
			"javascript.referencesCodeLens.showOnAllFunctions": "Abilita/disabilita le finestre CodeLens per i riferimenti in tutte le funzioni nei file JavaScript.",
			"javascript.suggestionActions.enabled": "Abilita/Disabilita la diagnostica dei suggerimenti per i file JavaScript nell'editor.",
			"javascript.validate.enable": "Abilita/Disabilita la convalida JavaScript.",
			"reloadProjects.title": "Ricarica progetto",
			"taskDefinition.tsconfig.description": "File tsconfig che definisce la compilazione TS.",
			"typescript.autoClosingTags": "Abilita/Disabilita la chiusura automatica dei tag JSX.",
			"typescript.check.npmIsInstalled": "Verificare se npm è installato per [acquisizione automatica del tipo](https://code.visualstudio.com/docs/nodejs/working-with-javascript#_typings-and-automatic-type-acquisition).",
			"typescript.disableAutomaticTypeAcquisition": "Disabilita [acquisizione automatica del tipo](https://code.visualstudio.com/docs/nodejs/working-with-javascript#_typings-and-automatic-type-acquisition). L'acquisizione automatica del tipo recupera pacchetti \"@types\" dall'npm per migliorare IntelliSense per le raccolte esterne.",
			"typescript.enablePromptUseWorkspaceTsdk": "Consente di chiedere agli utenti se usare la versione di TypeScript configurata nell'area di lavoro per IntelliSense.",
			"typescript.findAllFileReferences": "Trova riferimenti a file",
			"typescript.format.enable": "Abilita/Disabilita il formattatore TypeScript predefinito.",
			"typescript.goToProjectConfig.title": "Vai a Configurazione progetto (tsconfig)",
			"typescript.goToSourceDefinition": "Vai alla definizione di origine",
			"typescript.implementationsCodeLens.enabled": "Abilita/Disabilita le finestre CodeLens per le implementazioni. Questa finestra CodeLens mostra gli implementatori di un'interfaccia.",
			"typescript.implementationsCodeLens.showOnInterfaceMethods": "Abilitare/disabilitare le implementazioni di CodeLens nei metodi di interfaccia.",
			"typescript.locale": "Consente di definire le impostazioni locali usate per segnalare errori JavaScript e TypeScript. Per impostazione predefinita vengono usate le impostazioni locali di VS Code.",
			"typescript.locale.auto": "Usa la lingua di visualizzazione configurata di VS Code.",
			"typescript.npm": "Specifica il percorso del file eseguibile npm usato per [acquisizione automatica del tipo](https://code.visualstudio.com/docs/nodejs/working-with-javascript#_typings-and-automatic-type-acquisition).",
			"typescript.openTsServerLog.title": "Apri il log del server TypeScript",
			"typescript.preferences.autoImportFileExcludePatterns": "Specificare i criteri GLOB dei file da escludere dalle importazioni automatiche. I percorsi relativi vengono risolti in relazione alla radice dell'area di lavoro. I criteri vengono valutati usando la semantica tsconfig.json [`exclude`](https://www.typescriptlang.org/tsconfig#exclude).",
			"typescript.preferences.autoImportSpecifierExcludeRegexes": "Specificare le espressioni regolari per escludere le importazioni automatiche con identificatori di importazione corrispondenti. Esempi:\r\n\r\n- `^node:`\r\n- 'lib/internal' (le barre non devono essere precedute da un carattere di escape...)\r\n- '/lib\\/internal/i' (... a meno che non siano incluse le barre circostanti per i flag 'i' o 'u')\r\n- '^lodash$' (consenti solo importazioni di sottopercorso da lodash)",
			"typescript.preferences.importModuleSpecifier": "Stile di percorso preferito per le istruzioni import automatiche.",
			"typescript.preferences.importModuleSpecifier.nonRelative": "Preferisce un'importazione non relativa basata sull'elemento `baseUrl` o `paths` configurato nel file `jsconfig.json`/`tsconfig.json`.",
			"typescript.preferences.importModuleSpecifier.projectRelative": "Preferisce un'importazione non relativa solo se il percorso di importazione relativo lascia la directory del progetto o del pacchetto.",
			"typescript.preferences.importModuleSpecifier.relative": "Preferisce un percorso relativo per la posizione del file importato.",
			"typescript.preferences.importModuleSpecifier.shortest": "Preferisce un'importazione non relativa solo se ne è disponibile solo una con un numero di segmenti di tracciato minore rispetto a un'importazione relativa.",
			"typescript.preferences.importModuleSpecifierEnding": "Terminazione di percorso preferita per le istruzioni import automatiche.",
			"typescript.preferences.importModuleSpecifierEnding.auto": "Usa le impostazioni del progetto per selezionare un'impostazione predefinita.",
			"typescript.preferences.importModuleSpecifierEnding.index": "Abbrevia `./component/index.js` in `./component/index`.",
			"typescript.preferences.importModuleSpecifierEnding.js": "Non abbreviare le terminazioni del percorso; includere l'estensione '.js' o '.ts'.",
			"typescript.preferences.importModuleSpecifierEnding.label.js": ".js/ .ts",
			"typescript.preferences.importModuleSpecifierEnding.minimal": "Abbrevia `./component/index.js` in `./component`.",
			"typescript.preferences.includePackageJsonAutoImports": "Abilita/Disabilita la ricerca delle dipendenze di `package.json` per le importazioni automatiche disponibili.",
			"typescript.preferences.includePackageJsonAutoImports.auto": "Cerca le dipendenze in base all'impatto stimato sulle prestazioni.",
			"typescript.preferences.includePackageJsonAutoImports.off": "Non cercare mai le dipendenze.",
			"typescript.preferences.includePackageJsonAutoImports.on": "Cerca sempre le dipendenze.",
			"typescript.preferences.jsxAttributeCompletionStyle": "Stile preferito per i completamenti degli attributi JSX.",
			"typescript.preferences.jsxAttributeCompletionStyle.auto": "Inserire “={}” o “=\"\"” dopo i nomi di attributo in base al tipo di proprietà. Vedere '#typescript.preferences.quoteStyle#' per controllare il tipo di virgolette usate per gli attributi stringa.",
			"typescript.preferences.jsxAttributeCompletionStyle.braces": "Inserire “={}” dopo i nomi di attributo.",
			"typescript.preferences.jsxAttributeCompletionStyle.none": "Inserire solo nomi di attributo.",
			"typescript.preferences.organizeImports": "Preferenze avanzate che consentono di controllare l'ordinamento delle importazioni.",
			"typescript.preferences.organizeImports.accentCollation": "Richiede 'organizeImports.unicodeCollation: 'unicode''. Confronta i caratteri con segni diacritici come diversi dal carattere di base.",
			"typescript.preferences.organizeImports.caseFirst": "Richiede 'organizeImports.unicodeCollation: 'unicode'' e 'organizeImports.caseSensitivity' non è 'caseInsensitive'. Indica se le lettere maiuscole verranno ordinate prima delle minuscole.",
			"typescript.preferences.organizeImports.caseFirst.default": "Ordine predefinito specificato da 'locale'.",
			"typescript.preferences.organizeImports.caseFirst.lower": "Le lettere minuscole precedono le maiuscole. Ad esempio: ' a, A, z, Z'.",
			"typescript.preferences.organizeImports.caseFirst.upper": "Le lettere maiuscole precedono le minuscole. Ad esempio: ' A, a, B, b'.",
			"typescript.preferences.organizeImports.caseSensitivity": "Specifica come devono essere ordinate le importazioni per quanto riguarda la distinzione tra maiuscole e minuscole. Se è stata specificata l’opzione 'auto' o non è stata specificata alcuna opzione, verrà rilevata la distinzione tra maiuscole e minuscole per ogni file",
			"typescript.preferences.organizeImports.caseSensitivity.auto": "Distinzione tra maiuscole e minuscole per l'ordinamento delle importazioni.",
			"typescript.preferences.organizeImports.caseSensitivity.insensitive": "Ordinare le importazioni senza distinzione tra maiuscole e minuscole.",
			"typescript.preferences.organizeImports.caseSensitivity.sensitive": "Ordinare le importazioni con distinzione tra maiuscole e minuscole.",
			"typescript.preferences.organizeImports.locale": "Richiede 'organizeImports.unicodeCollation: 'unicode''. Ignora le impostazioni locali usate per le regole di confronto. Specificare ‘auto’ per usare le impostazioni locali dell'interfaccia utente.",
			"typescript.preferences.organizeImports.numericCollation": "Richiede 'organizeImports.unicodeCollation: 'unicode''. Ordina le stringhe numeriche in base al valore del numero intero.",
			"typescript.preferences.organizeImports.typeOrder": "Specifica come devono essere ordinate le importazioni denominate solo in base al tipo.",
			"typescript.preferences.organizeImports.typeOrder.auto": "Rileva dove ordinare le importazioni denominate solo per il tipo.",
			"typescript.preferences.organizeImports.typeOrder.first": "Le importazioni denominate solo in base al tipo vengono ordinate all’inizio dell'elenco delle importazioni. Ad esempio, 'import { type A, type Y, B, Z } from 'module';'",
			"typescript.preferences.organizeImports.typeOrder.inline": "Le importazioni denominate vengono ordinate solo per nome. Ad esempio, 'import { type A, B, type Y, Z } from 'module';'",
			"typescript.preferences.organizeImports.typeOrder.last": "Le importazioni denominate solo in base al tipo vengono ordinate alla fine dell'elenco delle importazioni. Ad esempio, 'import { B, Z, type A, type Y } from 'module';'",
			"typescript.preferences.organizeImports.unicodeCollation": "Specifica se ordinare le importazioni usando le regole di confronto Unicode o ordinali.",
			"typescript.preferences.organizeImports.unicodeCollation.ordinal": "Ordinare le importazioni usando il valore numerico di ogni punto di codice.",
			"typescript.preferences.organizeImports.unicodeCollation.unicode": "Ordinare le importazioni utilizzando le regole di confronto del codice Unicode.",
			"typescript.preferences.preferTypeOnlyAutoImports": "Includere la parola chiave 'type' nelle importazioni automatiche quando possibile. Richiede l'uso di TypeScript 5.3+ nell'area di lavoro.",
			"typescript.preferences.quoteStyle": "Stile virgolette preferito da usare per le correzioni rapide.",
			"typescript.preferences.quoteStyle.auto": "Dedurre il tipo di virgolette dal codice esistente",
			"typescript.preferences.quoteStyle.double": "Usare sempre virgolette doppie: `\"`",
			"typescript.preferences.quoteStyle.single": "Usare sempre virgolette singole: `'`",
			"typescript.preferences.renameMatchingJsxTags": "Quando si usa un tag JSX, provare a rinominare il tag corrispondente anziché rinominare il simbolo. Richiede l'uso di TypeScript 5.1+ nell'area di lavoro.",
			"typescript.preferences.renameShorthandProperties.deprecationMessage": "L'impostazione 'typescript.preferences.renameShorthandProperties' è stata deprecata e sostituita da 'typescript.preferences.useAliasesForRenames'",
			"typescript.preferences.useAliasesForRenames": "Abilita/disabilita l'introduzione di alias per le proprietà a sintassi abbreviata degli oggetti durante le ridenominazioni.",
			"typescript.problemMatchers.tsc.label": "Problemi TypeScript",
			"typescript.problemMatchers.tscWatch.label": "Problemi TypeScript (modalità espressione di controllo)",
			"typescript.referencesCodeLens.enabled": "Abilita/Disabilita le finestre CodeLens per i riferimenti nei file TypeScript.",
			"typescript.referencesCodeLens.showOnAllFunctions": "Abilita/disabilita le finestre CodeLens per i riferimenti in tutte le funzioni nei file TypeScript.",
			"typescript.removeUnusedImports": "Rimuovi importazioni inutilizzate",
			"typescript.reportStyleChecksAsWarnings": "Segnala i controlli di stile come avvisi.",
			"typescript.restartTsServer": "Riavvia server TS",
			"typescript.selectTypeScriptVersion.title": "Seleziona la versione di TypeScript...",
			"typescript.sortImports": "Ordina direttive import",
			"typescript.suggest.enabled": "Abilita/disabilita i suggerimenti per il completamento automatico.",
			"typescript.suggestionActions.enabled": "Abilita/Disabilita la diagnostica dei suggerimenti per i file TypeScript nell'editor.",
			"typescript.tsc.autoDetect": "Controlla la rilevazione automatica di attività tsc.",
			"typescript.tsc.autoDetect.build": "Crea solo singole attività di compilazione esecuzione.",
			"typescript.tsc.autoDetect.off": "Disabilita questa funzionalità.",
			"typescript.tsc.autoDetect.on": "Crea attività di compilazione e di controllo.",
			"typescript.tsc.autoDetect.watch": "Crea solo attività di compilazione e di controllo.",
			"typescript.tsdk.desc": "Specifica il percorso della cartella dei file tsserver e `lib*.d.ts` in un'installazione di TypeScript da usare per IntelliSense, ad esempio: `./node_modules/typescript/lib`.\r\n\r\n- Quando viene specificata come impostazione utente, la versione di TypeScript di `typescript.tsdk` sostituisce automaticamente la versione predefinita di TypeScript.\r\n- Quando viene specificata come impostazione dell'area di lavoro, `typescript.tsdk` consente di passare alla versione area di lavoro di TypeScript per IntelliSense con il comando `TypeScript: selezionare la versione di TypeScript`.\r\n\r\nPer altri dettagli sulla gestione delle versioni di TypeScript, vedere la [documentazione di TypeScript](https://code.visualstudio.com/docs/typescript/typescript-compiling#_using-newer-typescript-versions).",
			"typescript.tsserver.enableRegionDiagnostics": "Abilita la diagnostica basata sull'area in TypeScript. Richiede l'uso di TypeScript 5.6+ nell'area di lavoro.",
			"typescript.tsserver.enableTracing": "Abilita la traccia delle prestazioni del server TypeScript in una directory. Questi file di traccia possono essere usati per diagnosticare problemi di prestazioni del server TypeScript. Il log può contenere percorsi di file, codice sorgente e altre informazioni del progetto potenzialmente riservate.",
			"typescript.tsserver.log": "Abilita la registrazione del server TypeScript in un file. Questo log può essere usato per diagnosticare problemi del server TypeScript. Il log può contenere percorsi di file, codice sorgente e altre informazioni del progetto potenzialmente riservate.",
			"typescript.tsserver.pluginPaths": "Percorsi aggiuntivi per individuare plug-in del servizio di linguaggio TypeScript.",
			"typescript.tsserver.pluginPaths.item": "Percorso assoluto o relativo. Il percorso relativo verrà risolto in base alle cartelle dell'area di lavoro.",
			"typescript.tsserver.trace": "Abilita la traccia dei messaggi inviati al server TypeScript. Questa traccia può essere usata per diagnosticare problemi del server TypeScript. La traccia può contenere percorsi di file, codice sorgente e altre informazioni del progetto potenzialmente riservate.",
			"typescript.updateImportsOnFileMove.enabled": "Abilita/Disabilita l'aggiornamento automatico dei percorsi delle istruzioni import quando si rinomina o si sposta un file in VS Code.",
			"typescript.updateImportsOnFileMove.enabled.always": "Aggiorna sempre i percorsi automaticamente.",
			"typescript.updateImportsOnFileMove.enabled.never": "Non rinomina mai i percorsi senza chiedere conferma.",
			"typescript.updateImportsOnFileMove.enabled.prompt": "Chiede conferma per ogni ridenominazione.",
			"typescript.validate.enable": "Abilita/Disabilita la convalida TypeScript.",
			"typescript.workspaceSymbols.excludeLibrarySymbols": "Escludere i simboli provenienti dai file di libreria nei risultati 'Vai a simbolo' nell'area di lavoro. Richiede l'uso di TypeScript 5.3+ nell'area di lavoro.",
			"typescript.workspaceSymbols.scope": "Controlla i file cercati in base a [Vai al simbolo nell'area di lavoro](https://code.visualstudio.com/docs/editor/editingevolved#_open-symbol-by-name).",
			"typescript.workspaceSymbols.scope.allOpenProjects": "Cerca i simboli in tutti i progetti JavaScript o TypeScript aperti.",
			"typescript.workspaceSymbols.scope.currentProject": "Cerca i simboli solo nel progetto JavaScript o TypeScript corrente.",
			"virtualWorkspaces": "Nelle aree di lavoro virtuali, la risoluzione e la ricerca di riferimenti tra i file non sono supportate.",
			"walkthroughs.nodejsWelcome.debugJsFile.altText": "Fai il debug ed esegui il codice JavaScript in Node.js con Visual Studio Code.",
			"walkthroughs.nodejsWelcome.debugJsFile.description": "Dopo aver installato Node.js, è possibile eseguire programmi JavaScript in un terminale immettendo ''node your-file-name.js''\r\nUn altro modo semplice per eseguire i programmi Node.js consiste nell'usare il debugger di VS Code, che consente di eseguire il tuo codice, sospendere in punti diversi e comprendere cosa sta succedendo passo dopo passo.\r\n[Avvia debug](command:javascript-walkthrough.commands.debugJsFile)",
			"walkthroughs.nodejsWelcome.debugJsFile.title": "Esegui e fai il debug di JavaScript",
			"walkthroughs.nodejsWelcome.description": "Sfrutta al meglio l'esperienza JavaScript di Visual Studio Code di prima classe.",
			"walkthroughs.nodejsWelcome.downloadNode.forLinux.description": "Node.js è un modo semplice per eseguire il codice JavaScript. È possibile usarlo per creare rapidamente app e server della riga di comando. Include anche npm, uno strumento di gestione pacchetti che semplifica il riutilizzo e la condivisione del codice JavaScript.\r\n[Installare Node.js](https://nodejs.org/en/download/package-manager/)",
			"walkthroughs.nodejsWelcome.downloadNode.forLinux.title": "Installa Node.js",
			"walkthroughs.nodejsWelcome.downloadNode.forMacOrWindows.description": "Node.js è un modo semplice per eseguire il codice JavaScript. È possibile usarlo per creare rapidamente app e server della riga di comando. Include anche npm, uno strumento di gestione pacchetti che semplifica il riutilizzo e la condivisione del codice JavaScript.\r\n[Installare Node.js](https://nodejs.org/en/download/)",
			"walkthroughs.nodejsWelcome.downloadNode.forMacOrWindows.title": "Installa Node.js",
			"walkthroughs.nodejsWelcome.learnMoreAboutJs.altText": "Altre informazioni su JavaScript e Node.js in Visual Studio Code.",
			"walkthroughs.nodejsWelcome.learnMoreAboutJs.description": "Vuoi avere più familiarità con JavaScript, Node.js e VS Code? Assicurati di consultare i nostri documenti!\r\nSono disponibili numerose risorse per l’apprendimento [JavaScript](https://code.visualstudio.com/docs/nodejs/working-with-javascript) e [Node.js](https://code.visualstudio.com/docs/nodejs/nodejs-tutorial).\r\n\r\n[Altre informazioni](https://code.visualstudio.com/docs/nodejs/nodejs-tutorial)",
			"walkthroughs.nodejsWelcome.learnMoreAboutJs.title": "Scopri di più",
			"walkthroughs.nodejsWelcome.makeJsFile.description": "Scriviamo il nostro primo file JavaScript. Sarà necessario creare un nuovo file e salvarlo con l'estensione ''.js'' alla fine del nome del file.\r\n[Crea un file JavaScript](command:javascript-walkthrough.commands.createJsFile)",
			"walkthroughs.nodejsWelcome.makeJsFile.title": "Crea un file JavaScript",
			"walkthroughs.nodejsWelcome.title": "Introduzione a JavaScript e Node.js",
			"workspaceTrust": "L'estensione richiede l'attendibilità dell'area di lavoro quando viene utilizzata la versione dell'area di lavoro perché esegue il codice specificato dall'area di lavoro."
		}
	}
}