{
	"": [
		"--------------------------------------------------------------------------------------------",
		"Copyright (c) Microsoft Corporation. All rights reserved.",
		"Licensed under the MIT License. See License.txt in the project root for license information.",
		"--------------------------------------------------------------------------------------------",
		"Do not edit this file. It is machine generated."
	],
	"version": "1.0.0",
	"contents": {
		"bundle": {
			"Checkout on vscode.dev": "Auf vscode.dev auschecken",
			"Commit Changes": "Commit-Änderungen",
			"Copy Anyway": "Trotzdem kopieren",
			"Copy vscode.dev Link": "Vscode.dev-Link kopieren",
			"Create Fork": "Verzweigung erstellen",
			"Create GitHub fork": "GitHub-Verzweigung erstellen",
			"Create PR": "PR erstellen",
			"Creating GitHub Pull Request...": "GitHub-Pull Request wird erstellt...",
			"Creating first commit": "Erster Commit wird erstellt.",
			"Forking \"{0}/{1}\"...": "Verzweigung für \"{0}/{1}\" wird erstellt...",
			"Learn More": "Weitere Informationen",
			"Log level: {0}": "Protokollebene: {0}",
			"No": "Nein",
			"No template": "Keine Vorlage",
			"Open PR": "PR öffnen",
			"Open on GitHub": "In GitHub öffnen",
			"Pick a folder to publish to GitHub": "Wählen Sie einen Ordner für die Veröffentlichung in GitHub aus.",
			"Publish Branch & Copy Link": "Verzweigung veröffentlichen und Link kopieren",
			"Publishing to a private GitHub repository": "Veröffentlichung in privatem GitHub-Repository",
			"Publishing to a public GitHub repository": "Veröffentlichung in öffentlichem GitHub-Repository",
			"Pull Changes & Copy Link": "Änderungen pullen und Link kopieren",
			"Push Commits & Copy Link": "Commits pushen und Link kopieren",
			"Pushing changes...": "Änderungen pushen...",
			"Select the Pull Request template": "Pull Requestvorlage auswählen",
			"Select which files should be included in the repository.": "Wählen Sie aus, welche Dateien in das Repository eingeschlossen werden sollen.",
			"Successfully published the \"{0}\" repository to GitHub.": "Das Repository \"{0}\" wurde erfolgreich in GitHub veröffentlicht.",
			"The PR \"{0}/{1}#{2}\" was successfully created on GitHub.": "Der Pull Request \"{0}/{1}#{2}\" wurde erfolgreich in GitHub erstellt.",
			"The current branch has unpublished commits. Would you like to push your commits before copying a link?": "Der aktuelle Branch weist nicht veröffentlichte Commits auf. Möchten Sie Ihre Commits pushen, bevor Sie einen Link kopieren?",
			"The current branch is not published to the remote. Would you like to publish your branch before copying a link?": "Der aktuelle Branch wird nicht auf dem Remoteserver veröffentlicht. Möchten Sie Ihren Branch veröffentlichen, bevor Sie einen Link kopieren?",
			"The current branch is not up to date. Would you like to pull before copying a link?": "Der aktuelle Branch ist nicht auf dem neuesten Stand. Möchten Sie einen Pullvorgang ausführen, bevor Sie einen Link kopieren?",
			"The current file has uncommitted changes. Please commit your changes before copying a link.": "Die aktuelle Datei enthält Änderungen, für die kein Commit erfolgt ist. Committen Sie Ihre Änderungen, bevor Sie einen Link kopieren.",
			"The fork \"{0}\" was successfully created on GitHub.": "Die Verzweigung \"{0}\" wurde erfolgreich in GitHub erstellt.",
			"Uploading files": "Dateien werden hochgeladen.",
			"You don't have permissions to push to \"{0}/{1}\" on GitHub. Would you like to create a fork and push to it instead?": "Sie sind nicht berechtigt, bei GitHub auf \"{0}/{1}\" zu pushen. Möchten Sie eine Kopie erstellen und stattdessen dorthin pushen?",
			"Your push to \"{0}/{1}\" was rejected by GitHub because push protection is enabled and one or more secrets were detected.": "Ihr Push an \"{0}/{1}\" wurde von GitHub abgelehnt, weil der Pushschutz aktiviert ist und mindestens ein Geheimnis erkannt wurde."
		},
		"package": {
			"config.branchProtection": "Steuert, ob Repositoryregeln für GitHub-Repositorys abgefragt werden",
			"config.gitAuthentication": "Steuert, ob die automatische GitHub-Authentifizierung für Git-Befehle innerhalb von VS Code aktiviert werden soll.",
			"config.gitProtocol": "Steuert, welches Protokoll zum Klonen eines GitHub-Repositorys verwendet wird",
			"description": "GitHub-Features für VS Code",
			"displayName": "GitHub",
			"welcome.publishFolder": "Sie können diesen Ordner direkt in einem GitHub-Repository veröffentlichen. Nach der Veröffentlichung haben Sie Zugriff auf die Funktionen zur Quellcodeverwaltung von Git und GitHub.\r\n[$(github): Veröffentlichung in GitHub](command:github.publish)",
			"welcome.publishWorkspaceFolder": "Sie können einen Arbeitsbereichsordner direkt in einem GitHub-Repository veröffentlichen. Nach der Veröffentlichung haben Sie Zugriff auf die Funktionen zur Quellcodeverwaltung von Git und GitHub.\r\n[$(github): Veröffentlichung in GitHub](command:github.publish)"
		}
	}
}