{
	"": [
		"--------------------------------------------------------------------------------------------",
		"Copyright (c) Microsoft Corporation. All rights reserved.",
		"Licensed under the MIT License. See License.txt in the project root for license information.",
		"--------------------------------------------------------------------------------------------",
		"Do not edit this file. It is machine generated."
	],
	"version": "1.0.0",
	"contents": {
		"bundle": {
			"\"{0}\" has fingerprint \"{1}\"": "\"{0}\" tem impressão digital \"{1}\"",
			"$(info) Remote \"{0}\" has no tags.": "$(info) O remoto \"{0}\" não possui marcas.",
			"$(info) This repository has no stashes.": "$(info) Este repositório não tem stashes.",
			"$(info) This repository has no tags.": "$(info) Este repositório não tem marcas.",
			"A branch named \"{0}\" already exists": "Já existe um branch com o nome ''{0}''",
			"A git repository was found in the parent folders of the workspace or the open file(s). Would you like to open the repository?": "Um repositório Git foi encontrado nas pastas pai do workspace ou nos arquivos abertos. Deseja abrir o repositório?",
			"Absolute paths not supported in \"git.scanRepositories\" setting.": "Não há suporte para caminhos absolutos na configuração ''git. scanRepositories''.",
			"Add Remote": "Adicionar Remoto",
			"Add a new remote...": "Adicionar um novo remoto...",
			"Add remote from URL": "Adicionar remoto da URL",
			"Add remote from {0}": "Adicionar remoto de {0}",
			"Add to Workspace": "Adicionar ao Workspace",
			"All Changes ({0} ↔ {1})": "Todas as Alterações ({0} ↔ {1})",
			"All Repositories": "Todos os Repositórios",
			"Always": "Sempre",
			"Always Pull": "Sempre Efetuar Pull",
			"Always Replace Local Tag(s)": "Sempre substituir marcas locais",
			"Are you sure you want to DELETE {0} files?\nThis is IRREVERSIBLE!\nThese files will be FOREVER LOST if you proceed.": "Tem certeza de que deseja EXCLUIR {0} arquivos?\nIsso é IRREVERSÍVEL!\nEste arquivo será PERDIDO PARA SEMPRE.",
			"Are you sure you want to DELETE {0}?\nThis is IRREVERSIBLE!\nThis file will be FOREVER LOST if you proceed.": "Tem certeza de que deseja EXCLUIR {0}?\nIsso é IRREVERSÍVEL!\nEste arquivo será PERDIDO PARA SEMPRE.",
			"Are you sure you want to continue connecting?": "Tem certeza de que deseja continuar a se conectar?",
			"Are you sure you want to create an empty commit?": "Tem certeza de que deseja criar uma confirmação vazia?",
			"Are you sure you want to discard ALL changes in {0} files?\nThis is IRREVERSIBLE!\nYour current working set will be FOREVER LOST if you proceed.": "Tem certeza de que deseja descartar TODAS as alterações nos {0} arquivos?\nIsso é IRREVERSÍVEL!\nSeu conjunto de trabalho atual será PERDIDO PARA SEMPRE.",
			"Are you sure you want to discard changes in {0} files?": "Tem certeza de que deseja descartar as alterações nos {0} arquivos?",
			"Are you sure you want to discard changes in {0}?": "Tem certeza de que deseja descartar as alterações em {0}?",
			"Are you sure you want to drop ALL stashes? There are {0} stashes that will be subject to pruning, and MAY BE IMPOSSIBLE TO RECOVER.": "Tem certeza de que deseja remover TODOS os stashes? Existem {0} stashes que estarão sujeitos a remoção e PODEM SER IMPOSSÍVEIS DE RECUPERAR.",
			"Are you sure you want to drop ALL stashes? There is 1 stash that will be subject to pruning, and MAY BE IMPOSSIBLE TO RECOVER.": "Tem certeza de que deseja remover TODOS os stashes? Há 1 estoque que estará sujeito a remoção e PODE SER IMPOSSÍVEL DE RECUPERAR.",
			"Are you sure you want to drop the stash: {0}?": "Tem certeza de que deseja remover o stash: {0}?",
			"Are you sure you want to restore {0} files?": "Tem certeza de que deseja restaurar {0} arquivos?",
			"Are you sure you want to restore {0}?": "Tem certeza de que deseja restaurar {0}?",
			"Are you sure you want to stage {0} files with merge conflicts?": "Tem certeza de que deseja preparar {0} arquivos com conflitos de mesclagem?",
			"Are you sure you want to stage {0} with merge conflicts?": "Tem certeza de que deseja preparar {0} com conflitos de mesclagem?",
			"Ask Me Later": "Pergunte-me Mais Tarde",
			"Branch name": "Nome do branch",
			"Branch name needs to match regex: {0}": "O nome da ramificação precisa corresponder ao regex: {0}",
			"Can't force push refs to remote. The tip of the remote-tracking branch has been updated since the last checkout. Try running \"Pull\" first to pull the latest changes from the remote branch first.": "Não é possível forçar refs por push para remoto. A dica do branch de acompanhamento remoto foi atualizada desde o último check-out. Tente executar \"Pull\" primeiro para efetuar pull das alterações mais recentes do branch remoto primeiro.",
			"Can't push refs to remote. Try running \"Pull\" first to integrate your changes.": "Não é possível efetuar push de refs para o remoto. Tente executar ''Pull'' primeiro para integrar as alterações.",
			"Can't undo because HEAD doesn't point to any commit.": "Não é possível desfazer porque HEAD não aponta para nenhuma confirmação.",
			"Changes": "Alterações",
			"Checking Out Branch/Tag...": "Fazendo check-out de branch/marca...",
			"Checking Out Changes...": "Fazendo Check-out de Alterações...",
			"Checkout Branch/Tag...": "Branch/Marca de Check-out...",
			"Choose Folder...": "Escolher Pasta...",
			"Choose a folder to clone {0} into": "Escolha uma pasta para clonar {0} em",
			"Choose a repository": "Escolher um repositório",
			"Choose which repository to clone": "Escolha qual repositório clonar",
			"Clear whitespace characters": "Limpar caracteres de espaço em branco",
			"Clone from URL": "Clonar da URL",
			"Clone from {0}": "Clonar de {0}",
			"Cloning git repository \"{0}\"...": "Clonando o repositório git ''{0}''...",
			"Commit": "Commit",
			"Commit & Push Changes": "Confirmar e Enviar Alterações por Push",
			"Commit & Sync Changes": "Confirmar e Sincronizar Alterações",
			"Commit Anyway": "Confirmar mesmo assim",
			"Commit Changes": "Confirmar Alterações",
			"Commit Changes on \"{0}\"": "Confirmar Alterações em \"{0}\"...",
			"Commit Changes to New Branch": "Confirmar Alterações na Nova Ramificação",
			"Commit Hash": "Fazer Commit do Hash",
			"Commit message": "Confirmar mensagem",
			"Commit operation was cancelled due to empty commit message.": "A operação de confirmação foi cancelada devido à mensagem de confirmação vazia.",
			"Commit to New Branch & Push Changes": "Confirmar Nova Ramificação e Alterações por Push",
			"Commit to New Branch & Synchronize Changes": "Confirmar no Novo Branch e Sincronizar Alterações",
			"Commit to a New Branch": "Fazer commit em um novo branch",
			"Commits without verification are not allowed, please enable them with the \"git.allowNoVerifyCommit\" setting.": "Commits sem verificação não são permitidos, habilite-os com a configuração 'git.allowNoVerifyCommit'.",
			"Committing & Pushing Changes...": "Confirmando e enviando alterações por push...",
			"Committing & Synchronizing Changes...": "Confirmando e Sincronizando Alterações...",
			"Committing Changes to New Branch...": "Confirmando Alterações no Novo Branch...",
			"Committing Changes...": "Confirmando Alterações...",
			"Committing to New Branch & Pushing Changes...": "Confirmando Novas Ramificações e Enviando Alterações por Push...",
			"Committing to New Branch & Synchronizing Changes...": "Comprometendo-se com o Novo Branch e Sincronizando as Alterações...",
			"Conflict: Added By Them": "Conflito: Adicionado por Eles",
			"Conflict: Added By Us": "Conflito: Adicionados por Nós",
			"Conflict: Both Added": "Conflito: Adicionados por Ambos",
			"Conflict: Both Deleted": "Conflito: Excluído por Ambos",
			"Conflict: Both Modified": "Conflito: Modificado por Ambos",
			"Conflict: Deleted By Them": "Conflito: Excluído por Eles",
			"Conflict: Deleted By Us": "Conflito: Excluído por Nós",
			"Continue Rebase": "Continuar Troca de base",
			"Continuing Rebase...": "Continuando troca de base...",
			"Copy Commit Hash": "Copiar Hash do Commit",
			"Could not clone your repository as Git is not installed.": "Não foi possível clonar seu repositório porque o Git não está instalado.",
			"Create Empty Commit": "Criar um Commit Vazio",
			"Current": "Atual",
			"Current commit message only contains whitespace characters": "A mensagem de confirmação atual contém somente caracteres de espaço em branco",
			"Delete Branch": "Excluir Ramificação",
			"Delete File": "Excluir Arquivo",
			"Delete Files": "Excluir Arquivos",
			"Delete file": "Excluir arquivo",
			"Deleted": "Excluído",
			"Discard 1 File": "Descartar 1 Arquivo",
			"Discard 1 Tracked File": "Descartar 1 Arquivo Controlado",
			"Discard All {0} Files": "Descartar Todos os {0} Arquivos",
			"Discard Changes": "Descartar as Alterações",
			"Discard {0} Tracked Files": "Descartar {0} Arquivos Controlados",
			"Don't Pull": "Não Efetuar Pull",
			"Don't Show Again": "Não Mostrar Novamente",
			"Download Git": "Baixar Git",
			"Email": "E-mail",
			"Enables the following features: {0}": "Habilita os seguintes recursos: {0}",
			"Failed to authenticate to git remote.": "Falha ao autenticar no remoto do git.",
			"Failed to authenticate to git remote:\n\n{0}": "Falha ao autenticar no remoto do git:\n\n{0}",
			"File \"{0}\" was deleted by them and modified by us.\n\nWhat would you like to do?": "O arquivo ''{0}'' foi excluído por eles e modificado por nós.\n\nO que você deseja fazer?",
			"File \"{0}\" was deleted by us and modified by them.\n\nWhat would you like to do?": "O arquivo ''{0}'' foi excluído por nós e modificado por eles.\n\nO que você deseja fazer?",
			"Force Checkout": "Forçar o Check-out",
			"Force push is not allowed, please enable it with the \"git.allowForcePush\" setting.": "Não é permitido forçar push. Habilite-o com a configuração ''git.allowForcePush''.",
			"Git Blame Information": "Informações do Git Blame",
			"Git History": "Histórico de Git",
			"Git error": "Erro de git",
			"Git local changes (working tree + index)": "Alterações locais do Git (árvore de trabalho + índice)",
			"Git local changes (working tree)": "Alterações locais do Git (árvore de trabalho)",
			"Git not found. Install it or configure it using the \"git.path\" setting.": "Git não encontrado. Instale ou configure-o usando a configuração ''git.path''.",
			"Git repositories were found in the parent folders of the workspace or the open file(s). Would you like to open the repositories?": "Repositórios Git foram encontrados nas pastas pai do workspace ou nos arquivos abertos. Deseja abrir os repositórios?",
			"Git: {0}": "Git: {0}",
			"HEAD version of \"{0}\" is not available.": "A versão CABEÇALHO de ''{0}'' não está disponível.",
			"Hard wrap all lines": "Encapsular todas as linhas",
			"Hard wrap line": "Linha de encapsulamento rígido",
			"Ignored": "Ignorado",
			"Incoming": "Entrada",
			"Incoming Changes": "Alterações de Entrada",
			"Incoming Changes (added)": "Alterações de entrada (adicionadas)",
			"Incoming Changes (deleted)": "Alterações de entrada (excluídas)",
			"Incoming Changes (modified)": "Alterações de entrada (modificadas)",
			"Incoming Changes (renamed)": "Alterações de entrada (renomeadas)",
			"Index Added": "Índice Adicionado",
			"Index Copied": "Índice Copiado",
			"Index Deleted": "Índice Excluído",
			"Index Modified": "Índice Modificado",
			"Index Renamed": "Índice Renomeado",
			"Initialize Repository": "Inicializar o Repositório",
			"Intent to Add": "Intenção de Adicionar",
			"Intent to Rename": "Intenção de Renomear",
			"Invalid branch name": "Nome de ramificação inválido",
			"It looks like the current branch \"{0}\" might have been rebased. Are you sure you still want to pull into it?": "Parece que a base do branch atual ''{0}'' pode ter sido trocada. Tem certeza de que ainda deseja efetuar pull nele?",
			"It looks like the current branch might have been rebased. Are you sure you still want to pull into it?": "Parece que a base do branch atual pode ter sido trocada. Tem certeza de que ainda deseja efetuar pull nele?",
			"It's not possible to change the commit message in the middle of a rebase. Please complete the rebase operation and use interactive rebase instead.": "Não é possível alterar a mensagem de confirmação no meio de uma troca de base. Conclua a operação de troca de base e use a troca de base interativa.",
			"Keep Our Version": "Manter Nossa Versão",
			"Keep Their Version": "Manter Versão Deles",
			"Learn More": "Saiba Mais",
			"Make sure you configure your \"user.name\" and \"user.email\" in git.": "Verifique se você configurou ''user.name'' e ''user.email'' no git.",
			"Manage Unsafe Repositories": "Gerenciar repositórios não seguros",
			"Merge Changes": "Mesclar Alterações",
			"Message": "Mensagem",
			"Message (commit on \"{0}\")": "Mensagem (fazer commit em ''{0}'')",
			"Message ({0} to commit on \"{1}\")": "Mensagem ({0} para fazer commit em ''{1}'')",
			"Message ({0} to commit)": "Mensagem ({0} para confirmação)",
			"Migrate Changes": "Migrar Alterações",
			"Modified": "Modificado",
			"Never": "Nunca",
			"No": "Não",
			"No rebase in progress.": "Não há troca de base em andamento.",
			"Not Committed Yet": "Ainda Não Confirmado",
			"Not Committed Yet (Staged)": "Ainda Não Confirmado (Preparado)",
			"OK": "OK",
			"OK, Don't Ask Again": "OK, Não Perguntar Novamente",
			"OK, Don't Show Again": "OK, Não Mostrar Novamente",
			"Open": "Abrir",
			"Open Commit": "Abrir Commit",
			"Open Comparison": "Abrir Comparação",
			"Open File": "Abrir Arquivo",
			"Open Git Log": "Abrir Log do Git",
			"Open Merge": "Abrir Mesclagem",
			"Open Repositories In Parent Folders": "Abrir Repositórios em Pastas Pai",
			"Open Repository": "Abrir o Repositório",
			"Open in New Window": "Abrir em Nova Janela",
			"Optionally provide a stash message": "Opcionalmente, forneça uma mensagem stash",
			"Passphrase": "Senha",
			"Pick a branch to pull from": "Selecionar uma ramificação da qual efetuar pull",
			"Pick a provider to publish the branch \"{0}\" to:": "Selecionar um provedor ao qual publicar o branch ''{0}'' para:",
			"Pick a remote to publish the branch \"{0}\" to:": "Selecionar um remoto ao qual publicar o branch ''{0}'' para:",
			"Pick a remote to pull the branch from": "Selecionar um remoto do qual efetuar pull da ramificação",
			"Pick a remote to remove": "Selecionar um remoto para remover",
			"Pick a repository to mark as safe and open": "Escolha um repositório para marcar como seguro e aberto",
			"Pick a repository to open": "Selecione um repositório para abrir",
			"Pick a repository to reopen": "Escolha um repositório para reabrir",
			"Pick a stash to apply": "Selecionar um stash para aplicar",
			"Pick a stash to drop": "Selecionar um stash para soltar",
			"Pick a stash to pop": "Selecionar um stash para aplicar e remover",
			"Pick a stash to view": "Selecionar um stash para exibir",
			"Pick workspace folder to initialize git repo in": "Selecionar pasta do workspace na qual inicializar o repositório git",
			"Please check out a branch to push to a remote.": "Confira uma ramificação para enviar por push a um remoto.",
			"Please clean your repository working tree before checkout.": "Limpe sua árvore de trabalho do repositório antes do check-out.",
			"Please provide a commit message": "Forneça uma mensagem de confirmação",
			"Please provide a message to annotate the tag": "Forneça uma mensagem para anotar a marca",
			"Please provide a new branch name": "Forneça um novo nome de ramificação",
			"Please provide a remote name": "Forneça um nome de remoto",
			"Please provide a tag name": "Forneça um nome de marca",
			"Please provide the commit hash": "Forneça o hash de commit",
			"Publish Branch": "Publicar Ramificação",
			"Publish Branch \"{0}\"/{Locked=\"Branch\"}Do not translate \"Branch\" as it is a git term": "Publicar Branch \"{0}\"",
			"Publish Branch/{Locked=\"Branch\"}Do not translate \"Branch\" as it is a git term": "Publicar Branch",
			"Publish to {0}": "Publicar em {0}",
			"Publish to...": "Publicar em...",
			"Publishing Branch \"{0}\".../{Locked=\"Branch\"}Do not translate \"Branch\" as it is a git term": "Publicação de Branch \"{0}\"...",
			"Publishing Branch.../{Locked=\"Branch\"}Do not translate \"Branch\" as it is a git term": "Ramificação de Branch...",
			"Pull": "Efetuar Pull",
			"Pull {0} and push {1} commits between {2}/{3}": "Efetuar pull de {0} e efetuar push de {1} commits entre {2}/{3}",
			"Pull {0} commits from {1}/{2}": "Efetuar pull de {0} commits de {1}/{2}",
			"Push {0} commits to {1}/{2}": "Efetuar push de {0} commits para {1}/{2}",
			"Rebasing": "Trocando base",
			"Regenerate Branch Name": "Regenerar o nome do branch",
			"Remote \"{0}\" already exists.": "O remoto ''{0}'' já existe.",
			"Remote branch at {0}": "Ramificação remota em {0}",
			"Remote name": "Nome do remoto",
			"Remote name format invalid": "Formato de nome do remoto inválido",
			"Remote tag at {0}": "Marca remota em {0}",
			"Reopen Closed Repositories": "Reabrir Repositórios Fechados",
			"Replace Local Tag(s)": "Substituir Marca(s) Local",
			"Restore file": "Restaurar arquivo",
			"Restore files": "Restaurar arquivos",
			"Save All & Commit Changes": "Salvar Tudo e Confirmar Alterações",
			"Save All & Stash": "Salvar Tudo e Fazer Stash",
			"Select a branch or tag to checkout": "Selecione uma branch ou uma tag para trocar",
			"Select a branch or tag to merge from": "Selecione um branch ou marca de onde mesclar",
			"Select a branch to checkout in detached mode": "Selecionar uma filial para fazer check-out no modo separado",
			"Select a branch to delete": "Selecionar uma ramificação para excluir",
			"Select a branch to rebase onto": "Selecionar uma ramificação para a qual trocar base",
			"Select a ref to create the branch from": "Selecionar uma referência da qual criar o branch de",
			"Select a remote tag to delete": "Selecione uma marca remota a ser excluída",
			"Select a remote to delete a tag from": "Selecione um remoto do qual excluir uma marca",
			"Select a remote to fetch": "Selecione um remoto para buscar",
			"Select a tag to delete": "Selecionar uma marca para excluir",
			"Select as Repository Destination": "Selecionar como Destino do Repositório",
			"Show Changes": "Mostrar Alterações",
			"Show Command Output": "Mostrar a Saída do Comando",
			"Staged Changes": "Alterações Preparadas",
			"Stash & Checkout": "Fazer Stash e Check-out",
			"Stash Anyway": "Fazer Stash Mesmo Assim",
			"Stash message": "Mensagem stash",
			"Stashed Changes": "Mudanças em Stash",
			"Successfully pushed.": "Enviado por push com êxito.",
			"Synchronize Changes": "Sincronizar as Alterações",
			"Synchronizing Changes...": "Sincronizando Alterações...",
			"Syncing. Cancelling may cause serious damages to the repository": "Sincronizando. O cancelamento pode causar sérios danos ao repositório",
			"Tag at {0}": "Marca na {0}",
			"Tag name": "Nome da marca",
			"The \"{0}\" repository has {1} submodules which won't be opened automatically. You can still open each one individually by opening a file within.": "O repositório ''{0}'' tem {1} submódulos que não serão abertos automaticamente. Você ainda pode abrir cada um individualmente abrindo um arquivo dentro dele.",
			"The branch \"{0}\" has no remote branch. Would you like to publish this branch?": "O branch ''{0}'' não tem branch remoto. Você gostaria de publicar este branch?",
			"The branch \"{0}\" is not fully merged. Delete anyway?": "O branch ''{0}'' não foi totalmente mesclado. Excluir assim mesmo?",
			"The changes are already present in the current branch.": "As alterações já estão presentes no branch atual.",
			"The current branch is not published to the remote. Would you like to publish it to access your changes elsewhere?": "O branch atual não está publicado no remoto. Deseja publicá-lo para acessar suas alterações em outro lugar?",
			"The following file has unsaved changes which won't be included in the commit if you proceed: {0}.\n\nWould you like to save it before committing?": "O arquivo a seguir tem alterações não salvas que não serão incluídas na confirmação se você prosseguir: {0}.\n\nGostaria de salvá-lo antes de cometer?",
			"The following file has unsaved changes which won't be included in the stash if you proceed: {0}.\n\nWould you like to save it before stashing?": "O seguinte arquivo tem alterações não salvas que não serão incluídas no stash se você continuar: {0}.\n\nDeseja salvá-lo antes de fazer stash?",
			"The following untracked file will be DELETED FROM DISK if discarded: {0}.": "O seguinte arquivo não controlado será EXCLUÍDO DO DISCO se descartado: {0}.",
			"The git repositories in the current folder are potentially unsafe as the folders are owned by someone other than the current user.": "Os repositórios git na pasta atual são potencialmente não seguros, pois as pastas pertencem a alguém diferente do usuário atual.",
			"The git repository at \"{0}\" has too many active changes, only a subset of Git features will be enabled.": "O repositório do git em ''{0}'' tem muitas alterações ativas, apenas um subconjunto de recursos do Git será habilitado.",
			"The git repository in the current folder is potentially unsafe as the folder is owned by someone other than the current user.": "O repositório git na pasta atual é potencialmente não seguro, pois a pasta pertence a alguém diferente do usuário atual.",
			"The last commit was a merge commit. Are you sure you want to undo it?": "A última confirmação foi uma confirmação de mesclagem. Tem certeza de que deseja desfazê-la?",
			"The new branch will be \"{0}\"": "O novo branch será ''{0}''",
			"The repository does not have any changes.": "O repositório não tem alterações.",
			"The repository does not have any commits. Please make an initial commit before creating a stash.": "O repositório não tem nenhum commit. Faça um commit inicial antes de criar um stash.",
			"The repository does not have any staged changes.": "O repositório não tem alterações preparadas.",
			"The repository does not have any untracked changes.": "O repositório não tem nenhuma alteração não rastreada.",
			"The selection range does not contain any changes.": "O intervalo de seleção não possui nenhuma alteração.",
			"There are known issues with the installed Git \"{0}\". Please update to Git >= 2.27 for the git features to work correctly.": "Há problemas conhecidos com o Git ''{0}'' instalado. Atualize para o Git versão 2.27 ou posterior para que os recursos funcionem corretamente.",
			"There are merge conflicts. Resolve them before committing.": "Há conflitos de mesclagem. Resolva-os antes de confirmar.",
			"There are no available repositories": "Não há repositórios disponíveis",
			"There are no changes to commit.": "Não há alterações para confirmar.",
			"There are no changes to stash.": "Não há alterações para stash.",
			"There are no staged changes to commit.\n\nWould you like to stage all your changes and commit them directly?": "Não há nenhuma alteração preparada a ser confirmada.\n\nDeseja preparar automaticamente todas as alterações e confirmá-las diretamente?",
			"There are no staged changes to stash.": "Não há alterações preparadas para stash.",
			"There are no stashes in the repository.": "Não há fases no repositório.",
			"There are {0} unsaved files.\n\nWould you like to save them before committing?": "Existem {0} arquivos não salvos.\n\nGostaria de salvá-los antes de executar a confirmação?",
			"There are {0} unsaved files.\n\nWould you like to save them before stashing?": "Há {0} arquivos não salvos.\n\nDeseja salvá-los antes de fazer stash?",
			"There are {0} untracked files which will be DELETED FROM DISK if discarded.": "Há {0} arquivos não controlados que serão EXCLUÍDOS DO disco, se descartados.",
			"There were merge conflicts while applying the stash.": "Ocorreram conflitos de mesclagem ao aplicar o stash.",
			"There were merge conflicts while cherry picking the changes. Resolve the conflicts before committing them.": "Houve conflitos de mesclagem durante a seleção das alterações. Resolva os conflitos antes de confirmá-los.",
			"This action will pull and push commits from and to \"{0}/{1}\".": "Esta ação efetuará pull e push das confirmações de e para ''{0}/{1}''.",
			"This repository has no remotes configured to fetch from.": "Este repositório não tem remotos configurados para buscar.",
			"This will DELETE {0} untracked files!\nThis is IRREVERSIBLE!\nThese files will be FOREVER LOST.": "Isso excluirá {0} arquivos não rastreados!\nIsto é irreversível!\nEsses arquivos serão perdidos para sempre.",
			"This will create a Git repository in \"{0}\". Are you sure you want to continue?": "Isso criará um repositório Git em ''{0}''. Tem certeza de que deseja continuar?",
			"Too many changes were detected. Only the first {0} changes will be shown below.": "Muitas mudanças foram detectadas. Somente as primeiras {0} alterações serão mostradas abaixo.",
			"Type Changed": "Tipo alterado",
			"Unable to pull from remote repository due to conflicting tag(s): {0}. Would you like to resolve the conflict by replacing the local tag(s)?": "Não foi possível extrair do repositório remoto devido a marcas conflitantes: {0}. Gostaria de resolver o conflito substituindo a marca(s) local?",
			"Uncommitted Changes": "Alterações Não Confirmadas",
			"Undo merge commit": "Desfazer confirmação de mesclagem",
			"Untracked": "Não controlado",
			"Untracked Changes": "Alterações Não Controladas",
			"Update Git": "Atualizar Git",
			"View Commit": "Exibir Confirmação",
			"Would you like to add \"{0}\" to .gitignore?": "Deseja adicionar ''{0}'' ao .gitignore?",
			"Would you like to open the cloned repository, or add it to the current workspace?": "Deseja abrir o repositório clonado ou adicioná-lo ao workspace atual?",
			"Would you like to open the cloned repository?": "Deseja abrir o repositório clonado?",
			"Would you like to open the initialized repository, or add it to the current workspace?": "Deseja abrir o repositório inicializado ou adicioná-lo ao workspace atual?",
			"Would you like to open the initialized repository?": "Deseja abrir o repositório inicializado?",
			"Would you like {0} to [periodically run \"git fetch\"]({1})?": "Deseja que {0} [execute periodicamente o \"git fetch\"]({1})?",
			"Yes": "Sim",
			"Yes, Don't Show Again": "Sim, Não Mostrar Novamente",
			"You": "Você",
			"You are about to commit your changes without verification, this skips pre-commit hooks and can be undesirable.\n\nAre you sure to continue?": "Você está prestes a confirmar as alterações sem verificação, isso ignora hooks pre-commit e pode ser indesejável.\n\nTem certeza de que deseja continuar?",
			"You are about to force push your changes, this can be destructive and could inadvertently overwrite changes made by others.\n\nAre you sure to continue?": "Você está prestes a forçar o envio por push das suas alterações. Isso pode ser destrutivo e pode substituir acidentalmente as alterações feitas por outras pessoas.\n\nTem certeza de que deseja continuar?",
			"You are trying to commit to a protected branch and you might not have permission to push your commits to the remote.\n\nHow would you like to proceed?": "Você está tentando fazer commit em um branch protegido e talvez não tenha permissão para efetuar push em seus commits por push para remoto.\n\nComo você deseja continuar?",
			"You seem to have git \"{0}\" installed. Code works best with git >= 2": "Parece que você tem o git ''{0}'' instalado. O código funciona melhor com a versão 2 ou posterior do git",
			"Your local changes would be overwritten by checkout.": "Suas alterações locais seriam substituídas pelo check-out.",
			"Your repository has no remotes configured to publish to.": "O repositório não tem remotos configurados para publicar.",
			"Your repository has no remotes configured to pull from.": "O repositório não tem remotos configurados para extrair.",
			"Your repository has no remotes configured to push to.": "O repositório não tem remotos configurados para enviar por push.",
			"Your repository has no remotes.": "O repositório não tem remotos.",
			"[main] Log level: {0}": "[principal] Nível de log: {0}",
			"[main] Skipped found git in: \"{0}\"": "[principal] Git encontrado ignorado em: \"{0}\"",
			"[main] Using git \"{0}\" from \"{1}\"": "[principal] Usando git \"{0}\" de \"{1}\"",
			"[main] Validating found git in: \"{0}\"": "[principal] Validando o git encontrado em: \"{0}\"",
			"branches": "branches",
			"in {0}": "em {0}",
			"no": "não",
			"now": "agora",
			"remote branches": "branches remotos",
			"tags": "marcas",
			"yes": "sim",
			"{0}\n\nThis is IRREVERSIBLE, your current working set will be FOREVER LOST.": "{0}\n\n é IRREVERSÍVEL, o conjunto de trabalho atual será PERDIDO PARA SEMPRE.",
			"{0} (Deleted)": "{0} (Excluído)",
			"{0} (Index)": "{0} (Índice)",
			"{0} (Intent to add)": "{0} (Intenção de adicionar)",
			"{0} (Ours)": "{0} (Nosso)",
			"{0} (Theirs)": "{0} (Deles)",
			"{0} (Type changed)": "{0} (Tipo alterado)",
			"{0} (Untracked)": "{0} (Não rastreado)",
			"{0} (Working Tree)": "{0} (Árvore de Trabalho)",
			"{0} ({1})": "{0} ({1})",
			"{0} ({1}) ↔ {0} ({2})": "{0} ({1}) ↔ {0} ({2})",
			"{0} Checkout detached...": "{0} Check-out desanexado...",
			"{0} Commit": "{0} Confirmação",
			"{0} Commit & Push": "{0} Confirmar e Efetuar push",
			"{0} Commit & Sync": "{0} Confirmar e Sincronizar",
			"{0} Commit (Amend)": "Confirmar {0} (Corrigir)",
			"{0} Continue": "{0} Continuar",
			"{0} Create new branch from...": "{0} Criar nova ramificação de...",
			"{0} Create new branch...": "{0} Criar nova branch...",
			"{0} Fetch all remotes": "{0} buscar todos os remotos",
			"{0} Publish Branch/{Locked=\"Branch\"}Do not translate \"Branch\" as it is a git term": "{0} Publicar Branch",
			"{0} Sync Changes{1}{2}": "{0} Sincronizar Alterações{1}{2}",
			"{0} characters over {1} in current line": "{0} caracteres acima de {1} na linha atual",
			"{0} day": "{0} dia",
			"{0} day ago": "há {0} dia",
			"{0} days": "{0} dias",
			"{0} days ago": "há {0} dias",
			"{0} hour": "{0} hora",
			"{0} hour ago": "há {0} hora",
			"{0} hours": "{0} horas",
			"{0} hours ago": "há {0} horas",
			"{0} hr": "{0} h",
			"{0} hr ago": "há {0} h",
			"{0} hrs": "{0} horas",
			"{0} hrs ago": "há {0} hrs",
			"{0} min": "{0} minutos",
			"{0} min ago": "há {0} min",
			"{0} mins": "{0} minutos",
			"{0} mins ago": "há {0} mins",
			"{0} minute": "{0} minuto",
			"{0} minute ago": "há {0} minuto",
			"{0} minutes": "{0} minutos",
			"{0} minutes ago": "há {0} minutos",
			"{0} mo": "{0} mês",
			"{0} mo ago": "há {0} mês",
			"{0} month": "{0} mês",
			"{0} month ago": "há {0} mês",
			"{0} months": "{0} meses",
			"{0} months ago": "há {0} meses",
			"{0} mos": "{0} meses",
			"{0} mos ago": "há {0} meses",
			"{0} sec": "{0} segundos",
			"{0} sec ago": "há {0} seg",
			"{0} second": "{0} segundo",
			"{0} second ago": "há {0} segundo",
			"{0} seconds": "{0} segundos",
			"{0} seconds ago": "há {0} segundos",
			"{0} secs": "{0} segs",
			"{0} secs ago": "há {0} segs",
			"{0} week": "{0} semana",
			"{0} week ago": "{0} semana atrás",
			"{0} weeks": "{0} semanas",
			"{0} weeks ago": "{0} semanas atrás",
			"{0} wk": "{0} sem.",
			"{0} wk ago": "Há {0} sem.",
			"{0} wks": "{0} sem.",
			"{0} wks ago": "há {0} semanas",
			"{0} year": "{0} ano",
			"{0} year ago": "há {0} ano",
			"{0} years": "{0} anos",
			"{0} years ago": "há {0} anos",
			"{0} yr": "{0} a",
			"{0} yr ago": "há {0} ano",
			"{0} yrs": "{0} anos",
			"{0} yrs ago": "{0} anos",
			"{0} ↔ {1}": "{0} ↔ {1}"
		},
		"package": {
			"colors.added": "Cor dos recursos adicionados.",
			"colors.blameEditorDecoration": "Cor da decoração do editor de reação.",
			"colors.conflict": "Cor dos recursos com conflitos.",
			"colors.deleted": "Cor dos recursos excluídos.",
			"colors.ignored": "Cor dos recursos ignorados.",
			"colors.incomingAdded": "Cor do recurso de entrada adicionado.",
			"colors.incomingDeleted": "Cor do recurso de entrada excluído.",
			"colors.incomingModified": "Cor do recurso de entrada modificado.",
			"colors.incomingRenamed": "Cor do recurso de entrada renomeado.",
			"colors.modified": "Cor dos recursos modificados.",
			"colors.renamed": "Cor dos recursos renomeados ou copiados.",
			"colors.stageDeleted": "Cor dos recursos excluídos que foram preparados.",
			"colors.stageModified": "Cor dos recursos modificados que foram preparados.",
			"colors.submodule": "Cor dos recursos do submódulo.",
			"colors.untracked": "Cor dos recursos não controlados.",
			"command.addRemote": "Adicionar Remoto...",
			"command.api.getRemoteSources": "Obter Fontes Remotas",
			"command.api.getRepositories": "Obter Repositórios",
			"command.api.getRepositoryState": "Obter Estado do Repositório",
			"command.branch": "Criar Ramificação...",
			"command.branchFrom": "Criar Ramificação de...",
			"command.checkout": "Check-out para...",
			"command.checkoutDetached": "Check-out para (Desanexado)...",
			"command.checkoutRef": "Finalizar compra",
			"command.checkoutRefDetached": "Check-out (Desanexado)",
			"command.cherryPick": "Cherry-pick...",
			"command.cherryPickAbort": "Anular Cherry Pick",
			"command.cherryPickRef": "Escolher",
			"command.clean": "Descartar as Alterações",
			"command.cleanAll": "Descartar Todas as Alterações",
			"command.cleanAllTracked": "Descartar Todas as Alterações Controladas",
			"command.cleanAllUntracked": "Descartar Todas as Alterações Não Controladas",
			"command.clone": "Clonar",
			"command.cloneRecursive": "Clonar (Recursivo)",
			"command.close": "Fechar Repositório",
			"command.closeAllDiffEditors": "Fechar Todos os Editores de Comparação",
			"command.closeAllUnmodifiedEditors": "Fechar todos os editores não modificados",
			"command.closeOtherRepositories": "Fechar Outros Repositórios",
			"command.commit": "Commit",
			"command.commitAll": "Confirmar Tudo",
			"command.commitAllAmend": "Confirmar Tudo (Corrigir)",
			"command.commitAllAmendNoVerify": "Confirmar Tudo (Corrigir, Não Verificar)",
			"command.commitAllNoVerify": "Confirmar Todos (Sem Verificação)",
			"command.commitAllSigned": "Confirmar Tudo (Assinar)",
			"command.commitAllSignedNoVerify": "Confirmar Todos (Assinados, Não Verificar)",
			"command.commitAmend": "Confirmar (Corrigir)",
			"command.commitAmendNoVerify": "Confirmar (Corrigir, Sem Verificação)",
			"command.commitEmpty": "Confirmar Vazio",
			"command.commitEmptyNoVerify": "Confirmar Vazio (Sem Verificação)",
			"command.commitMessageAccept": "Aceitar Mensagem de Confirmação",
			"command.commitMessageDiscard": "Descartar Mensagem de Confirmação",
			"command.commitNoVerify": "Confirmar (Sem Verificação)",
			"command.commitSigned": "Confirmar (Desconectado)",
			"command.commitSignedNoVerify": "Confirmar (Desconectado, Sem Verificação)",
			"command.commitStaged": "Confirmar Preparadas",
			"command.commitStagedAmend": "Confirmar Preparadas (Corrigir)",
			"command.commitStagedAmendNoVerify": "Confirmar Preparadas (Corrigir, Não Verificar)",
			"command.commitStagedNoVerify": "Confirmar Preparadas (Sem Verificação)",
			"command.commitStagedSigned": "Confirmar Preparadas (Assinar)",
			"command.commitStagedSignedNoVerify": "Confirmar Preparadas (Assinar, Sem Verificação)",
			"command.continueInLocalClone": "Clonar Repositório Localmente e Abrir na Área de Trabalho...",
			"command.continueInLocalClone.qualifiedName": "Continuar Trabalhando no Novo Clone Local",
			"command.createTag": "Criar Marca...",
			"command.deleteBranch": "Excluir Ramificação...",
			"command.deleteRemoteTag": "Excluir Marca Remota...",
			"command.deleteTag": "Excluir Marca...",
			"command.fetch": "Fetch",
			"command.fetchAll": "Buscar de Todos os Remotos",
			"command.fetchPrune": "Buscar (Remover)",
			"command.git.acceptMerge": "Completar Mesclagem",
			"command.git.openMergeEditor": "Resolver no Editor de Mesclagem",
			"command.git.runGitMerge": "Calcular conflitos com o Git",
			"command.git.runGitMergeDiff3": "Conflitos de computação com Git (Diff3)",
			"command.ignore": "Adicionar a .gitignore",
			"command.init": "Inicializar o Repositório",
			"command.manageUnsafeRepositories": "Gerenciar repositórios não seguros",
			"command.merge": "Mesclar...",
			"command.mergeAbort": "Anular Mesclagem",
			"command.openAllChanges": "Abrir Todas as Alterações",
			"command.openChange": "Abrir as Alterações",
			"command.openFile": "Abrir o Arquivo",
			"command.openHEADFile": "Abrir Arquivo (HEAD)",
			"command.openRepositoriesInParentFolders": "Abrir Repositórios em Pastas Pai",
			"command.openRepository": "Abrir o Repositório",
			"command.publish": "Publicar Ramificação...",
			"command.pull": "Efetuar Pull",
			"command.pullFrom": "Efetuar Pull de...",
			"command.pullRebase": "Efetuar Pull (Trocar Base)",
			"command.push": "Enviar por Push",
			"command.pushFollowTags": "Enviar por push (Seguir Marcas)",
			"command.pushFollowTagsForce": "Enviar por Push (Seguir Marcas, Forçar)",
			"command.pushForce": "Enviar por Push (Forçar)",
			"command.pushTags": "Tags de Push",
			"command.pushTo": "Enviar por push para...",
			"command.pushToForce": "Enviar por push para... (Forçar)",
			"command.rebase": "Trocar Base para a Ramificação...",
			"command.rebaseAbort": "Abortar Troca de Base",
			"command.refresh": "Atualizar",
			"command.removeRemote": "Remover Remoto",
			"command.rename": "Renomear",
			"command.renameBranch": "Renomear Ramificação...",
			"command.reopenClosedRepositories": "Reabrir Repositórios Fechados...",
			"command.restoreCommitTemplate": "Restaurar Modelo de Confirmação",
			"command.revealFileInOS.linux": "Abrir Pasta de retenção",
			"command.revealFileInOS.mac": "Revelar no Localizador",
			"command.revealFileInOS.windows": "Revelar no Explorador de Arquivos",
			"command.revealInExplorer": "Modo de exibição Revelar no Explorer",
			"command.revertChange": "Reverter Alteração",
			"command.revertSelectedRanges": "Reverter Intervalos Selecionados",
			"command.showOutput": "Mostrar Saída do Git",
			"command.stage": "Preparar Alterações",
			"command.stageAll": "Preparar Todas as Alterações",
			"command.stageAllMerge": "Preparar Todas as Alterações de Mesclagem",
			"command.stageAllTracked": "Preparar Todas as Alterações Controladas",
			"command.stageAllUntracked": "Preparar Todas as Alterações Não Controladas",
			"command.stageBlock": "Bloco de estágio",
			"command.stageChange": "Preparar Alteração",
			"command.stageSelectedRanges": "Preparar Intervalos Selecionados",
			"command.stageSelection": "Seleção de estágio",
			"command.stash": "Fazer Stash",
			"command.stashApply": "Aplicar Stash...",
			"command.stashApplyEditor": "Aplicar Stash",
			"command.stashApplyLatest": "Aplicar Stash Mais Recente",
			"command.stashDrop": "Remover Stash...",
			"command.stashDropAll": "Descartar Todos os Stashes...",
			"command.stashDropEditor": "Soltar Stash",
			"command.stashIncludeUntracked": "Stash (Incluir Não Controlado)",
			"command.stashPop": "Aplicar e Remover Stash...",
			"command.stashPopEditor": "Aplicar e Remover Stash",
			"command.stashPopLatest": "Aplicar e Remover Stash Mais Recente",
			"command.stashStaged": "Stash Preparado",
			"command.stashView": "Exibir Stash...",
			"command.sync": "Sincronizar",
			"command.syncRebase": "Sincronizar (Trocar Base)",
			"command.timelineCompareWithSelected": "Comparar com o Selecionado",
			"command.timelineCopyCommitId": "Copiar ID de Confirmação",
			"command.timelineCopyCommitMessage": "Copiar Mensagem de Confirmação",
			"command.timelineOpenDiff": "Abrir as Alterações",
			"command.timelineSelectForCompare": "Selecionar para Comparar",
			"command.undoCommit": "Desfazer Última Confirmação",
			"command.unstage": "Despreparar Alterações",
			"command.unstageAll": "Despreparar Todas as Alterações",
			"command.unstageSelectedRanges": "Despreparar Intervalos Selecionados",
			"command.viewAllChanges": "Exibir Todas as Alterações",
			"command.viewChanges": "Exibir Alterações",
			"command.viewCommit": "Exibir Confirmação",
			"command.viewStagedChanges": "Exibir Alterações Preparadas",
			"command.viewUntrackedChanges": "Exibir alterações não rastreadas",
			"config.allowForcePush": "Controla se o envio forçado por push (com ou sem concessão) está habilitado.",
			"config.allowNoVerifyCommit": "Controla se as confirmações sem executar ganchos pre-commit e commit-msg são permitidas.",
			"config.alwaysShowStagedChangesResourceGroup": "Sempre mostrar o grupo de recursos Alterações em Etapas.",
			"config.alwaysSignOff": "Controla o sinalizador de aprovação para todas as confirmações.",
			"config.autoRepositoryDetection": "Configura quando os repositórios devem ser detectados automaticamente.",
			"config.autoRepositoryDetection.false": "Desabilitar verificação automática do repositório.",
			"config.autoRepositoryDetection.openEditors": "Examinar pastas pai de arquivos abertos.",
			"config.autoRepositoryDetection.subFolders": "Examinar subpastas da pasta aberta no momento.",
			"config.autoRepositoryDetection.true": "Examinar as duas subpastas da pasta aberta no momento e das pastas pai de arquivos abertos.",
			"config.autoStash": "Efetuar stash das alterações antes de acioná-las e restaurá-las após o êxito.",
			"config.autofetch": "Quando esta opção estiver definida como true, os commits serão buscados automaticamente no repositório remoto padrão do repositório do Git atual. Quando ela estiver definida como `all` os commits serão buscados de todos os repositórios remotos.",
			"config.autofetchPeriod": "Duração em segundos entre cada busca automática de git, quando `#git.autofetch#` está habilitado.",
			"config.autorefresh": "Se a atualização automática está habilitada.",
			"config.blameEditorDecoration.enabled": "Controla se as informações de blame devem ser mostradas no editor usando decorações do editor.",
			"config.blameEditorDecoration.template": "Modelo para a decoração do editor de informações de reação. Variáveis com suporte:\r\n\r\n* `hash`: hash do Commit\r\n\r\n* `hashShort`: primeiros 8 caracteres do hash do commit\r\n\r\n* `subject`: Primeira linha do mensagem do commit\r\n\r\n* `authorName`: nome do autor\r\n\r\n* `authorEmail`: Email do autor\r\n\r\n* `authorDate`: data do autor\r\n\r\n* `authorDateAgo`: diferença de tempo entre agora e a data do autor\r\n\r\n",
			"config.blameStatusBarItem.enabled": "Controla se as informações de blame devem ser mostradas na barra de status.",
			"config.blameStatusBarItem.template": "Modelo para o item barra de status de informações de blame. Variáveis com suporte:\r\n\r\n* `hash`: hash do Commit\r\n\r\n* `hashShort`: primeiros 8 caracteres do hash do commit\r\n\r\n* `subject`: Primeira linha do mensagem do commit\r\n\r\n* `authorName`: nome do autor\r\n\r\n* `authorEmail`: Email do autor\r\n\r\n* `authorDate`: data do autor\r\n\r\n* `authorDateAgo`: diferença de tempo entre agora e a data do autor\r\n\r\n",
			"config.branchPrefix": "Prefixo usado ao criar um novo branch.",
			"config.branchProtection": "Lista de branches protegidos. Por padrão, um prompt é mostrado antes que as alterações sejam confirmadas em um branch protegido. O prompt pode ser controlado usando a configuração `#git.branchProtectionPrompt#`.",
			"config.branchProtectionPrompt": "Controla se um prompt está sendo mostrado antes que as alterações sejam confirmadas em um branch protegido.",
			"config.branchProtectionPrompt.alwaysCommit": "Sempre faça commit nas alterações no branch protegido.",
			"config.branchProtectionPrompt.alwaysCommitToNewBranch": "Sempre fazer commit nas alterações em um novo branch.",
			"config.branchProtectionPrompt.alwaysPrompt": "Sempre solicitar antes que as alterações sejam confirmadas em um branch protegido.",
			"config.branchRandomNameDictionary": "Lista de dicionários usados para o nome do branch gerado aleatoriamente. Cada valor representa o dicionário usado para gerar o segmento do nome da ramificação. Dicionários suportados: `adjetivos`, `animais`, `cores` e `números`.",
			"config.branchRandomNameDictionary.adjectives": "Um adjetivo aleatório",
			"config.branchRandomNameDictionary.animals": "Um nome de animal aleatório",
			"config.branchRandomNameDictionary.colors": "Um nome de cor aleatório",
			"config.branchRandomNameDictionary.numbers": "Um número aleatório entre 100 e 999",
			"config.branchRandomNameEnable": "Controla se um nome aleatório é gerado ao criar um novo branch.",
			"config.branchSortOrder": "Controla a ordem de classificação de ramificações.",
			"config.branchValidationRegex": "Uma expressão regular para validar novos nomes de branch.",
			"config.branchWhitespaceChar": "O caractere para substituir o espaço em branco em novos nomes de branch e para separar segmentos de um nome de branch gerado aleatoriamente.",
			"config.checkoutType": "Controla que tipo de referências do Git são listadas ao executar `Checkout to...`.",
			"config.checkoutType.local": "Branches locais",
			"config.checkoutType.remote": "Branches remotos",
			"config.checkoutType.tags": "Tags",
			"config.closeDiffOnOperation": "Controla se o editor de comparação deve ser fechado automaticamente quando as alterações são ocultadas, confirmadas, descartadas, preparadas ou não.",
			"config.commandsToLog": "Lista de comandos git (por exemplo: commit, push) que teriam seu 'stdout' registrado no [git output](command:git.showOutput). Se o comando git tiver um gancho do lado do cliente configurado, o 'stdout' do gancho do lado do cliente também será registrado no [git output](command:git.showOutput).",
			"config.confirmEmptyCommits": "Sempre confirmar a criação de confirmações vazias para o comando 'Git: Commit Empty'.",
			"config.confirmForcePush": "Controla se é necessário solicitar confirmação antes de forçar o envio por push.",
			"config.confirmNoVerifyCommit": "Controla se deve solicitar confirmação antes de confirmar sem verificação.",
			"config.confirmSync": "Confirme antes de sincronizar os repositórios Git.",
			"config.countBadge": "Controla o selo da contagem de Git.",
			"config.countBadge.all": "Contar todas as alterações.",
			"config.countBadge.off": "Desligar o contador.",
			"config.countBadge.tracked": "Contar somente as alterações controladas.",
			"config.decorations.enabled": "Controla se o Git contribui com cores e selos para o Explorador e para a exibição Editores Abertos.",
			"config.defaultBranchName": "O nome do branch padrão (exemplo: principal, tronco, desenvolvimento) ao inicializar um novo repositório Git. Quando definido como vazio, o nome do branch padrão configurado no Git será usado. **Observação:** Requer o Git versão `2.28.0` ou posterior.",
			"config.defaultCloneDirectory": "O local padrão para clonar um repositório Git.",
			"config.detectSubmodules": "Controla se os submódulos do Git devem ser detectados automaticamente.",
			"config.detectSubmodulesLimit": "Controla o limite de submódulos do Git detectados.",
			"config.discardAllScope": "Controla as alterações que são descartadas pelo comando `Discard all changes`. `all` descarta todas as alterações. `tracked` descarta somente arquivos controlados. `prompt` mostra uma caixa de diálogo de aviso toda vez que a ação é executada.",
			"config.enableCommitSigning": "Habilita a assinatura de confirmação com GPG, X.509 ou SSH.",
			"config.enableSmartCommit": "Confirmar todas as alterações quando não houver alterações preparadas.",
			"config.enableStatusBarSync": "Controla se o comando de sincronização do Git aparece na barra de status.",
			"config.enabled": "Se o Git está habilitado.",
			"config.experimental.installGuide": "Melhorias experimentais para o fluxo de configuração do Git.",
			"config.fetchOnPull": "Quando habilitado, busque todas as ramificações efetuando pull. Caso contrário, busque apenas a atual.",
			"config.followTagsWhenSync": "Envie todas as tags anotadas ao executar o comando de sincronização.",
			"config.ignoreLegacyWarning": "Ignora o aviso de Git herdado.",
			"config.ignoreLimitWarning": "Ignora o aviso quando há muitas alterações em um repositório.",
			"config.ignoreMissingGitWarning": "Ignora o aviso quando o Git está ausente.",
			"config.ignoreRebaseWarning": "Ignora o aviso quando parece que a base do branch pode ter sido trocada ao efetuar pull.",
			"config.ignoreSubmodules": "Ignorar as modificações em submódulos na árvore de arquivos.",
			"config.ignoreWindowsGit27Warning": "Ignora o aviso quando as versões 2.25 – 2.26 do Git estão instaladas no Windows.",
			"config.ignoredRepositories": "Lista de repositórios Git a serem ignorados.",
			"config.inputValidation": "Controla se devem ser mostrados os diagnósticos de validação de entrada da mensagem de confirmação.",
			"config.inputValidationLength": "Controla o limite de tamanho da mensagem de confirmação para mostrar um aviso.",
			"config.inputValidationSubjectLength": "Controla o limite de comprimento do assunto da mensagem de confirmação para mostrar um aviso. Remover definição para herdar o valor de `#git.inputValidationLength#`.",
			"config.mergeEditor": "Abra o editor de mesclagem para arquivos que estão atualmente em conflito.",
			"config.openAfterClone": "Controla se um repositório deve ser aberto automaticamente após a clonagem.",
			"config.openAfterClone.always": "Sempre abrir o repositório na janela atual.",
			"config.openAfterClone.alwaysNewWindow": "Sempre abrir o repositório em uma nova janela.",
			"config.openAfterClone.prompt": "Sempre solicitar uma ação.",
			"config.openAfterClone.whenNoFolderOpen": "Abrir somente na janela atual quando não for aberta nenhuma pasta.",
			"config.openDiffOnClick": "Controla se o editor de comparação deve ser aberto ao clicar em uma alteração. Caso contrário, o editor regular será aberto.",
			"config.openRepositoryInParentFolders": "Controle se um repositório em pastas pai de workspaces ou arquivos abertos deve ser aberto.",
			"config.openRepositoryInParentFolders.always": "Sempre abra um repositório em pastas pai de workspaces ou arquivos abertos.",
			"config.openRepositoryInParentFolders.never": "Nunca abra um repositório em pastas pai de workspaces ou arquivos abertos.",
			"config.openRepositoryInParentFolders.prompt": "Avise antes de abrir um repositório nas pastas pai dos workspaces ou arquivos abertos.",
			"config.optimisticUpdate": "Controla se o estado da exibição do Controle do Código-Fonte deve ser atualizado de forma otimizada após a execução dos comandos git.",
			"config.path": "Caminho e nome de arquivo do executável git, por exemplo, `C:\\Program Files\\Git\\bin\\git.exe` (Windows). Isso também pode ser uma matriz de valores de cadeia de caracteres contendo vários caminhos para pesquisar.",
			"config.postCommitCommand": "Execute um comando git após um commit bem-sucedido.",
			"config.postCommitCommand.none": "Não executar nenhum comando após uma confirmação.",
			"config.postCommitCommand.push": "Execute 'git push' após um commit bem-sucedido.",
			"config.postCommitCommand.sync": "Execute 'git pull' e 'git push' após um commit bem-sucedido.",
			"config.promptToSaveFilesBeforeCommit": "Controla se o Git deve verificar arquivos não salvos antes de confirmar.",
			"config.promptToSaveFilesBeforeCommit.always": "Verificar se há arquivos não salvos.",
			"config.promptToSaveFilesBeforeCommit.never": "Desabilitar esta verificação.",
			"config.promptToSaveFilesBeforeCommit.staged": "Verificar somente os arquivos preparados não salvos.",
			"config.promptToSaveFilesBeforeStash": "Controla se o Git deve verificar se há arquivos não salvos antes de fazer stash das alterações.",
			"config.promptToSaveFilesBeforeStash.always": "Verificar se há arquivos não salvos.",
			"config.promptToSaveFilesBeforeStash.never": "Desabilitar essa verificação.",
			"config.promptToSaveFilesBeforeStash.staged": "Verificar somente os arquivos preparados não salvos.",
			"config.pruneOnFetch": "Fazer a remoção durante a busca.",
			"config.publishBeforeContinueOn": "Controla se o estado de cancelar publicação do Git deve ser publicado ao usar Continuar Trabalhando em um repositório Git.",
			"config.publishBeforeContinueOn.always": "Sempre publicar o estado de cancelar publicação do Git ao usar Continuar Trabalhando em um repositório Git",
			"config.publishBeforeContinueOn.never": "Nunca publicar o estado de cancelar publicação do Git ao usar Continuar Trabalhando em um repositório Git",
			"config.publishBeforeContinueOn.prompt": "Solicitar a publicação do estado de cancelar publicação do Git ao usar Continuar Trabalhando em um repositório Git",
			"config.pullBeforeCheckout": "Controla se uma ramificação que não possui commits de saída é avançada antes do check-out.",
			"config.pullTags": "Buscar todas as marcas ao efetuar pull.",
			"config.rebaseWhenSync": "Força o Git a usar a troca de base ao executar o comando de sincronização.",
			"config.rememberPostCommitCommand": "Lembre-se do último comando git executado após um commit.",
			"config.replaceTagsWhenPull": "Substitua automaticamente as marcas locais por marcas remotas em caso de conflito ao executar o comando pull.",
			"config.repositoryScanIgnoredFolders": "Lista de pastas ignoradas durante a verificação de repositórios Git quando '#git.autoRepositoryDetection#' está definido como 'true' ou 'subFolders'.",
			"config.repositoryScanMaxDepth": "Controla a profundidade usada ao verificar as pastas do workspace para repositórios Git quando `#git.autoRepositoryDetection#` está definido como `true` ou` subFolders`. Pode ser definido como `-1` para nenhum limite.",
			"config.requireGitUserConfig": "Controla se a configuração explícita do usuário do Git deve ser exigida ou se o Git pode adivinhar a configuração quando ela estiver ausente.",
			"config.scanRepositories": "Lista de caminhos para pesquisar os repositórios Git.",
			"config.showActionButton": "Controla se um botão de ação é mostrado na visualização Source Control.",
			"config.showActionButton.commit": "Mostre um botão de ação para confirmar as alterações quando a ramificação local tiver modificado os arquivos prontos para serem confirmados.",
			"config.showActionButton.publish": "Mostre um botão de ação para publicar a ramificação local quando ela não tiver uma ramificação remota de rastreamento.",
			"config.showActionButton.sync": "Mostre um botão de ação para sincronizar as alterações quando a ramificação local estiver à frente ou atrás da ramificação remota.",
			"config.showCommitInput": "Controla se a entrada de confirmação deve ser mostrada no painel de controle do código-fonte do Git.",
			"config.showInlineOpenFileAction": "Controla se uma ação de abertura de arquivo embutida deve ser mostrada no modo de exibição de alterações do Git.",
			"config.showProgress": "Controla se as ações do Git devem mostrar o progresso.",
			"config.showPushSuccessNotification": "Controla se uma notificação deve ser mostrada quando um envio por push é bem-sucedido.",
			"config.similarityThreshold": "Controla o limite do índice de similaridade (a quantidade de adições/exclusões em comparação com o tamanho do arquivo) para que alterações em um par de arquivos adicionados/excluídos sejam consideradas uma renomeação. **Observação:** Requer o Git versão `2.18.0` ou posterior.",
			"config.smartCommitChanges": "Controlar quais alterações são automaticamente testadas por Confirmação Inteligente.",
			"config.smartCommitChanges.all": "Preparar automaticamente todas as alterações.",
			"config.smartCommitChanges.tracked": "Somente preparar automaticamente as alterações controladas.",
			"config.statusLimit": "Controla como limitar o número de alterações que podem ser analisadas a partir do comando de status do Git. Pode ser definido como 0 para nenhum limite.",
			"config.suggestSmartCommit": "Sugere habilitar a confirmação inteligente (confirmar todas as alterações quando não há alterações preparadas).",
			"config.supportCancellation": "Controla se uma notificação aparece durante a execução da ação de sincronização, o que permite ao usuário cancelar a operação.",
			"config.terminalAuthentication": "Controla se o VS Code deve ser habilitado para ser o manipulador de autenticação para processos Git gerados no Terminal Integrado. Observação: os terminais precisam ser reiniciados para haver uma alteração nesta configuração.",
			"config.terminalGitEditor": "Controla se o VS Code deve ser ativado como editor git para processos git gerados no terminal integrado. Nota: Os terminais precisam ser reiniciados para detectar uma alteração nesta configuração.",
			"config.timeline.date": "Controla qual data deve ser usada para os itens na exibição Linha do tempo.",
			"config.timeline.date.authored": "Usar a data de criação",
			"config.timeline.date.committed": "Usar a data confirmada",
			"config.timeline.showAuthor": "Controla se o autor do commit deve ser mostrado na exibição Linha do tempo.",
			"config.timeline.showUncommitted": "Controla se as alterações não confirmadas devem ser mostradas no modo de exibição de Linha do Tempo.",
			"config.untrackedChanges": "Controla como as alterações não controladas se comportam.",
			"config.untrackedChanges.hidden": "As alterações não controladas são ocultas e excluídas de várias ações.",
			"config.untrackedChanges.mixed": "Todas as alterações, controladas e não controladas, aparecem juntas e se comportam igualmente.",
			"config.untrackedChanges.separate": "As alterações não controladas são exibidas separadamente no modo de exibição de Controle do Código-fonte. Elas também são excluídas de várias ações.",
			"config.useCommitInputAsStashMessage": "Controla se a mensagem da caixa de entrada de commit deve ser usada como a mensagem de stash padrão.",
			"config.useEditorAsCommitInput": "Controla se um editor de texto completo será usado para criar mensagens de confirmação, sempre que nenhuma mensagem for fornecida na caixa de entrada de confirmação.",
			"config.useForcePushIfIncludes": "Controla se o envio forçado por push usa a variante force-if-includes mais segura. Observação: essa configuração requer que a configuração `#git.useForcePushWithLease#` esteja habilitada e a versão do Git `2.30.0` ou posterior.",
			"config.useForcePushWithLease": "Controla se o envio por push forçado usa a variante force-with-lease mais segura.",
			"config.useIntegratedAskPass": "Controla se o GIT_ASKPASS deve ser substituído para usar a versão integrada.",
			"config.verboseCommit": "Habilite a saída detalhada quando `#git.useEditorAsCommitInput#` estiver habilitado.",
			"description": "Integração SCM do Git",
			"displayName": "Git",
			"submenu.branch": "Branch",
			"submenu.changes": "Alterações",
			"submenu.commit": "Commit",
			"submenu.commit.amend": "Corrigir",
			"submenu.commit.signoff": "Desconectar",
			"submenu.explorer": "Git",
			"submenu.pullpush": "Efetuar Pull, Enviar por Push",
			"submenu.remotes": "Remoto",
			"submenu.stash": "Fazer Stash",
			"submenu.tags": "Rótulos",
			"view.workbench.cloneRepository": "Você pode clonar um repositório localmente.\r\n[Clonar Repositório](command:git.clone \"Clone a repository once the Git extension has activated\")",
			"view.workbench.learnMore": "Para saber mais sobre como usar o Git e o controle do código-fonte no VS Code [leia nossos documentos](https://aka.ms/vscode-scm).",
			"view.workbench.scm.closedRepositories": "Foram encontrados repositórios Git que estavam previamente fechados.\r\n[Reabrir Repositórios Fechados](command:git.reopenClosedRepositories)\r\nPara saber mais sobre como usar o Git e o controle do código-fonte no VS Code [leia nossos documentos](https://aka.ms/vscode-scm).",
			"view.workbench.scm.closedRepository": "Foi encontrado um repositório Git que estava fechado anteriormente.\r\n[Reabrir Repositório Fechado](command:git.reopenClosedRepositories)\r\nPara saber mais sobre como usar o Git e o controle do código-fonte no VS Code [leia nossos documentos](https://aka.ms/vscode-scm).",
			"view.workbench.scm.disabled": "Se você quiser usar os recursos do Git, habilite o Git em suas [configurações](command:workbench.action.openSettings?%5B%22git.enabled%22%5D).\r\nPara saber mais sobre como usar o Git e o controle do código-fonte no VS Code [leia nossos documentos](https://aka.ms/vscode-scm).",
			"view.workbench.scm.empty": "Para usar os recursos do Git, você pode abrir uma pasta contendo um repositório Git ou clonar de um URL.\r\n[Abrir Pasta](command:vscode.openFolder)\r\n[Clonar Repositório](command:git.clone)\r\nPara saber mais sobre como usar o Git e o controle do código-fonte no VS Code [leia nossos documentos](https://aka.ms/vscode-scm).",
			"view.workbench.scm.emptyWorkspace": "O espaço de trabalho atualmente aberto não tem pastas contendo os repositórios Git.\r\n[Adicionar Pasta ao Espaço de Trabalho](command:workbench.action.addRootFolder)\r\nPara saber mais sobre como usar o Git e o controle do código-fonte no VS Code [leia nossos documentos](https://aka.ms/vscode-scm).",
			"view.workbench.scm.folder": "A pasta atualmente aberta não tem um repositório Git. Você pode inicializar um repositório que habilitará recursos de controle de origem desenvolvidos pelo Git.\r\n[Inicializar Repositório](command:git.init?%5Btrue%5D)\r\nPara saber mais sobre como usar o Git e o controle do código-fonte no VS Code [leia nossos documentos](https://aka.ms/vscode-scm).",
			"view.workbench.scm.missing": "Instale o Git, um sistema de controle do código-fonte popular, para acompanhar alterações de código e colaborar com outras pessoas. Saiba mais em nossos [guias do Git](https://aka.ms/vscode-scm).",
			"view.workbench.scm.missing.linux": "O controle do código-fonte depende da instalação do Git.\r\n[Baixe o Git para Linux](https://git-scm.com/download/linux)\r\nDepois de instalar, [recarregue](command:workbench.action.reloadWindow) (ou [solucione o problema](command:git.showOutput)). Provedores de controle do código-fonte adicionais podem ser instalados [a partir do Marketplace](command:workbench.extensions.search?%22%40category%3A%5C%22scm%20providers%5C%22%22).",
			"view.workbench.scm.missing.mac": "[Baixe o Git para macOS](https://git-scm.com/download/mac)\r\nDepois de instalar, [recarregue](command:workbench.action.reloadWindow) (ou [solucione o probleme](command:git.showOutput)). Provedores de controle do código-fonte adicionais podem ser instalados [a partir do Marketplace](command:workbench.extensions.search?%22%40category%3A%5C%22scm%20providers%5C%22%22).",
			"view.workbench.scm.missing.windows": "[Baixar o Git para Windows](https://git-scm.com/download/win)\r\nDepois de instalar, [recarregue](command:workbench.action.reloadWindow) (ou [solucione o problema](command:git.showOutput)). Provedores de controle do código-fonte adicionais podem ser instalados [a partir do Marketplace](command:workbench.extensions.search?%22%40category%3A%5C%22scm%20providers%5C%22%22).",
			"view.workbench.scm.repositoriesInParentFolders": "Repositórios Git foram encontrados nas pastas pai do espaço de trabalho ou nos arquivos abertos.\r\n[Abrir Repositório](command:git.openRepositoriesInParentFolders)\r\nUse a configuração [git.openRepositoryInParentFolders](command:workbench.action.openSettings?%5B%22git.openRepositoryInParentFolders%22%5D) para controlar se os repositórios Git nas pastas pai do espaço de trabalho ou nos arquivos abertos estão abertos. Para saber mais [leia nossos documentos](https://aka.ms/vscode-git-repository-in-parent-folders).",
			"view.workbench.scm.repositoryInParentFolders": "Um repositório Git foi encontrado nas pastas pai do espaço de trabalho ou nos arquivos abertos.\r\n[Abrir Repositório](command:git.openRepositoriesInParentFolders)\r\nUse a configuração [git.openRepositoryInParentFolders](command:workbench.action.openSettings?%5B%22git.openRepositoryInParentFolders%22%5D) para controlar se os repositórios Git em pastas pai do espaços de trabalho ou arquivos abertos estão abertos. Para saber mais [leia nossos documentos](https://aka.ms/vscode-git-repository-in-parent-folders).",
			"view.workbench.scm.scanFolderForRepositories": "Verificando a pasta de repositórios Git...",
			"view.workbench.scm.scanWorkspaceForRepositories": "Verificando o espaço de trabalho de repositórios Git...",
			"view.workbench.scm.unsafeRepositories": "Os repositórios Git detectados são potencialmente não seguros, pois as pastas pertencem a alguém que não é o usuário atual.\r\n[Gerenciar Repositórios Não Seguros](command:git.manageUnsafeRepositories)\r\nPara saber mais sobre repositórios são seguros [leia nossos documentos](https://aka.ms/vscode-git-unsafe-repository).",
			"view.workbench.scm.unsafeRepository": "O repositório Git detectado é potencialmente não seguro, pois a pasta pertence a alguém que não é o usuário atual.\r\n[Gerenciar Repositórios Não Seguros](command:git.manageUnsafeRepositories)\r\nPara saber mais sobre repositórios são seguros [leia nossos documentos](https://aka.ms/vscode-git-unsafe-repository).",
			"view.workbench.scm.workspace": "O espaço de trabalho atualmente aberto não tem pastas contendo os repositórios Git. Você pode inicializar um repositório em uma pasta que habilitará recursos de controle de origem desenvolvidos pelo Git.\r\n[Inicializar o Repositório](command:git.init)\r\nPara saber mais sobre como usar o Git e o controle do código-fonte no VS Code [leia nossos documentos](https://aka.ms/vscode-scm)."
		}
	}
}