{
	"": [
		"--------------------------------------------------------------------------------------------",
		"Copyright (c) Microsoft Corporation. All rights reserved.",
		"Licensed under the MIT License. See License.txt in the project root for license information.",
		"--------------------------------------------------------------------------------------------",
		"Do not edit this file. It is machine generated."
	],
	"version": "1.0.0",
	"contents": {
		"bundle": {
			"\"{0}\" has fingerprint \"{1}\"": "\"{0}\" ha l'impronta digitale \"{1}\"",
			"$(info) Remote \"{0}\" has no tags.": "$(info) \"{0}\" remoto non contiene tag.",
			"$(info) This repository has no stashes.": "$(info) Questo repository non contiene hash.",
			"$(info) This repository has no tags.": "$(info) Non esistono tag per questo repository.",
			"A branch named \"{0}\" already exists": "Esiste già un ramo denominato \"{0}\"",
			"A git repository was found in the parent folders of the workspace or the open file(s). Would you like to open the repository?": "È stato trovato un repository Git nelle cartelle padre dell'area di lavoro o dei file aperti. Aprire il repository?",
			"Absolute paths not supported in \"git.scanRepositories\" setting.": "I percorsi assoluti non sono supportati nell'impostazione \"git.scanRepositories\".",
			"Add Remote": "Aggiungi repository remoto",
			"Add a new remote...": "Aggiungi un nuovo computer remoto...",
			"Add remote from URL": "Aggiungi repository remoto da URL",
			"Add remote from {0}": "Aggiungi repository remoto da {0}",
			"Add to Workspace": "Aggiungi all'Area di Lavoro",
			"All Changes ({0} ↔ {1})": "Tutte le modifiche ({0} ↔ {1})",
			"All Repositories": "Tutti gli repository",
			"Always": "Sempre",
			"Always Pull": "Esegui sempre il pull",
			"Always Replace Local Tag(s)": "Sostituisci sempre tag locali",
			"Are you sure you want to DELETE {0} files?\nThis is IRREVERSIBLE!\nThese files will be FOREVER LOST if you proceed.": "ELIMINARE {0} file? \nQuesta operazione è IRREVERSIBILE.\nSe si procede, questi file andranno PERSI DEFINITIVAMENTE.",
			"Are you sure you want to DELETE {0}?\nThis is IRREVERSIBLE!\nThis file will be FOREVER LOST if you proceed.": "ELIMINARE {0}? \nQuesta operazione è IRREVERSIBILE.\nSe si procede, questo file andrà PERSO DEFINITIVAMENTE.",
			"Are you sure you want to continue connecting?": "Continuare la connessione?",
			"Are you sure you want to create an empty commit?": "Creare un commit vuoto?",
			"Are you sure you want to discard ALL changes in {0} files?\nThis is IRREVERSIBLE!\nYour current working set will be FOREVER LOST if you proceed.": "Rimuovere TUTTE le modifiche apportate in {0} file?\nQuesta operazione è IRREVERSIBILE.\nSe si procede, il working set corrente andrà PERSO DEFINITIVAMENTE.",
			"Are you sure you want to discard changes in {0} files?": "Rimuovere le modifiche in {0} file?",
			"Are you sure you want to discard changes in {0}?": "Rimuovere le modifiche in {0}?",
			"Are you sure you want to drop ALL stashes? There are {0} stashes that will be subject to pruning, and MAY BE IMPOSSIBLE TO RECOVER.": "Rimuovere TUTTI gli accantonamenti? Sono presenti {0} accantonamenti che verranno eliminati e POTREBBERO ESSERE IMPOSSIBILI DA RECUPERARE.",
			"Are you sure you want to drop ALL stashes? There is 1 stash that will be subject to pruning, and MAY BE IMPOSSIBLE TO RECOVER.": "Rimuovere TUTTI gli accantonamenti? È presente 1 accantonamento che verrà eliminato e POTREBBE ESSERE IMPOSSIBILE DA RECUPERARE.",
			"Are you sure you want to drop the stash: {0}?": "Rimuovere l'accantonamento {0}?",
			"Are you sure you want to restore {0} files?": "Ripristinare {0} file?",
			"Are you sure you want to restore {0}?": "Ripristinare {0}?",
			"Are you sure you want to stage {0} files with merge conflicts?": "Preparare per il commit {0} file con conflitti di merge?",
			"Are you sure you want to stage {0} with merge conflicts?": "Preparare per il commit {0} con conflitti di merge?",
			"Ask Me Later": "Chiedimelo in seguito",
			"Branch name": "Nome ramo",
			"Branch name needs to match regex: {0}": "Il nome del ramo deve corrispondere all'espressione regex: {0}",
			"Can't force push refs to remote. The tip of the remote-tracking branch has been updated since the last checkout. Try running \"Pull\" first to pull the latest changes from the remote branch first.": "Non è possibile forzare il push dei riferimenti in remoto. L’estremità del ramo di rilevamento remoto è stata aggiornata dopo l’ultimo checkout. Provare prima a eseguire \"Pull\" per eseguire prima il pull delle modifiche più recenti dal ramo remoto.",
			"Can't push refs to remote. Try running \"Pull\" first to integrate your changes.": "Impossibile fare push dei ref su remoto. Provare a eseguire un \"Pull\" prima, per integrare le modifiche.",
			"Can't undo because HEAD doesn't point to any commit.": "Non è possibile annullare l'operazione perché HEAD non fa riferimento ad alcun commit.",
			"Changes": "Modifiche",
			"Checking Out Branch/Tag...": "Estrazione ramo/tag in corso...",
			"Checking Out Changes...": "Estrazione delle modifiche in corso...",
			"Checkout Branch/Tag...": "Eseguire il checkout del ramo/tag...",
			"Choose Folder...": "Scegli cartella...",
			"Choose a folder to clone {0} into": "Scegliere una cartella in cui clonare {0}",
			"Choose a repository": "Scegli un repository",
			"Choose which repository to clone": "Scegliere il repository da clonare",
			"Clear whitespace characters": "Cancella spazi vuoti",
			"Clone from URL": "URL del repository",
			"Clone from {0}": "Clona da {0}",
			"Cloning git repository \"{0}\"...": "Clonazione del repository Git \"{0}\"...",
			"Commit": "Esegui commit",
			"Commit & Push Changes": "Commit e push delle modifiche",
			"Commit & Sync Changes": "Commit e sincronizzazione delle modifiche",
			"Commit Anyway": "Eseguire comunque il commit",
			"Commit Changes": "Eseguire il commit delle modifiche",
			"Commit Changes on \"{0}\"": "Esegui il commit delle modifiche su \"{0}\"",
			"Commit Changes to New Branch": "Eseguire il commit delle modifiche apportate a un nuovo ramo",
			"Commit Hash": "Hash del commit",
			"Commit message": "Messaggio di commit",
			"Commit operation was cancelled due to empty commit message.": "L'operazione di commit è stata annullata a causa di un messaggio di commit vuoto.",
			"Commit to New Branch & Push Changes": "Eseguire commit in un nuovo ramo e push delle modifiche",
			"Commit to New Branch & Synchronize Changes": "Esegui il commit in un nuovo ramo e sincronizza le modifiche",
			"Commit to a New Branch": "Eseguire il commit in un nuovo ramo",
			"Commits without verification are not allowed, please enable them with the \"git.allowNoVerifyCommit\" setting.": "I commit senza verifica non sono consentiti. Abilitarli con l'impostazione \"git.allowNoVerifyCommit\".",
			"Committing & Pushing Changes...": "Commit e push delle modifiche in corso...",
			"Committing & Synchronizing Changes...": "Esecuzione del commit e sincronizzazione delle modifiche in corso...",
			"Committing Changes to New Branch...": "Esecuzione del commit delle modifiche nel nuovo ramo in corso...",
			"Committing Changes...": "Commit delle modifiche in corso...",
			"Committing to New Branch & Pushing Changes...": "Eseguire commit in un nuovo ramo e pushing delle modifiche in corso...",
			"Committing to New Branch & Synchronizing Changes...": "Esecuzione il commit su un nuovo ramo e sincronizzazione delle modifiche...",
			"Conflict: Added By Them": "Conflitto: aggiunto dall'utente",
			"Conflict: Added By Us": "Conflitto: aggiunto da Microsoft",
			"Conflict: Both Added": "Conflitto: aggiunto dall'utente e da Microsoft",
			"Conflict: Both Deleted": "Conflitto: eliminato dall'utente e da Microsoft",
			"Conflict: Both Modified": "Conflitto: modificato dall'utente e da Microsoft",
			"Conflict: Deleted By Them": "Conflitto: eliminato dall'utente",
			"Conflict: Deleted By Us": "Conflitto: eliminato da Microsoft",
			"Continue Rebase": "Continua riassegnazione",
			"Continuing Rebase...": "Continuazione della riassegnazione...",
			"Copy Commit Hash": "Copia l'hash di commit",
			"Could not clone your repository as Git is not installed.": "Non è stato possibile clonare il repository perché Git non è installato.",
			"Create Empty Commit": "Crea commit vuoto",
			"Current": "Corrente",
			"Current commit message only contains whitespace characters": "Il messaggio di commit corrente contiene solo spazi vuoti",
			"Delete Branch": "Elimina ramo",
			"Delete File": "Elimina file",
			"Delete Files": "Elimina file",
			"Delete file": "Elimina file",
			"Deleted": "Eliminato",
			"Discard 1 File": "Rimuovi 1 file",
			"Discard 1 Tracked File": "Rimuovi 1 file di cui viene tenuta traccia",
			"Discard All {0} Files": "Rimuovi tutti i {0} file",
			"Discard Changes": "Rimuovi modifiche",
			"Discard {0} Tracked Files": "Rimuovi {0} file di cui viene tenuta traccia",
			"Don't Pull": "Non eseguire il pull",
			"Don't Show Again": "Non visualizzare più questo messaggio",
			"Download Git": "Scarica GIT",
			"Email": "Indirizzo di posta elettronica",
			"Enables the following features: {0}": "Abilita le funzionalità seguenti: {0}",
			"Failed to authenticate to git remote.": "Non è stato possibile eseguire l'autenticazione al repository remoto GIT.",
			"Failed to authenticate to git remote:\n\n{0}": "Non è stato possibile eseguire l'autenticazione al repository remoto GIT:\n\n{0}",
			"File \"{0}\" was deleted by them and modified by us.\n\nWhat would you like to do?": "Il file \"{0}\" è stato eliminato da altri utenti e modificato dall'utente corrente.\n\nCome si vuole procedere?",
			"File \"{0}\" was deleted by us and modified by them.\n\nWhat would you like to do?": "Il file \"{0}\" è stato eliminato dall'utente corrente e modificato da altri utenti.\n\nCome si vuole procedere?",
			"Force Checkout": "Forza checkout",
			"Force push is not allowed, please enable it with the \"git.allowForcePush\" setting.": "Il push forzato non è consentito. Per abilitarlo, usare l'impostazione \"git.allowForcePush\".",
			"Git Blame Information": "Informazioni errore GIT",
			"Git History": "Cronologia GIT",
			"Git error": "Errore GIT",
			"Git local changes (working tree + index)": "Modifiche locali Git (albero di lavoro e indice)",
			"Git local changes (working tree)": "Modifiche locali Git (albero di lavoro)",
			"Git not found. Install it or configure it using the \"git.path\" setting.": "Git non trovato. Installarlo o configurarlo usando l'impostazione \"git.path\".",
			"Git repositories were found in the parent folders of the workspace or the open file(s). Would you like to open the repositories?": "I repository Git sono stati trovati nelle cartelle padre dell'area di lavoro o dei file aperti. Aprire i repository?",
			"Git: {0}": "GIT: {0}",
			"HEAD version of \"{0}\" is not available.": "La versione HEAD di \"{0}\" non è disponibile.",
			"Hard wrap all lines": "Applica il ritorno a capo a tutte le righe",
			"Hard wrap line": "Applica il ritorno a capo alla riga",
			"Ignored": "Ignorato",
			"Incoming": "In ingresso",
			"Incoming Changes": "Modifiche in ingresso",
			"Incoming Changes (added)": "Modifiche in ingresso (aggiunte)",
			"Incoming Changes (deleted)": "Modifiche in ingresso (eliminate)",
			"Incoming Changes (modified)": "Modifiche in ingresso (modificate)",
			"Incoming Changes (renamed)": "Modifiche in ingresso (rinominate)",
			"Index Added": "Indice aggiunto",
			"Index Copied": "Indice copiato",
			"Index Deleted": "Indice eliminato",
			"Index Modified": "Indice modificato",
			"Index Renamed": "Indice rinominato",
			"Initialize Repository": "Inizializza repository",
			"Intent to Add": "Finalità da aggiungere",
			"Intent to Rename": "Finalità di ridenominazione",
			"Invalid branch name": "Nome di branch non valido",
			"It looks like the current branch \"{0}\" might have been rebased. Are you sure you still want to pull into it?": "Il ramo corrente \"{0}\" potrebbe essere stato riassegnato. Eseguire comunque il pull nel ramo?",
			"It looks like the current branch might have been rebased. Are you sure you still want to pull into it?": "Il ramo corrente potrebbe essere stato riassegnato. Eseguire comunque il pull in esso?",
			"It's not possible to change the commit message in the middle of a rebase. Please complete the rebase operation and use interactive rebase instead.": "Non è possibile modificare il messaggio di commit durante una riassegnazione. Completare l'operazione corrente e usare invece una riassegnazione interattiva.",
			"Keep Our Version": "Mantieni la versione dell'utente corrente",
			"Keep Their Version": "Mantieni la versione degli altri utenti",
			"Learn More": "Altre informazioni",
			"Make sure you configure your \"user.name\" and \"user.email\" in git.": "Assicurarsi di configurare \"user.name\" e \"user.email\" in GIT.",
			"Manage Unsafe Repositories": "Gestire repository non sicuri",
			"Merge Changes": "Esegui merge delle modifiche",
			"Message": "Messaggio",
			"Message (commit on \"{0}\")": "Messaggio (commit in \"{0}\")",
			"Message ({0} to commit on \"{1}\")": "Messaggio ({0} per eseguire il commit in \"{1}\")",
			"Message ({0} to commit)": "Messaggio ({0} per eseguire il commit)",
			"Migrate Changes": "Eseguire la migrazione delle modifiche",
			"Modified": "Modificato",
			"Never": "Mai",
			"No": "No",
			"No rebase in progress.": "Non è in corso alcuna riassegnazione.",
			"Not Committed Yet": "Non ancora eseguito il commit",
			"Not Committed Yet (Staged)": "Commit non ancora eseguito (a fasi)",
			"OK": "OK",
			"OK, Don't Ask Again": "OK, non visualizzare più questo messaggio",
			"OK, Don't Show Again": "OK, non visualizzare più",
			"Open": "Apri",
			"Open Commit": "Apri commit",
			"Open Comparison": "Apri confronto",
			"Open File": "Apri file",
			"Open Git Log": "Apri log GIT",
			"Open Merge": "Apri merge",
			"Open Repositories In Parent Folders": "Apri repository nelle cartelle padre",
			"Open Repository": "Apri repository",
			"Open in New Window": "Apri in una nuova finestra",
			"Optionally provide a stash message": "Specificare un messaggio di accantonamento (facoltativo)",
			"Passphrase": "Passphrase",
			"Pick a branch to pull from": "Selezionare un ramo da cui eseguire il pull",
			"Pick a provider to publish the branch \"{0}\" to:": "Selezionare un provider in cui pubblicare il ramo \"{0}\":",
			"Pick a remote to publish the branch \"{0}\" to:": "Selezionare un repository remoto in cui pubblicare il ramo \"{0}\":",
			"Pick a remote to pull the branch from": "Selezionare un repository remoto da cui effettuare il pull del ramo",
			"Pick a remote to remove": "Scegliere un repository remoto da rimuovere",
			"Pick a repository to mark as safe and open": "Selezionar un repository da contrassegnare come sicuro e aprir",
			"Pick a repository to open": "Selezionare un repository da aprire.",
			"Pick a repository to reopen": "Seleziona un repository da riaprire",
			"Pick a stash to apply": "Scegli un accantonamento da applicare",
			"Pick a stash to drop": "Selezionare un accantonamento da rimuovere",
			"Pick a stash to pop": "Scegli un accantonamento da prelevare",
			"Pick a stash to view": "Selezionare un accantonamento da rimuovere",
			"Pick workspace folder to initialize git repo in": "Selezionare la cartella dell'area di lavoro in cui inizializzare il Git repo",
			"Please check out a branch to push to a remote.": "Estrarre un ramo per eseguire il push in un elemento remoto.",
			"Please clean your repository working tree before checkout.": "Pulire l'albero di lavoro del repository prima dell'estrazione.",
			"Please provide a commit message": "Specificare un messaggio di commit",
			"Please provide a message to annotate the tag": "Specificare un messaggio per aggiungere un'annotazione per il tag",
			"Please provide a new branch name": "Specificare un nuovo nome di ramo",
			"Please provide a remote name": "Specificare un nome di repository remoto",
			"Please provide a tag name": "Specificare un nome di tag",
			"Please provide the commit hash": "Specificare l'hash del commit",
			"Publish Branch": "Pubblica Ramo",
			"Publish Branch \"{0}\"/{Locked=\"Branch\"}Do not translate \"Branch\" as it is a git term": "Pubblica Branch \"{0}\"",
			"Publish Branch/{Locked=\"Branch\"}Do not translate \"Branch\" as it is a git term": "Pubblica Branch",
			"Publish to {0}": "Pubblica in {0}",
			"Publish to...": "Pubblica in...",
			"Publishing Branch \"{0}\".../{Locked=\"Branch\"}Do not translate \"Branch\" as it is a git term": "Pubblicazione del Branch \"{0}\"...",
			"Publishing Branch.../{Locked=\"Branch\"}Do not translate \"Branch\" as it is a git term": "Pubblicazione Branch in corso...",
			"Pull": "Esegui pull",
			"Pull {0} and push {1} commits between {2}/{3}": "Esegui il pull di {0} e il push di {1} commit tra {2}/{3}",
			"Pull {0} commits from {1}/{2}": "Esegui il pull di {0} commit da {1}/{2}",
			"Push {0} commits to {1}/{2}": "Esegui il push di {0} commit in {1}/{2}",
			"Rebasing": "Rebase in corso",
			"Regenerate Branch Name": "Rigenera nome ramo",
			"Remote \"{0}\" already exists.": "Il repository remoto \"{0}\" esiste già.",
			"Remote branch at {0}": "Ramo remoto in {0}",
			"Remote name": "Nome del repository remoto",
			"Remote name format invalid": "Il formato del nome di repository remoto non è valido",
			"Remote tag at {0}": "Tag remoto in {0}",
			"Reopen Closed Repositories": "Riapri repository chiusi",
			"Replace Local Tag(s)": "Sostituisci tag locali",
			"Restore file": "Ripristina il file",
			"Restore files": "Ripristina i file",
			"Save All & Commit Changes": "Salva tutto ed esegui il commit delle modifiche",
			"Save All & Stash": "Salva tutto e accantona",
			"Select a branch or tag to checkout": "Selezionare un ramo o un tag di cui eseguire il checkout",
			"Select a branch or tag to merge from": "Selezionare un ramo o un tag da cui eseguire il merge",
			"Select a branch to checkout in detached mode": "Selezionare un ramo da estrarre in modalità scollegata",
			"Select a branch to delete": "Seleziona un ramo da cancellare",
			"Select a branch to rebase onto": "Selezionare un ramo in base a cui eseguire la riassegnazione",
			"Select a ref to create the branch from": "Selezionare un riferimento da cui creare il ramo",
			"Select a remote tag to delete": "Selezionare un tag remoto da eliminare",
			"Select a remote to delete a tag from": "Selezionare un telecomando da cui eliminare un tag",
			"Select a remote to fetch": "Selezionare un repository remoto da recuperare",
			"Select a tag to delete": "Selezionare un tag da eliminare",
			"Select as Repository Destination": "Seleziona come destinazione del repository",
			"Show Changes": "Mostra modifiche",
			"Show Command Output": "Mostra output del comando",
			"Staged Changes": "Modifiche preparate per il commit",
			"Stash & Checkout": "Accantona ed esegui checkout",
			"Stash Anyway": "Accantona comunque",
			"Stash message": "Messaggio di accantonamento",
			"Stashed Changes": "Modifiche archiviate",
			"Successfully pushed.": "Push avvenuto con successo.",
			"Synchronize Changes": "Sincronizza modifiche",
			"Synchronizing Changes...": "Sincronizzazione delle modifiche in corso...",
			"Syncing. Cancelling may cause serious damages to the repository": "Sincronizzazione in corso. L'annullamento dell'operazione può causare gravi danni al repository",
			"Tag at {0}": "Tag in {0}",
			"Tag name": "Nome tag",
			"The \"{0}\" repository has {1} submodules which won't be opened automatically. You can still open each one individually by opening a file within.": "Il repository \"{0}\" ha {1} sottomoduli che non verranno aperti automaticamente. È possibile comunque aprirli individualmente aprendo il file all'interno.",
			"The branch \"{0}\" has no remote branch. Would you like to publish this branch?": "Il ramo \"{0}\" non dispone di un ramo remoto. Pubblicare questo ramo?",
			"The branch \"{0}\" is not fully merged. Delete anyway?": "Il merge del ramo \"{0}\" non è completo. Eliminare comunque?",
			"The changes are already present in the current branch.": "Le modifiche sono già presenti nel ramo corrente.",
			"The current branch is not published to the remote. Would you like to publish it to access your changes elsewhere?": "Il ramo corrente non è pubblicato nel repository remoto. Pubblicarlo per accedere alle modifiche in un'altra posizione?",
			"The following file has unsaved changes which won't be included in the commit if you proceed: {0}.\n\nWould you like to save it before committing?": "Il file seguente contiene modifiche non salvate che non verranno incluse nel commit se si procede: {0}.\n\nSalvarlo prima del commit?",
			"The following file has unsaved changes which won't be included in the stash if you proceed: {0}.\n\nWould you like to save it before stashing?": "Il file seguente contiene modifiche non salvate che non verranno incluse nell'accantonamento se si procede: {0}.\n\nSalvarlo prima dell'accantonamento?",
			"The following untracked file will be DELETED FROM DISK if discarded: {0}.": "Se rimosso, il file seguente di cui non viene tenuta traccia verrà ELIMINATO DAL DISCO: {0}.",
			"The git repositories in the current folder are potentially unsafe as the folders are owned by someone other than the current user.": "I repository Git nella cartella corrente potrebbe non essere sicuro perché le cartelle sono di proprietà di un utente diverso dall'utente corrente.",
			"The git repository at \"{0}\" has too many active changes, only a subset of Git features will be enabled.": "Il repository Git \"{0}\" ha troppe modifiche attive. Verrà attivato solo un sottoinsieme delle funzionalità di Git.",
			"The git repository in the current folder is potentially unsafe as the folder is owned by someone other than the current user.": "Il repository Git nella cartella corrente potrebbe non essere sicuro perché la cartella è di proprietà di un utente diverso dall'utente corrente.",
			"The last commit was a merge commit. Are you sure you want to undo it?": "L'ultimo commit è stato un commit di merge. Annullarlo?",
			"The new branch will be \"{0}\"": "Il nuovo ramo sarà \"{0}\"",
			"The repository does not have any changes.": "Il repository non presenta modifiche.",
			"The repository does not have any commits. Please make an initial commit before creating a stash.": "Il repository non contiene commit. Effettuare un commit iniziale prima di creare un accantonamento.",
			"The repository does not have any staged changes.": "Il repository non presenta modifiche in corso.",
			"The repository does not have any untracked changes.": "Il repository non presenta modifiche non tracciate.",
			"The selection range does not contain any changes.": "L\\'intervallo di selezione non contiene modifiche.",
			"There are known issues with the installed Git \"{0}\". Please update to Git >= 2.27 for the git features to work correctly.": "La versione installata \"{0}\" di Git causa problemi noti. Per il corretto funzionamento delle funzionalità Git, è necessario eseguire l'aggiornamento a GIT >= 2.27.",
			"There are merge conflicts. Resolve them before committing.": "Ci sono conflitti di merge. Risolverli prima di eseguire commit.",
			"There are no available repositories": "Non ci sono repository disponibili",
			"There are no changes to commit.": "Non ci sono modifiche di cui eseguire il commit.",
			"There are no changes to stash.": "Non ci sono modifiche da accantonare.",
			"There are no staged changes to commit.\n\nWould you like to stage all your changes and commit them directly?": "Non ci sono modifiche preparate per il commit di cui eseguire il commit.\n\nPreparare per il commit tutte le modifiche ed eseguirne il commit direttamente?",
			"There are no staged changes to stash.": "Non sono presenti modifiche a fasi da accantonare.",
			"There are no stashes in the repository.": "Non ci sono accantonamenti nel repository.",
			"There are {0} unsaved files.\n\nWould you like to save them before committing?": "Sono presenti {0} file non salvati.\n\nSalvarli prima di eseguire il commit?",
			"There are {0} unsaved files.\n\nWould you like to save them before stashing?": "Sono presenti {0} file non salvati.\n\nSalvarli prima dell'accantonamento?",
			"There are {0} untracked files which will be DELETED FROM DISK if discarded.": "Se rimossi, {0} file di cui non viene tenuta traccia verranno ELIMINATI DAL DISCO.",
			"There were merge conflicts while applying the stash.": "Si sono verificati conflitti di merge durante l'applicazione dell'accantonamento.",
			"There were merge conflicts while cherry picking the changes. Resolve the conflicts before committing them.": "Si sono verificati conflitti di merge durante la selezione delle modifiche. Risolvere i conflitti prima di eseguirne il commit.",
			"This action will pull and push commits from and to \"{0}/{1}\".": "Questa azione eseguirà il pull e il push dei commit da e verso \"{0}/{1}\".",
			"This repository has no remotes configured to fetch from.": "Questo repository non ha remote configurati da cui eseguire un fetch.",
			"This will DELETE {0} untracked files!\nThis is IRREVERSIBLE!\nThese files will be FOREVER LOST.": "{0} file non verificati verranno ELIMINATI.\nQuesta operazione è IRREVERSIBILE.\nQuesti file andranno PERSI DEFINITIVAMENTE.",
			"This will create a Git repository in \"{0}\". Are you sure you want to continue?": "Questo creerà un repository Git in \"{0}\". Continuare?",
			"Too many changes were detected. Only the first {0} changes will be shown below.": "Sono state rilevate troppe modifiche. Di seguito verranno visualizzate solo le prime {0} modifiche.",
			"Type Changed": "Tipo modificato",
			"Unable to pull from remote repository due to conflicting tag(s): {0}. Would you like to resolve the conflict by replacing the local tag(s)?": "Non è possibile eseguire il pull dal repository remoto a causa di tag in conflitto: {0}. Risolvere il conflitto sostituendo i tag locali?",
			"Uncommitted Changes": "Modifiche non sottoposte a commit",
			"Undo merge commit": "Annulla commit di merge",
			"Untracked": "Non registrato",
			"Untracked Changes": "Modifiche non tracciate",
			"Update Git": "Aggiorna GIT",
			"View Commit": "Visualizza commit",
			"Would you like to add \"{0}\" to .gitignore?": "Aggiungere \"{0}\" a .gitignore?",
			"Would you like to open the cloned repository, or add it to the current workspace?": "Vuoi aprire il repository clonato o aggiungerlo all'area di lavoro corrente?",
			"Would you like to open the cloned repository?": "Aprire il repository clonato?",
			"Would you like to open the initialized repository, or add it to the current workspace?": "Aprire il repository inizializzato o aggiungerlo all'area di lavoro corrente?",
			"Would you like to open the initialized repository?": "Aprire il repository inizializzato?",
			"Would you like {0} to [periodically run \"git fetch\"]({1})?": "Si vuole che {0} [esegua periodicamente \"git fetch\"]({1})?",
			"Yes": "Sì",
			"Yes, Don't Show Again": "Sì, non visualizzare più questo messaggio",
			"You": "Utente",
			"You are about to commit your changes without verification, this skips pre-commit hooks and can be undesirable.\n\nAre you sure to continue?": "Si sta per eseguire il commit delle modifiche senza verifica. Con questa operazione gli hook pre-commit verranno ignorati e tale comportamento può non essere quello desiderato.\n\nContinuare?",
			"You are about to force push your changes, this can be destructive and could inadvertently overwrite changes made by others.\n\nAre you sure to continue?": "Si sta per eseguire il push forzato delle modifiche. Questa operazione può essere distruttiva e comportare la sovrascrittura accidentale di modifiche apportate da altri utenti.\n\nContinuare?",
			"You are trying to commit to a protected branch and you might not have permission to push your commits to the remote.\n\nHow would you like to proceed?": "Si sta tentando di eseguire il commit in un ramo protetto e potrebbe non essere disponibile l'autorizzazione per eseguire il push dei commit nel ramo remoto.\n\nCome procedere?",
			"You seem to have git \"{0}\" installed. Code works best with git >= 2": "La versione installata di GIT è la \"{0}\". Per il corretto funzionamento di Code è consigliabile usare una versione di GIT non inferiore alla 2.",
			"Your local changes would be overwritten by checkout.": "Le modifiche locali verranno sovrascritte dal checkout.",
			"Your repository has no remotes configured to publish to.": "Il repository non contiene elementi remoti configurati come destinazione della pubblicazione.",
			"Your repository has no remotes configured to pull from.": "Il repository non contiene elementi remoti configurati come origini del pull.",
			"Your repository has no remotes configured to push to.": "Il repository non contiene elementi remoti configurati come destinazione del push.",
			"Your repository has no remotes.": "Il repository non contiene repository remoti.",
			"[main] Log level: {0}": "[main] Livello di log: {0}",
			"[main] Skipped found git in: \"{0}\"": "[main] Il git trovato è stato ignorato in: \"{0}\"",
			"[main] Using git \"{0}\" from \"{1}\"": "[main] Uso di \"{0}\" da \"{1}\"",
			"[main] Validating found git in: \"{0}\"": "[main] Convalida del git trovato in: \"{0}\"",
			"branches": "rami",
			"in {0}": "in {0}",
			"no": "no",
			"now": "adesso",
			"remote branches": "rami remoti",
			"tags": "tag",
			"yes": "sì",
			"{0}\n\nThis is IRREVERSIBLE, your current working set will be FOREVER LOST.": "{0}\n\nQuesta operazione è IRREVERSIBILE. Il working set corrente andrà PERSO PER SEMPRE.",
			"{0} (Deleted)": "{0} (eliminato)",
			"{0} (Index)": "{0} (Indice)",
			"{0} (Intent to add)": "{0} (Finalità da aggiungere)",
			"{0} (Ours)": "{0} (versione utente)",
			"{0} (Theirs)": "{0} (versione server)",
			"{0} (Type changed)": "{0} (tipo modificato)",
			"{0} (Untracked)": "{0} (non tracciati)",
			"{0} (Working Tree)": "{0} (Albero di lavoro)",
			"{0} ({1})": "{0} ({1})",
			"{0} ({1}) ↔ {0} ({2})": "{0} ({1}) ↔ {0} ({2})",
			"{0} Checkout detached...": "{0} checkout scollegato...",
			"{0} Commit": "{0} Commit",
			"{0} Commit & Push": "{0}commit e push",
			"{0} Commit & Sync": "{0} commit e sincronizzazione",
			"{0} Commit (Amend)": "commit{0} (modifica)",
			"{0} Continue": "{0} Continua",
			"{0} Create new branch from...": "{0} Crea nuovo ramo da...",
			"{0} Create new branch...": "{0} Crea nuovo ramo...",
			"{0} Fetch all remotes": "{0} Recupera tutti i repository remoti",
			"{0} Publish Branch/{Locked=\"Branch\"}Do not translate \"Branch\" as it is a git term": "{0} Pubblica Branch",
			"{0} Sync Changes{1}{2}": "{0} Sincronizza modifiche{1}{2}",
			"{0} characters over {1} in current line": "{0} caratteri rispetto ai {1} disponibili nella riga corrente",
			"{0} day": "{0} giorno",
			"{0} day ago": "{0} giorno fa",
			"{0} days": "{0} giorni",
			"{0} days ago": "{0} giorni fa",
			"{0} hour": "{0} ora",
			"{0} hour ago": "{0} ora fa",
			"{0} hours": "{0} ore",
			"{0} hours ago": "{0} ore fa",
			"{0} hr": "{0} ora",
			"{0} hr ago": "{0} ora fa",
			"{0} hrs": "{0} ore",
			"{0} hrs ago": "{0} ore fa",
			"{0} min": "{0} min",
			"{0} min ago": "{0} min fa",
			"{0} mins": "{0} min",
			"{0} mins ago": "{0} min fa",
			"{0} minute": "{0} minuto",
			"{0} minute ago": "{0} minuto fa",
			"{0} minutes": "{0} minuti",
			"{0} minutes ago": "{0} minuti fa",
			"{0} mo": "{0} mese",
			"{0} mo ago": "{0} mese fa",
			"{0} month": "{0} mese",
			"{0} month ago": "{0} mese fa",
			"{0} months": "{0} mesi",
			"{0} months ago": "{0} mesi fa",
			"{0} mos": "{0} mesi",
			"{0} mos ago": "{0} mesi fa",
			"{0} sec": "{0} sec",
			"{0} sec ago": "{0} secondo fa",
			"{0} second": "{0} secondo",
			"{0} second ago": "{0} secondo fa",
			"{0} seconds": "{0} secondi",
			"{0} seconds ago": "{0} secondi fa",
			"{0} secs": "{0} sec",
			"{0} secs ago": "{0} secondi fa",
			"{0} week": "{0} settimana",
			"{0} week ago": "{0} settimana fa",
			"{0} weeks": "{0} settimane",
			"{0} weeks ago": "{0} settimane fa",
			"{0} wk": "{0} sett",
			"{0} wk ago": "{0} settimana fa",
			"{0} wks": "{0} settimane",
			"{0} wks ago": "{0} settimane fa",
			"{0} year": "{0} anno",
			"{0} year ago": "{0} anno fa",
			"{0} years": "{0} anni",
			"{0} years ago": "{0} anni fa",
			"{0} yr": "{0} anno",
			"{0} yr ago": "{0} anno fa",
			"{0} yrs": "{0} anni",
			"{0} yrs ago": "{0} anni fa",
			"{0} ↔ {1}": "{0} ↔ {1}"
		},
		"package": {
			"colors.added": "Colore delle risorse aggiunte.",
			"colors.blameEditorDecoration": "Colore per la decorazione dell'editor di segnalazione di errore.",
			"colors.conflict": "Colore delle risorse con conflitti.",
			"colors.deleted": "Colore delle risorse eliminate.",
			"colors.ignored": "Colore delle risorse ignorate.",
			"colors.incomingAdded": "Colore per la risorsa in ingresso aggiunta.",
			"colors.incomingDeleted": "Colore per la risorsa in ingresso eliminata.",
			"colors.incomingModified": "Colore per la risorsa in ingresso modificata.",
			"colors.incomingRenamed": "Colore per la risorsa in ingresso rinominata.",
			"colors.modified": "Colore delle risorse modificate.",
			"colors.renamed": "Colore delle risorse rinominate o copiate.",
			"colors.stageDeleted": "Colore per le risorse eliminate che sono state preparate per il commit.",
			"colors.stageModified": "Colore per le risorse modificate che sono state preparate per il commit.",
			"colors.submodule": "Colore delle risorse sottomodulo.",
			"colors.untracked": "Colore delle risorse non tracciate.",
			"command.addRemote": "Aggiungi repository remoto...",
			"command.api.getRemoteSources": "Ottieni Origini remote",
			"command.api.getRepositories": "Ottieni Repository",
			"command.api.getRepositoryState": "Ottieni Stato repository",
			"command.branch": "Crea ramo...",
			"command.branchFrom": "Crea ramo da...",
			"command.checkout": "Esegui checkout in...",
			"command.checkoutDetached": "Esegui checkout in (modalità scollegata)...",
			"command.checkoutRef": "Checkout",
			"command.checkoutRefDetached": "Checkout (scollegato)",
			"command.cherryPick": "Esegui cherry-pick...",
			"command.cherryPickAbort": "Interrompi cherry pick",
			"command.cherryPickRef": "Esegui cherry-pick",
			"command.clean": "Rimuovi modifiche",
			"command.cleanAll": "Rimuovi tutte le modifiche",
			"command.cleanAllTracked": "Rimuovi tutte le modifiche tracciate",
			"command.cleanAllUntracked": "Rimuovi tutte le modifiche non tracciate",
			"command.clone": "Clona",
			"command.cloneRecursive": "Clona (ricorsivo)",
			"command.close": "Chiudi repository",
			"command.closeAllDiffEditors": "Chiudi tutti gli editor diff",
			"command.closeAllUnmodifiedEditors": "Chiudi tutti gli editor non modificati",
			"command.closeOtherRepositories": "Chiudi altri repository",
			"command.commit": "Esegui commit",
			"command.commitAll": "Esegui commit di tutto",
			"command.commitAllAmend": "Esegui commit di tutto (modifica)",
			"command.commitAllAmendNoVerify": "Esegui commit di tutto (modifica, nessuna verifica)",
			"command.commitAllNoVerify": "Esegui commit di tutto (nessuna verifica)",
			"command.commitAllSigned": "Esegui commit di tutto (approvazione)",
			"command.commitAllSignedNoVerify": "Esegui commit di tutto (approvazione, nessuna verifica)",
			"command.commitAmend": "Commit (modifica)",
			"command.commitAmendNoVerify": "Esegui commit (modifica, nessuna verifica)",
			"command.commitEmpty": "Commit vuoto",
			"command.commitEmptyNoVerify": "Commit vuoto (nessuna verifica)",
			"command.commitMessageAccept": "Accettare messaggio di commit",
			"command.commitMessageDiscard": "Rimuovere messaggio di commit",
			"command.commitNoVerify": "Esegui commit (nessuna verifica)",
			"command.commitSigned": "Commit (disconnesso)",
			"command.commitSignedNoVerify": "Esegui commit (approvazione, nessuna verifica)",
			"command.commitStaged": "Esegui commit dei file preparati",
			"command.commitStagedAmend": "Esegui commit dei file preparati (modifica)",
			"command.commitStagedAmendNoVerify": "Esegui commit dei file preparati (modifica, nessuna verifica)",
			"command.commitStagedNoVerify": "Esegui commit dei file preparati (nessuna verifica)",
			"command.commitStagedSigned": "Esegui commit dei file preparati (approvazione)",
			"command.commitStagedSignedNoVerify": "Esegui commit dei file preparati (approvazione, nessuna verifica)",
			"command.continueInLocalClone": "Clona repository in locale e apri sul desktop...",
			"command.continueInLocalClone.qualifiedName": "Continuare a lavorare nel nuovo clone locale",
			"command.createTag": "Crea tag...",
			"command.deleteBranch": "Elimina ramo...",
			"command.deleteRemoteTag": "Elimina tag remoto...",
			"command.deleteTag": "Elimina tag...",
			"command.fetch": "Recupera",
			"command.fetchAll": "Recupera da tutti gli elementi remoti",
			"command.fetchPrune": "Recupera (elimina)",
			"command.git.acceptMerge": "Completa merge",
			"command.git.openMergeEditor": "Risolvi nell'editor di merge",
			"command.git.runGitMerge": "Conflitti di calcolo con Git",
			"command.git.runGitMergeDiff3": "Conflitti di calcolo con GIT (Diff3)",
			"command.ignore": "Aggiungi a .gitignore",
			"command.init": "Inizializza repository",
			"command.manageUnsafeRepositories": "Gestire repository non sicuri",
			"command.merge": "Esegui merge...",
			"command.mergeAbort": "Interrompi merge",
			"command.openAllChanges": "Apri tutte le modifiche",
			"command.openChange": "Apri modifiche",
			"command.openFile": "Apri file",
			"command.openHEADFile": "Apri File (HEAD)",
			"command.openRepositoriesInParentFolders": "Apri repository nelle cartelle padre",
			"command.openRepository": "Apri repository",
			"command.publish": "Pubblica ramo...",
			"command.pull": "Esegui pull",
			"command.pullFrom": "Pull da...",
			"command.pullRebase": "Esegui pull (Riassegna)",
			"command.push": "Esegui push",
			"command.pushFollowTags": "Esegui push (segui tag)",
			"command.pushFollowTagsForce": "Esegui push (segui tag, forzato)",
			"command.pushForce": "Esegui push (Forza)",
			"command.pushTags": "Esegui push dei tag",
			"command.pushTo": "Esegui push in...",
			"command.pushToForce": "Push in... (Forza)",
			"command.rebase": "Riassegna ramo...",
			"command.rebaseAbort": "Interrompi riassegnazione",
			"command.refresh": "Aggiorna",
			"command.removeRemote": "Rimuovi repository remoto",
			"command.rename": "Rinomina",
			"command.renameBranch": "Rinomina Branch...",
			"command.reopenClosedRepositories": "Riapri repository chiusi...",
			"command.restoreCommitTemplate": "Ripristina il modello di Commit",
			"command.revealFileInOS.linux": "Aprire cartella superiore",
			"command.revealFileInOS.mac": "Visualizzare in Finder",
			"command.revealFileInOS.windows": "Visualizza in Esplora file",
			"command.revealInExplorer": "Visualizza nella vista Esplora risorse",
			"command.revertChange": "Annulla modifica",
			"command.revertSelectedRanges": "Ripristina intervalli selezionati",
			"command.showOutput": "Mostra output GIT",
			"command.stage": "Prepara modifiche per commit",
			"command.stageAll": "Prepara tutte le modifiche per commit",
			"command.stageAllMerge": "Prepara per il commit tutte le modifiche di merge",
			"command.stageAllTracked": "Prepara per il commit tutte le modifiche non tracciate",
			"command.stageAllUntracked": "Prepara per commit tutte le modifiche non tracciate",
			"command.stageBlock": "Blocco fase",
			"command.stageChange": "Prepara modifica per commit",
			"command.stageSelectedRanges": "Prepara per il commit intervalli selezionati",
			"command.stageSelection": "Selezione fase",
			"command.stash": "Accantona",
			"command.stashApply": "Applica Stash...",
			"command.stashApplyEditor": "Applica accantonamento",
			"command.stashApplyLatest": "Applica ultimo Stash",
			"command.stashDrop": "Rimuovi accantonamento...",
			"command.stashDropAll": "Rimuovi tutti gli accantonamenti...",
			"command.stashDropEditor": "Rimuovi accantonamento",
			"command.stashIncludeUntracked": "Stash (includi non tracciate)",
			"command.stashPop": "Preleva accantonamento...",
			"command.stashPopEditor": "Preleva accantonamento",
			"command.stashPopLatest": "Preleva accantonamento più recente",
			"command.stashStaged": "Accantonamento a fasi",
			"command.stashView": "Visualizza accantonamento...",
			"command.sync": "Sincronizza",
			"command.syncRebase": "Sincronizza (Rebase)",
			"command.timelineCompareWithSelected": "Confronta con selezionati",
			"command.timelineCopyCommitId": "Copia ID commit",
			"command.timelineCopyCommitMessage": "Copia messaggio di commit",
			"command.timelineOpenDiff": "Apri modifiche",
			"command.timelineSelectForCompare": "Seleziona per il confronto",
			"command.undoCommit": "Annulla ultimo commit",
			"command.unstage": "Annulla preparazione modifiche per commit",
			"command.unstageAll": "Annulla preparazione di tutte le modifiche per commit",
			"command.unstageSelectedRanges": "Annulla preparazione per il commit di intervalli selezionati",
			"command.viewAllChanges": "Visualizza tutte le modifiche",
			"command.viewChanges": "Visualizza modifiche",
			"command.viewCommit": "Visualizza commit",
			"command.viewStagedChanges": "Visualizza modifiche preparate per il commit",
			"command.viewUntrackedChanges": "Visualizza modifiche non tracciate",
			"config.allowForcePush": "Controlla se il push forzato (con o senza lease) è abilitato.",
			"config.allowNoVerifyCommit": "Controlla se consentire i commit senza l'esecuzione di hook pre-commit e commit-msg.",
			"config.alwaysShowStagedChangesResourceGroup": "Mostra sempre il gruppo di risorse Modifiche preparate per il commit.",
			"config.alwaysSignOff": "Controlla il flag di signoff per tutti i commit.",
			"config.autoRepositoryDetection": "Configura quando il repository dovrebbe essere rilevato automaticamente.",
			"config.autoRepositoryDetection.false": "Disabilita la scansione automatica del repository.",
			"config.autoRepositoryDetection.openEditors": "Esegue la scansione per individuare le cartelle padre dei file aperti.",
			"config.autoRepositoryDetection.subFolders": "Esegue la scansione per individuare le sottocartelle della cartella attualmente aperta.",
			"config.autoRepositoryDetection.true": "Esegue la scansione per individuare le sottocartelle della cartella attualmente aperta e le cartelle padre dei file aperti.",
			"config.autoStash": "Accantona eventuali modifiche prima del pull e le ripristina dopo un pull riuscito.",
			"config.autofetch": "Quando è impostata su true, i commit verranno recuperati automaticamente dal repository remoto del repository GIT corrente. Se è impostata su `all`, verranno recuperati da tutti i repository remoti.",
			"config.autofetchPeriod": "Durata in secondi tra ogni git fetch automatico, quando è abilitata l'opzione `#git.autofetch#`.",
			"config.autorefresh": "Indica se l'aggiornamento automatico è abilitato.",
			"config.blameEditorDecoration.enabled": "Controlla se visualizzare le informazioni di segnalazione errore nell'editor usando le decorazioni dell'editor.",
			"config.blameEditorDecoration.template": "Modello per la decorazione dell'editor delle informazioni di segnalazione errore. Variabili supportate:\r\n\r\n* `hash`: hash di commit\r\n\r\n* 'hashShort': primi 8 caratteri dell'hash di commit\r\n\r\n* 'subject': prima riga del messaggio di commit\r\n\r\n* 'authorName': nome dell'autore\r\n\r\n* 'authorEmail': indirizzo e-mail dell'autore\r\n\r\n* 'authorDate': data dell'autore\r\n\r\n* 'authorDateAgo': differenza di orario tra il momento attuale e la data dell'autore\r\n\r\n",
			"config.blameStatusBarItem.enabled": "Controlla se visualizzare le informazioni di segnalazione errore nella barra di stato.",
			"config.blameStatusBarItem.template": "Modello per l'elemento della barra di stato delle informazioni di segnalazione errore. Variabili supportate:\r\n\r\n* `hash`: hash di commit\r\n\r\n* 'hashShort': primi 8 caratteri dell'hash di commit\r\n\r\n* 'subject': prima riga del messaggio di commit\r\n\r\n* 'authorName': nome dell'autore\r\n\r\n* 'authorEmail': indirizzo e-mail dell'autore\r\n\r\n* 'authorDate': data dell'autore\r\n\r\n* 'authorDateAgo': differenza di orario tra il momento attuale e la data dell'autore\r\n\r\n",
			"config.branchPrefix": "Prefisso usato per la creazione di un nuovo ramo.",
			"config.branchProtection": "Elenco di rami protetti. Per impostazione predefinita, viene visualizzato un prompt prima del commit delle modifiche in un ramo protetto. È possibile controllare la richiesta usando l'impostazione '#git.branchProtectionPrompt#'.",
			"config.branchProtectionPrompt": "Controlla se viene visualizzato un prompt prima del commit delle modifiche in un ramo protetto.",
			"config.branchProtectionPrompt.alwaysCommit": "Eseguire sempre il commit delle modifiche nel ramo protetto.",
			"config.branchProtectionPrompt.alwaysCommitToNewBranch": "Eseguire il commit delle modifiche apportate a un nuovo ramo.",
			"config.branchProtectionPrompt.alwaysPrompt": "Chiedere sempre conferma prima di eseguire il commit delle modifiche in un ramo protetto.",
			"config.branchRandomNameDictionary": "Elenco di dizionari usati per il nome del ramo generato in modo casuale. Ogni valore rappresenta il dizionario utilizzato per generare il segmento del nome del ramo. Dizionari supportati: 'aggettivi', 'animali', 'colori' e 'numeri'.",
			"config.branchRandomNameDictionary.adjectives": "Aggettivo casuale",
			"config.branchRandomNameDictionary.animals": "Nome animale casuale",
			"config.branchRandomNameDictionary.colors": "Nome colore casuale",
			"config.branchRandomNameDictionary.numbers": "Un un numero casuale compreso tra 100 e 999",
			"config.branchRandomNameEnable": "Controlla se viene generato un nome casuale durante la creazione di un nuovo ramo.",
			"config.branchSortOrder": "Controlla l'ordinamento per i rami.",
			"config.branchValidationRegex": "Un'espressione regolare per validare i nomi delle nuove branch.",
			"config.branchWhitespaceChar": "Carattere per sostituire gli spazi vuoti nei nuovi nomi di ramo e per separare i segmenti di un nome di ramo generato in modo casuale.",
			"config.checkoutType": "Controlla il tipo di riferimenti Git elencati quando si esegue `Esegui checkout in...`.",
			"config.checkoutType.local": "Rami locali",
			"config.checkoutType.remote": "Rami remoti",
			"config.checkoutType.tags": "Tag",
			"config.closeDiffOnOperation": "Controllare se l'editor diff deve essere chiuso automaticamente quando le modifiche vengono accantonate, salvate, rimosse, preparate per il commit o non preparate per il commit.",
			"config.commandsToLog": "Elenco di comandi GIT (ad esempio commit, push) per i quali verrebbe registrato il relativo 'stdout' nel [git output](command:git.showOutput). Se per il comando GIT è configurato un hook lato client, verrà registrato anche il valore 'stdout' dell'hook lato client nel [git output](command:git.showOutput).",
			"config.confirmEmptyCommits": "Conferma sempre la creazione di commit vuoti per il comando 'Git: Commit vuoto'.",
			"config.confirmForcePush": "Controlla se chiedere conferma prima di eseguire il push forzato.",
			"config.confirmNoVerifyCommit": "Controlla se chiedere conferma prima di eseguire il commit senza verifica.",
			"config.confirmSync": "Confermare prima di sincronizzare i repository Git.",
			"config.countBadge": "Controlla la notifica del conteggio GIT.",
			"config.countBadge.all": "Esegue il conteggio di tutte le modifiche.",
			"config.countBadge.off": "Disattiva il contatore.",
			"config.countBadge.tracked": "Esegue il conteggio solo delle revisioni.",
			"config.decorations.enabled": "Controlla se GIT aggiunge come contributo colori e notifiche nelle visualizzazioni Esplora risorse e Editor aperti.",
			"config.defaultBranchName": "Nome del ramo predefinito (ad esempio principale, tronco, sviluppo) durante l'inizializzazione di un nuovo repository Git. Se impostato su vuoto, verrà usato il nome del ramo predefinito configurato in Git. **Nota:** richiede la versione Git `2.28.0` o successiva.",
			"config.defaultCloneDirectory": "Il percorso predefinito in cui clonare un repository Git.",
			"config.detectSubmodules": "Controlla se rilevare automaticamente i moduli secondari Git.",
			"config.detectSubmodulesLimit": "Controlla il limite dei sottomoduli Git rilevati.",
			"config.discardAllScope": "Controlla quali modifiche vengono rimosse tramite il comando `Rimuovi tutte le modifiche`. Con `all` vengono rimosse tutte le modifiche. Con `tracked` vengono rimossi solo i file di cui viene tenuta traccia. Con `prompt` viene visualizzata una finestra di dialogo ogni volta che si esegue l'azione.",
			"config.enableCommitSigning": "Abilita la firma del commit con GPG, X.509, o SSH.",
			"config.enableSmartCommit": "Eseguire il commit di tutte le modifiche quando non ci sono modifiche preparate.",
			"config.enableStatusBarSync": "Controlla se il comando Git Sync è visualizzato nella barra di stato.",
			"config.enabled": "Indica se Git è abilitato.",
			"config.experimental.installGuide": "Miglioramenti sperimentali per il flusso di installazione di Git.",
			"config.fetchOnPull": "Quando è abilitato, recupera tutti i rami durante il pulling; altrimenti recupera solo il ramo corrente.",
			"config.followTagsWhenSync": "Eseguire il push di tutti i tag durante l'esecuzione del comando di sincronizzazione.",
			"config.ignoreLegacyWarning": "Ignora l'avvertimento legacy di Git.",
			"config.ignoreLimitWarning": "Ignora il messaggio di avviso quando ci sono troppe modifiche in un repository.",
			"config.ignoreMissingGitWarning": "Ignora il messaggio di avviso quando manca GIT.",
			"config.ignoreRebaseWarning": "Ignora l'avviso quando il ramo potrebbe essere stato riassegnato durante il pull.",
			"config.ignoreSubmodules": "Ignora le modifiche apportate ai moduli secondari nell'albero dei file.",
			"config.ignoreWindowsGit27Warning": "Ignora il messaggio di avviso quando Git 2.25 - 2.26 è installato in Windows.",
			"config.ignoredRepositories": "Elenco dei repository Git da ignorare.",
			"config.inputValidation": "Consente di determinare se visualizzare la diagnostica di convalida dell'input del messaggio di commit.",
			"config.inputValidationLength": "Controlla la soglia di lunghezza del messaggio di commit per mostrare un avviso.",
			"config.inputValidationSubjectLength": "Controlla la soglia relativa alla lunghezza dell'oggetto del messaggio di commit per la visualizzazione di un avviso. Annulla l'impostazione per ereditare il valore di '#git.inputValidationLength#'.",
			"config.mergeEditor": "Apri l'editor merge per i file attualmente in conflitto.",
			"config.openAfterClone": "Controlla se aprire automaticamente un repository dopo la clonazione.",
			"config.openAfterClone.always": "Apri sempre nella finestra corrente.",
			"config.openAfterClone.alwaysNewWindow": "Apri sempre in una nuova finestra.",
			"config.openAfterClone.prompt": "Richiedi sempre l'azione da eseguire.",
			"config.openAfterClone.whenNoFolderOpen": "Apri solo nella finestra corrente quando non è alcuna cartella.",
			"config.openDiffOnClick": "Controlla se aprire l'editor diff quando si fa clic su una modifica; in caso contrario verrà aperto l'editor normale.",
			"config.openRepositoryInParentFolders": "Controllare se un repository nelle cartelle padre delle aree di lavoro o dei file aperti deve essere aperto.",
			"config.openRepositoryInParentFolders.always": "Aprire sempre un repository in cartelle padre di aree di lavoro o file aperti.",
			"config.openRepositoryInParentFolders.never": "Non aprire mai un repository in cartelle padre di aree di lavoro o file aperti.",
			"config.openRepositoryInParentFolders.prompt": "Chiedere conferma prima di aprire un repository nelle cartelle padre dell'area di lavoro o dei file aperti.",
			"config.optimisticUpdate": "Controlla se aggiornare in modo ottimistico lo stato della visualizzazione Controllo del codice sorgente dopo l'esecuzione dei comandi GIT.",
			"config.path": "Percorso e nome file dell'eseguibile GIT, ad esempio `C:\\Programmi\\Git\\bin\\git.exe` (Windows). Può trattarsi di una matrice di valori stringa che contengono più percorsi da cercare.",
			"config.postCommitCommand": "Esegui un comando Git dopo un commit riuscito.",
			"config.postCommitCommand.none": "Non eseguire alcun comando dopo un commit.",
			"config.postCommitCommand.push": "Esegui 'Git Push' dopo un commit riuscito.",
			"config.postCommitCommand.sync": "Esegui 'Git Pull' e 'Git Push' dopo un commit riuscito.",
			"config.promptToSaveFilesBeforeCommit": "Controlla se GIT deve verificare la presenza di file non salvati prima di eseguire il commit.",
			"config.promptToSaveFilesBeforeCommit.always": "Verifica la presenza di eventuali file non salvati.",
			"config.promptToSaveFilesBeforeCommit.never": "Disabilita questo controllo.",
			"config.promptToSaveFilesBeforeCommit.staged": "Verificare solo la presenza di file di stage non salvati.",
			"config.promptToSaveFilesBeforeStash": "Controlla se GIT deve verificare la presenza di file non salvati prima di accantonare le modifiche.",
			"config.promptToSaveFilesBeforeStash.always": "Verifica la presenza di eventuali file non salvati.",
			"config.promptToSaveFilesBeforeStash.never": "Disabilita questo controllo.",
			"config.promptToSaveFilesBeforeStash.staged": "Verificare solo la presenza di file di stage non salvati.",
			"config.pruneOnFetch": "Elimina durante il recupero.",
			"config.publishBeforeContinueOn": "Chiedi conferma per pubblicare lo stato Git non pubblicato quando si usa Continua a lavorare da un repository Git.",
			"config.publishBeforeContinueOn.always": "Pubblica sempre lo stato Git non pubblicato quando si usa Continua a lavorare da un repository Git",
			"config.publishBeforeContinueOn.never": "Non pubblicare mai lo stato Git non pubblicato quando si usa Continua a lavorare da un repository Git",
			"config.publishBeforeContinueOn.prompt": "Chiedi conferma per pubblicare lo stato Git non pubblicato quando si usa Continua a lavorare da un repository Git",
			"config.pullBeforeCheckout": "Controlla se un ramo che non dispone di commit in uscita viene inoltrato rapidamente prima di essere estratto.",
			"config.pullTags": "Recupera tutti i tag durante il pull.",
			"config.rebaseWhenSync": "Forza Git a usare rebase durante l'esecuzione del comando di sincronizzazione.",
			"config.rememberPostCommitCommand": "Ricorda l'ultimo comando Git eseguito dopo un commit.",
			"config.replaceTagsWhenPull": "Sostituisci automaticamente i tag locali con i tag remoti in caso di conflitto durante l'esecuzione del comando pull.",
			"config.repositoryScanIgnoredFolders": "Elenco di cartelle ignorate durante l'analisi dei repository GIT quando '#git.autoRepositoryDetection#' è impostato su 'true' o 'subFolders'.",
			"config.repositoryScanMaxDepth": "Controlla la profondità usata per l'analisi delle cartelle dell'area di lavoro per i repository GIT quando '#git.autoRepositoryDetection#' è impostato su 'true' o 'subFolders'. Può essere impostato su '-1' per nessun limite.",
			"config.requireGitUserConfig": "Controlla se richiedere la configurazione esplicita dell'utente GIT o lasciare che sia GIT a indovinarla se non è presente.",
			"config.scanRepositories": "Elenco dei percorsi in cui cercare i repository Git.",
			"config.showActionButton": "Consente di controllare se è visualizzato un pulsante di azione nella visualizzazione del codice sorgente.",
			"config.showActionButton.commit": "Mostrare un pulsante di azione per eseguire il commit delle modifiche quando il ramo locale ha modificato i file pronti per il commit.",
			"config.showActionButton.publish": "Mostrare un pulsante di azione per pubblicare il ramo locale quando non è disponibile un ramo remoto di rilevamento.",
			"config.showActionButton.sync": "Mostrare un pulsante di azione per sincronizzare le modifiche quando il ramo locale è avanti o dietro il ramo remoto.",
			"config.showCommitInput": "Controlla se mostrare l'input del commit nel pannello del controllo del codice sorgente GIT.",
			"config.showInlineOpenFileAction": "Controlla se visualizzare un'azione Apri file inline nella visualizzazione modifiche GIT.",
			"config.showProgress": "Determina se le azioni Git devono mostrare lo stato di avanzamento.",
			"config.showPushSuccessNotification": "Controlla se visualizzare una notifica quando un push è avvenuto con successo.",
			"config.similarityThreshold": "Controlla la soglia dell'indice di somiglianza, ovvero la quantità di aggiunte/eliminazioni rispetto alle dimensioni del file, per le modifiche in una coppia di file aggiunti/eliminati da considerare per l’assegnazione di un nuovo nome. **Nota:** richiede la versione Git `2.18.0` o successiva.",
			"config.smartCommitChanges": "Controlla quali modifiche vengono automaticamente preparate per il commit da Commit intelligente.",
			"config.smartCommitChanges.all": "Prepara automaticamente tutte le modifiche per il commit.",
			"config.smartCommitChanges.tracked": "Solo modifiche tracciate automaticamente preparate per il commit.",
			"config.statusLimit": "Controlla come limitare il numero di modifiche che è possibile analizzare dal comando di stato GIT. Può essere impostato su 0 per non porre alcun limite.",
			"config.suggestSmartCommit": "Suggerisce di abilitare il commit intelligente (eseguire il commit di tutte le modifiche quando non ci sono modifiche preparate per il commit).",
			"config.supportCancellation": "Controlla se durante l'esecuzione dell'azione Sync viene inviata una notifica, che consente all'utente di annullare l'operazione.",
			"config.terminalAuthentication": "Controlla se abilitare VS Code come gestore di autenticazione per i processi Git generati nel terminale integrato. Nota: per rendere effettiva una modifica di questa impostazione, è necessario riavviare i terminali.",
			"config.terminalGitEditor": "Controlla se abilitare VS Code come gestore di autenticazione per i processi Git generati nel terminale integrato. Nota: per rendere effettiva una modifica di questa impostazione, è necessario riavviare i terminali.",
			"config.timeline.date": "Controlla la data da usare per gli elementi nella visualizzazione Sequenza temporale.",
			"config.timeline.date.authored": "Usa la data di creazione",
			"config.timeline.date.committed": "Usa la data di commit",
			"config.timeline.showAuthor": "Controlla se visualizzare l'autore del commit nella visualizzazione Sequenza temporale.",
			"config.timeline.showUncommitted": "Controlla se visualizzare le modifiche di cui non è stato eseguito il commit nella visualizzazione Sequenza temporale.",
			"config.untrackedChanges": "Controlla il comportamento delle modifiche non tracciate.",
			"config.untrackedChanges.hidden": "Le modifiche non tracciate vengono nascoste ed escluse da diverse azioni.",
			"config.untrackedChanges.mixed": "Tutte le modifiche, tracciate e non tracciate, vengono visualizzate insieme e si comportano allo stesso modo.",
			"config.untrackedChanges.separate": "Le modifiche non tracciate vengono visualizzate separatamente nella visualizzazione Controllo del codice sorgente. Sono inoltre escluse da diverse azioni.",
			"config.useCommitInputAsStashMessage": "Controlla se usare il messaggio della casella di input di commit come messaggio predefinito per l'accantonamento.",
			"config.useEditorAsCommitInput": "Controlla se verrà usato un editor full-text per creare messaggi di commit ogni volta che non viene specificato alcun messaggio nella casella di input di commit.",
			"config.useForcePushIfIncludes": "Controlla se il push forzato usa la variante più sicura di forzatura con if-includes. Nota: questa impostazione richiede l'abilitazione dell'impostazione '#git.useForcePushWithLease#' e della versione GIT '2.30.0' o successiva.",
			"config.useForcePushWithLease": "Controlla se il push forzato usa la variante più sicura di forzatura con lease.",
			"config.useIntegratedAskPass": "Controlla se GIT_ASKPASS deve essere sovrascritto per usare la versione integrata.",
			"config.verboseCommit": "Abilita l'output dettagliato quando '#git.useEditorAsCommitInput#' è abilitato.",
			"description": "Integrazione SCM su Git",
			"displayName": "GIT",
			"submenu.branch": "Crea ramo",
			"submenu.changes": "Modifiche",
			"submenu.commit": "Esegui commit",
			"submenu.commit.amend": "Modifica",
			"submenu.commit.signoff": "Approva",
			"submenu.explorer": "GIT",
			"submenu.pullpush": "Esegui pull/push",
			"submenu.remotes": "Repository remoto",
			"submenu.stash": "Accantona",
			"submenu.tags": "Tag",
			"view.workbench.cloneRepository": "È possibile clonare un repository in locale.\r\n[Clona repository](command:git.clone 'Clona un repository dopo l'attivazione dell'estensione Git')",
			"view.workbench.learnMore": "Per altre informazioni su come usare Git e il controllo del codice sorgente in VS Code, [leggere la documentazione](https://aka.ms/vscode-scm).",
			"view.workbench.scm.closedRepositories": "Sono stati trovati repository Git chiusi in precedenza.\r\n[Riapri i repository chiusi](command:git.reopenClosedRepositories)\r\nPer altre informazioni su come usare Git e il controllo del codice sorgente in VS Code, [leggere la documentazione](https://aka.ms/vscode-scm).",
			"view.workbench.scm.closedRepository": "È stato trovato un repository Git chiuso in precedenza.\r\n[Riapri repository chiuso](command:git.reopenClosedRepositories)\r\nPer altre informazioni su come usare Git e il controllo del codice sorgente in VS Code, [leggere la documentazione](https://aka.ms/vscode-scm).",
			"view.workbench.scm.disabled": "Per usare le funzionalità Git, abilitare Git in [impostazioni](command:workbench.action.openSettings?%5B%22git.enabled%22%5D).\r\nPer altre informazioni su come usare Git e il controllo del codice sorgente in VS Code, [leggere la documentazione](https://aka.ms/vscode-scm).",
			"view.workbench.scm.empty": "Per usare le funzioni di Git, è possibile aprire una cartella contenente un repository Git o un clone da un URL.\r\n[Open Folder](command:vscode.openFolder)\r\n[Clone Repository](command:git.clone)\r\nPer altre informazioni su come usare Git e il controllo del codice sorgente in VS Code, [leggere la documentazione](https://aka.ms/vscode-scm).",
			"view.workbench.scm.emptyWorkspace": "L'area di lavoro attualmente aperta non contiene cartelle con repository Git.\r\n[Add Folder to Workspace](command:workbench.action.addRootFolder)\r\nPer altre informazioni su come usare Git e il controllo del codice sorgente in VS Code, [leggere la documentazione](https://aka.ms/vscode-scm).",
			"view.workbench.scm.folder": "La cartella attualmente aperta non contiene un repository Git. È possibile inizializzare un repository che abiliterà le funzionalità di controllo del codice sorgente basate su Git.\r\n[Inizializza repository](command:git.init?%5Btrue%5D)\r\nPer altre informazioni su come usare Git e il controllo del codice sorgente in VS Code, [leggere la documentazione](https://aka.ms/vscode-scm).",
			"view.workbench.scm.missing": "Installare Git, un sistema di controllo del codice sorgente più richiesto, per tenere traccia delle modifiche al codice e collaborare con altri utenti. Per altre informazioni, vedere le [Git guides](https://aka.ms/vscode-scm).",
			"view.workbench.scm.missing.linux": "Il controllo del codice sorgente dipende dall'installazione di Git.\r\n[Download Git for Linux](https://git-scm.com/download/linux)\r\nDopo l'installazione, si prega di [reload](command:workbench.action.reloadWindow) (or [troubleshoot](command:git.showOutput)). È possibile installare altri provider del controllo del codice sorgente [from the Marketplace](command:workbench.extensions.search?%22%40category%3A%5C%22scm%20providers%5C%22%22).",
			"view.workbench.scm.missing.mac": "[Download Git for macOS](https://git-scm.com/download/mac)\r\nDopo l'installazione, [reload](command:workbench.action.reloadWindow) (o [troubleshoot](command:git.showOutput)). È possibile installare altri provider del controllo del codice sorgente [from the Marketplace](command:workbench.extensions.search?%22%40category%3A%5C%22scm%20provider%5C%22%22).",
			"view.workbench.scm.missing.windows": "[Download Git for Windows](https://git-scm.com/download/win)\r\nDopo l'installazione, [reload](command:workbench.action.reloadWindow) (o [troubleshoot](command:git.showOutput)). È possibile installare altri provider del controllo del codice sorgente [from the Marketplace](command:workbench.extensions.search?%22%40category%3A%5C%22scm%20provider%5C%22%22).",
			"view.workbench.scm.repositoriesInParentFolders": "Repository git sono stati trovati nelle cartelle padre dell'area di lavoro o dei file aperti.\r\n[Apri repository](command:git.openRepositoriesInParentFolders)\r\nUsare l'impostazione [git.openRepositoryInParentFolders](command:workbench.action.openSettings?%5B%22git.openRepositoryInParentFolders%22%5D) per controllare se i repository Git nelle cartelle padre delle aree di lavoro o dei file aperti sono aperti. Per altre informazioni [leggere la documentazione](https://aka.ms/vscode-git-repository-in-parent-folders).",
			"view.workbench.scm.repositoryInParentFolders": "Un repository Git è stato trovato nelle cartelle padre dell'area di lavoro o dei file aperti.\r\n[Apri repository](command:git.openRepositoriesInParentFolders)\r\nUsare l'impostazione [git.openRepositoryInParentFolders](command:workbench.action.openSettings?%5B%22git.openRepositoryInParentFolders%22%5D) per controllare se i repository Git nelle cartelle padre delle aree di lavoro o dei file aperti sono aperti. Per altre informazioni [leggere la documentazione](https://aka.ms/vscode-git-repository-in-parent-folders).",
			"view.workbench.scm.scanFolderForRepositories": "Analisi della cartella per i repository Git in corso...",
			"view.workbench.scm.scanWorkspaceForRepositories": "Analisi dell'area di lavoro per i repository Git in corso...",
			"view.workbench.scm.unsafeRepositories": "I repository Git rilevati sono potenzialmente pericolosi perché la cartella è di proprietà di un utente diverso dall'utente corrente.\r\n[Gestisci repository non sicuri](command:git.manageUnsafeRepositories)\r\nPer altre informazioni sui repository non sicuri [leggere la nostra documentazione](https://aka.ms/vscode-git-unsafe-repository).",
			"view.workbench.scm.unsafeRepository": "Il repository Git rilevato è potenzialmente pericoloso perché la cartella è di proprietà di un utente diverso dall'utente corrente.\r\n[Gestisci repository non sicuri](command:git.manageUnsafeRepositories)\r\nPer altre informazioni sui repository non sicuri [leggere la nostra documentazione](https://aka.ms/vscode-git-unsafe-repository).",
			"view.workbench.scm.workspace": "L'area di lavoro attualmente aperta non contiene cartelle con repository Git. È possibile inizializzare un repository in una cartella che abiliterà le funzionalità di controllo del codice sorgente basate su Git.\r\n[Inizializza repository](command:git.init)\r\nPer altre informazioni su come usare Git e il controllo del codice sorgente in VS Code, [leggere la documentazione](https://aka.ms/vscode-scm)."
		}
	}
}