{
	"": [
		"--------------------------------------------------------------------------------------------",
		"Copyright (c) Microsoft Corporation. All rights reserved.",
		"Licensed under the MIT License. See License.txt in the project root for license information.",
		"--------------------------------------------------------------------------------------------",
		"Do not edit this file. It is machine generated."
	],
	"version": "1.0.0",
	"contents": {
		"bundle": {
			"...1 additional file not shown": "...1 æððïtïøñæl fïlë ñøt shøwñ",
			"...{0} additional files not shown": "...{0} æððïtïøñæl fïlës ñøt shøwñ",
			"Allow all content and script execution. Not recommended": "Ælløw æll çøñtëñt æñð sçrïpt ëxëçµtïøñ. Ñøt rëçømmëñðëð",
			"Allow insecure content": "Ælløw ïñsëçµrë çøñtëñt",
			"Allow insecure local content": "Ælløw ïñsëçµrë løçæl çøñtëñt",
			"Always": "Ælwæÿs",
			"An unexpected error occurred while restoring the Markdown preview.": "Æñ µñëxpëçtëð ërrør øççµrrëð whïlë rëstørïñg thë Mærkðøwñ prëvïëw.",
			"Checking for Markdown links to update": "Çhëçkïñg før Mærkðøwñ lïñks tø µpðætë",
			"Content Disabled Security Warning": "Çøñtëñt Ðïsæþlëð §ëçµrïtÿ Wærñïñg",
			"Could not load 'markdown.styles': {0}": "Çøµlð ñøt løæð 'mærkðøwñ.stÿlës': {0}",
			"Could not open {0}": "Çøµlð ñøt øpëñ {0}",
			"Disable": "Ðïsæþlë",
			"Disable preview security warning in this workspace": "Ðïsæþlë prëvïëw sëçµrïtÿ wærñïñg ïñ thïs wørkspæçë",
			"Does not affect the content security level": "Ðøës ñøt æffëçt thë çøñtëñt sëçµrïtÿ lëvël",
			"Enable loading content over http": "Ëñæþlë løæðïñg çøñtëñt øvër http",
			"Enable loading content over http served from localhost": "Ëñæþlë løæðïñg çøñtëñt øvër http sërvëð frøm løçælhøst",
			"Enable preview security warnings in this workspace": "Ëñæþlë prëvïëw sëçµrïtÿ wærñïñgs ïñ thïs wørkspæçë",
			"Exclude '{0}' from link validation.": "Ëxçlµðë '{0}' frøm lïñk vælïðætïøñ.",
			"Extract to link definition": "Ëxtræçt tø lïñk ðëfïñïtïøñ",
			"File does not exist at path: {0}": "Fïlë ðøës ñøt ëxïst æt pæth: {0}",
			"Find file references failed. No resource provided.": "Fïñð fïlë rëfërëñçës fæïlëð. Ñø rësøµrçë prøvïðëð.",
			"Finding file references": "Fïñðïñg fïlë rëfërëñçës",
			"Follow link": "Følløw lïñk",
			"Go to link definition": "Gø tø lïñk ðëfïñïtïøñ",
			"Header does not exist in file: {0}": "Hëæðër ðøës ñøt ëxïst ïñ fïlë: {0}",
			"Insert Markdown Audio": "Ïñsërt Mærkðøwñ Æµðïø",
			"Insert Markdown Image": "Ïñsërt Mærkðøwñ Ïmægë",
			"Insert Markdown Images": "Ïñsërt Mærkðøwñ Ïmægës",
			"Insert Markdown Images and Links": "Ïñsërt Mærkðøwñ Ïmægës æñð £ïñks",
			"Insert Markdown Link": "Ïñsërt Mærkðøwñ £ïñk",
			"Insert Markdown Links": "Ïñsërt Mærkðøwñ £ïñks",
			"Insert Markdown Media": "Ïñsërt Mærkðøwñ Mëðïæ",
			"Insert Markdown Media and Images": "Ïñsërt Mærkðøwñ Mëðïæ æñð Ïmægës",
			"Insert Markdown Media and Links": "Ïñsërt Mærkðøwñ Mëðïæ æñð £ïñks",
			"Insert Markdown Video": "Ïñsërt Mærkðøwñ Vïðëø",
			"Insert image": "Ïñsërt ïmægë",
			"Insert link": "Ïñsërt lïñk",
			"Link definition for '{0}' already exists": "£ïñk ðëfïñïtïøñ før '{0}' ælrëæðÿ ëxïsts",
			"Link definition is unused": "£ïñk ðëfïñïtïøñ ïs µñµsëð",
			"Link is already a reference": "£ïñk ïs ælrëæðÿ æ rëfërëñçë",
			"Link is also defined here": "£ïñk ïs ælsø ðëfïñëð hërë",
			"Link to '# {0}' in '{1}'": "£ïñk tø '# {0}' ïñ '{1}'",
			"Link to '{0}'": "£ïñk tø '{0}'",
			"Markdown Language Server": "Mærkðøwñ £æñgµægë §ërvër",
			"Media": "Mëðïæ",
			"More Information": "Mørë Ïñførmætïøñ",
			"Never": "Ñëvër",
			"No": "Ñø",
			"No header found: '{0}'": "Ñø hëæðër føµñð: '{0}'",
			"No link definition found: '{0}'": "Ñø lïñk ðëfïñïtïøñ føµñð: '{0}'",
			"Not on link": "Ñøt øñ lïñk",
			"Only load secure content": "Øñlÿ løæð sëçµrë çøñtëñt",
			"Paste and update pasted links": "Pæstë æñð µpðætë pæstëð lïñks",
			"Potentially unsafe or insecure content has been disabled in the Markdown preview. Change the Markdown preview security setting to allow insecure content or enable scripts": "Pøtëñtïællÿ µñsæfë ør ïñsëçµrë çøñtëñt hæs þëëñ ðïsæþlëð ïñ thë Mærkðøwñ prëvïëw. Çhæñgë thë Mærkðøwñ prëvïëw sëçµrïtÿ sëttïñg tø ælløw ïñsëçµrë çøñtëñt ør ëñæþlë sçrïpts",
			"Preview {0}": "Prëvïëw {0}",
			"Reference link '{0}'": "Rëfërëñçë lïñk '{0}'",
			"Remove duplicate link definition": "Rëmøvë ðµplïçætë lïñk ðëfïñïtïøñ",
			"Remove unused link definition": "Rëmøvë µñµsëð lïñk ðëfïñïtïøñ",
			"Renaming is not supported here. Try renaming a header or link.": "Rëñæmïñg ïs ñøt sµppørtëð hërë. Trÿ rëñæmïñg æ hëæðër ør lïñk.",
			"Select security settings for Markdown previews in this workspace": "§ëlëçt sëçµrïtÿ sëttïñgs før Mærkðøwñ prëvïëws ïñ thïs wørkspæçë",
			"Some content has been disabled in this document": "§ømë çøñtëñt hæs þëëñ ðïsæþlëð ïñ thïs ðøçµmëñt",
			"Strict": "§trïçt",
			"Update Markdown links for '{0}'?": "Üpðætë Mærkðøwñ lïñks før '{0}'?",
			"Update Markdown links for the following {0} files?": "Üpðætë Mærkðøwñ lïñks før thë følløwïñg {0} fïlës?",
			"Yes": "Ýës",
			"[Preview] {0}": "[Prëvïëw] {0}",
			"{0} cannot be found": "{0} çæññøt þë føµñð"
		},
		"package": {
			"configuration.copyIntoWorkspace.mediaFiles": "Trÿ tø çøpÿ ëxtërñæl ïmægë æñð vïðëø fïlës ïñtø thë wørkspæçë.",
			"configuration.copyIntoWorkspace.never": "Ðø ñøt çøpÿ ëxtërñæl fïlës ïñtø thë wørkspæçë.",
			"configuration.markdown.copyFiles.destination": "Çøñfïgµrës thë pæth æñð fïlë ñæmë øf fïlës çrëætëð þÿ çøpÿ/pæstë ør ðræg æñð ðrøp. Thïs ïs æ mæp øf gløþs thæt mætçh ægæïñst æ Mærkðøwñ ðøçµmëñt pæth tø thë ðëstïñætïøñ pæth whërë thë ñëw fïlë shøµlð þë çrëætëð.\r\n\r\nThë ðëstïñætïøñ pæth mæÿ µsë thë følløwïñg værïæþlës:\r\n\r\n- `${ðøçµmëñtÐïrÑæmë}` — Æþsølµtë pærëñt ðïrëçtørÿ pæth øf thë Mærkðøwñ ðøçµmëñt, ë.g. `/Üsërs/më/mÿPrøjëçt/ðøçs`.\r\n- `${ðøçµmëñtRëlætïvëÐïrÑæmë}` — Rëlætïvë pærëñt ðïrëçtørÿ pæth øf thë Mærkðøwñ ðøçµmëñt, ë.g. `ðøçs`. Thïs ïs thë sæmë æs `${ðøçµmëñtÐïrÑæmë}` ïf thë fïlë ïs ñøt pært øf æ wørkspæçë.\r\n- `${ðøçµmëñtFïlëÑæmë}` — Thë fµll fïlëñæmë øf thë Mærkðøwñ ðøçµmëñt, ë.g. `RËÆÐMË.mð`.\r\n- `${ðøçµmëñtßæsëÑæmë}` — Thë þæsëñæmë øf thë Mærkðøwñ ðøçµmëñt, ë.g. `RËÆÐMË`.\r\n- `${ðøçµmëñtËxtÑæmë}` — Thë ëxtëñsïøñ øf thë Mærkðøwñ ðøçµmëñt, ë.g. `mð`.\r\n- `${ðøçµmëñtFïlëPæth}` — Æþsølµtë pæth øf thë Mærkðøwñ ðøçµmëñt, ë.g. `/Üsërs/më/mÿPrøjëçt/ðøçs/RËÆÐMË.mð`.\r\n- `${ðøçµmëñtRëlætïvëFïlëPæth}` — Rëlætïvë pæth øf thë Mærkðøwñ ðøçµmëñt, ë.g. `ðøçs/RËÆÐMË.mð`. Thïs ïs thë sæmë æs `${ðøçµmëñtFïlëPæth}` ïf thë fïlë ïs ñøt pært øf æ wørkspæçë.\r\n- `${ðøçµmëñtWørkspæçëFølðër}` — Thë wørkspæçë følðër før thë Mærkðøwñ ðøçµmëñt, ë.g. `/Üsërs/më/mÿPrøjëçt`. Thïs ïs thë sæmë æs `${ðøçµmëñtÐïrÑæmë}` ïf thë fïlë ïs ñøt pært øf æ wørkspæçë.\r\n- `${fïlëÑæmë}` — Thë fïlë ñæmë øf thë ðrøppëð fïlë, ë.g. `ïmægë.pñg`.\r\n- `${fïlëËxtÑæmë}` — Thë ëxtëñsïøñ øf thë ðrøppëð fïlë, ë.g. `pñg`.",
			"configuration.markdown.copyFiles.overwriteBehavior": "Çøñtrøls ïf fïlës çrëætëð þÿ ðrøp ør pæstë shøµlð øvërwrïtë ëxïstïñg fïlës.",
			"configuration.markdown.copyFiles.overwriteBehavior.nameIncrementally": "Ïf æ fïlë wïth thë sæmë ñæmë ælrëæðÿ ëxïsts, æppëñð æ ñµmþër tø thë fïlë ñæmë, før ëxæmplë: `ïmægë.pñg` þëçømës `ïmægë-1.pñg`.",
			"configuration.markdown.copyFiles.overwriteBehavior.overwrite": "Ïf æ fïlë wïth thë sæmë ñæmë ælrëæðÿ ëxïsts, øvërwrïtë ït.",
			"configuration.markdown.editor.drop.copyIntoWorkspace": "Çøñtrøls ïf fïlës øµtsïðë øf thë wørkspæçë thæt ærë ðrøppëð ïñtø æ Mærkðøwñ ëðïtør shøµlð þë çøpïëð ïñtø thë wørkspæçë.\r\n\r\nÜsë `#mærkðøwñ.çøpÿFïlës.ðëstïñætïøñ#` tø çøñfïgµrë whërë çøpïëð ðrøppëð fïlës shøµlð þë çrëætëð",
			"configuration.markdown.editor.drop.enabled": "Ëñæþlë ðrøppïñg fïlës ïñtø æ Mærkðøwñ ëðïtør whïlë hølðïñg §hïft. Rëqµïrës ëñæþlïñg `#ëðïtør.ðrøpÏñtøËðïtør.ëñæþlëð#`.",
			"configuration.markdown.editor.drop.enabled.always": "Ælwæÿs ïñsërt Mærkðøwñ lïñks.",
			"configuration.markdown.editor.drop.enabled.never": "Ñëvër çrëætë Mærkðøwñ lïñks.",
			"configuration.markdown.editor.drop.enabled.smart": "§mærtlÿ çrëætë Mærkðøwñ lïñks þÿ ðëfæµlt whëñ ñøt ðrøppïñg ïñtø æ çøðë þløçk ør øthër spëçïæl ëlëmëñt. Üsë thë ðrøp wïðgët tø swïtçh þëtwëëñ pæstïñg æs plæïñ tëxt ør æs Mærkðøwñ lïñks.",
			"configuration.markdown.editor.filePaste.audioSnippet": "§ñïppët µsëð whëñ æððïñg æµðïø tø Mærkðøwñ. Thïs sñïppët çæñ µsë thë følløwïñg værïæþlës:\r\n- `${srç}` — Thë rësølvëð pæth øf thë æµðïø  fïlë.\r\n- `${tïtlë}` — Thë tïtlë µsëð før thë æµðïø. Æ sñïppët plæçëhølðër wïll æµtømætïçællÿ þë çrëætëð før thïs værïæþlë.",
			"configuration.markdown.editor.filePaste.copyIntoWorkspace": "Çøñtrøls ïf fïlës øµtsïðë øf thë wørkspæçë thæt ærë pæstëð ïñtø æ Mærkðøwñ ëðïtør shøµlð þë çøpïëð ïñtø thë wørkspæçë.\r\n\r\nÜsë `#mærkðøwñ.çøpÿFïlës.ðëstïñætïøñ#` tø çøñfïgµrë whërë çøpïëð fïlës shøµlð þë çrëætëð.",
			"configuration.markdown.editor.filePaste.enabled": "Ëñæþlë pæstïñg fïlës ïñtø æ Mærkðøwñ ëðïtør tø çrëætë Mærkðøwñ lïñks. Rëqµïrës ëñæþlïñg `#ëðïtør.pæstëÆs.ëñæþlëð#`.",
			"configuration.markdown.editor.filePaste.enabled.always": "Ælwæÿs ïñsërt Mærkðøwñ lïñks.",
			"configuration.markdown.editor.filePaste.enabled.never": "Ñëvër çrëætë Mærkðøwñ lïñks.",
			"configuration.markdown.editor.filePaste.enabled.smart": "§mærtlÿ çrëætë Mærkðøwñ lïñks þÿ ðëfæµlt whëñ ñøt pæstïñg ïñtø æ çøðë þløçk ør øthër spëçïæl ëlëmëñt. Üsë thë pæstë wïðgët tø swïtçh þëtwëëñ pæstïñg æs plæïñ tëxt ør æs Mærkðøwñ lïñks.",
			"configuration.markdown.editor.filePaste.videoSnippet": "§ñïppët µsëð whëñ æððïñg vïðëøs tø Mærkðøwñ. Thïs sñïppët çæñ µsë thë følløwïñg værïæþlës:\r\n- `${srç}` — Thë rësølvëð pæth øf thë vïðëø fïlë.\r\n- `${tïtlë}` — Thë tïtlë µsëð før thë vïðëø. Æ sñïppët plæçëhølðër wïll æµtømætïçællÿ þë çrëætëð før thïs værïæþlë.",
			"configuration.markdown.editor.pasteUrlAsFormattedLink.enabled": "Çøñtrøls ïf Mærkðøwñ lïñks ærë çrëætëð whëñ ÜR£s ærë pæstëð ïñtø æ Mærkðøwñ ëðïtør. Rëqµïrës ëñæþlïñg `#ëðïtør.pæstëÆs.ëñæþlëð#`.",
			"configuration.markdown.editor.updateLinksOnPaste.enabled": "Ëñæþlë/ðïsæþlë æ pæstë øptïøñ thæt µpðætës lïñks æñð rëfërëñçë ïñ tëxt thæt ïs çøpïëð æñð pæstëð þëtwëëñ Mærkðøwñ ëðïtørs.\r\n\r\nTø µsë thïs fëætµrë, æftër pæstïñg tëxt thæt çøñtæïñs µpðætæþlë lïñks, jµst çlïçk øñ thë Pæstë Wïðgët æñð sëlëçt `Pæstë æñð µpðætë pæstëð lïñks`.",
			"configuration.markdown.links.openLocation.beside": "Øpëñ lïñks þësïðë thë æçtïvë ëðïtør.",
			"configuration.markdown.links.openLocation.currentGroup": "Øpëñ lïñks ïñ thë æçtïvë ëðïtør grøµp.",
			"configuration.markdown.links.openLocation.description": "Çøñtrøls whërë lïñks ïñ Mærkðøwñ fïlës shøµlð þë øpëñëð.",
			"configuration.markdown.occurrencesHighlight.enabled": "Ëñæþlë hïghlïghtïñg lïñk øççµrrëñçës ïñ thë çµrrëñt ðøçµmëñt.",
			"configuration.markdown.preferredMdPathExtensionStyle": "Çøñtrøls ïf fïlë ëxtëñsïøñs (før ëxæmplë `.mð`) ærë æððëð ør ñøt før lïñks tø Mærkðøwñ fïlës. Thïs sëttïñg ïs µsëð whëñ fïlë pæths ærë æððëð þÿ tøølïñg sµçh æs pæth çømplëtïøñs ør fïlë rëñæmës.",
			"configuration.markdown.preferredMdPathExtensionStyle.auto": "Før ëxïstïñg pæths, trÿ tø mæïñtæïñ thë fïlë ëxtëñsïøñ stÿlë. Før ñëw pæths, æðð fïlë ëxtëñsïøñs.",
			"configuration.markdown.preferredMdPathExtensionStyle.includeExtension": "Prëfër ïñçlµðïñg thë fïlë ëxtëñsïøñ. Før ëxæmplë, pæth çømplëtïøñs tø æ fïlë ñæmëð `fïlë.mð` wïll ïñsërt `fïlë.mð`.",
			"configuration.markdown.preferredMdPathExtensionStyle.removeExtension": "Prëfër rëmøvïñg thë fïlë ëxtëñsïøñ. Før ëxæmplë, pæth çømplëtïøñs tø æ fïlë ñæmëð `fïlë.mð` wïll ïñsërt `fïlë` wïthøµt thë `.mð`.",
			"configuration.markdown.preview.openMarkdownLinks.description": "Çøñtrøls høw lïñks tø øthër Mærkðøwñ fïlës ïñ thë Mærkðøwñ prëvïëw shøµlð þë øpëñëð.",
			"configuration.markdown.preview.openMarkdownLinks.inEditor": "Trÿ tø øpëñ lïñks ïñ thë ëðïtør.",
			"configuration.markdown.preview.openMarkdownLinks.inPreview": "Trÿ tø øpëñ lïñks ïñ thë Mærkðøwñ prëvïëw.",
			"configuration.markdown.suggest.paths.enabled.description": "Ëñæþlë pæth sµggëstïøñs whïlë wrïtïñg lïñks ïñ Mærkðøwñ fïlës.",
			"configuration.markdown.suggest.paths.includeWorkspaceHeaderCompletions": "Ëñæþlë sµggëstïøñs før hëæðërs ïñ øthër Mærkðøwñ fïlës ïñ thë çµrrëñt wørkspæçë. Æççëptïñg øñë øf thësë sµggëstïøñs ïñsërts thë fµll pæth tø hëæðër ïñ thæt fïlë, før ëxæmplë: `[lïñk tëxt](/pæth/tø/fïlë.mð#hëæðër)`.",
			"configuration.markdown.suggest.paths.includeWorkspaceHeaderCompletions.never": "Ðïsæþlë wørkspæçë hëæðër sµggëstïøñs.",
			"configuration.markdown.suggest.paths.includeWorkspaceHeaderCompletions.onDoubleHash": "Ëñæþlë wørkspæçë hëæðër sµggëstïøñs æftër tÿpïñg `##` ïñ æ pæth, før ëxæmplë: `[lïñk tëxt](##`.",
			"configuration.markdown.suggest.paths.includeWorkspaceHeaderCompletions.onSingleOrDoubleHash": "Ëñæþlë wørkspæçë hëæðër sµggëstïøñs æftër tÿpïñg ëïthër `##` ør `#` ïñ æ pæth, før ëxæmplë: `[lïñk tëxt](#` ør `[lïñk tëxt](##`.",
			"configuration.markdown.updateLinksOnFileMove.enableForDirectories": "Ëñæþlë µpðætïñg lïñks whëñ æ ðïrëçtørÿ ïs møvëð ør rëñæmëð ïñ thë wørkspæçë.",
			"configuration.markdown.updateLinksOnFileMove.enabled": "Trÿ tø µpðætë lïñks ïñ Mærkðøwñ fïlës whëñ æ fïlë ïs rëñæmëð/møvëð ïñ thë wørkspæçë. Üsë `#mærkðøwñ.µpðætë£ïñksØñFïlëMøvë.ïñçlµðë#` tø çøñfïgµrë whïçh fïlës trïggër lïñk µpðætës.",
			"configuration.markdown.updateLinksOnFileMove.enabled.always": "Ælwæÿs µpðætë lïñks æµtømætïçællÿ.",
			"configuration.markdown.updateLinksOnFileMove.enabled.never": "Ñëvër trÿ tø µpðætë lïñk æñð ðøñ't prømpt.",
			"configuration.markdown.updateLinksOnFileMove.enabled.prompt": "Prømpt øñ ëæçh fïlë møvë.",
			"configuration.markdown.updateLinksOnFileMove.include": "Gløþ pættërñs thæt spëçïfïës fïlës thæt trïggër æµtømætïç lïñk µpðætës. §ëë `#mærkðøwñ.µpðætë£ïñksØñFïlëMøvë.ëñæþlëð#` før ðëtæïls æþøµt thïs fëætµrë.",
			"configuration.markdown.updateLinksOnFileMove.include.property": "Thë gløþ pættërñ tø mætçh fïlë pæths ægæïñst. §ët tø trµë tø ëñæþlë thë pættërñ.",
			"configuration.markdown.validate.duplicateLinkDefinitions.description": "Vælïðætë ðµplïçætëð ðëfïñïtïøñs ïñ thë çµrrëñt fïlë.",
			"configuration.markdown.validate.enabled.description": "Ëñæþlë æll ërrør rëpørtïñg ïñ Mærkðøwñ fïlës.",
			"configuration.markdown.validate.fileLinks.enabled.description": "Vælïðætë lïñks tø øthër fïlës ïñ Mærkðøwñ fïlës, før ëxæmplë `[lïñk](/pæth/tø/fïlë.mð)`. Thïs çhëçks thæt thë tærgët fïlës ëxïsts. Rëqµïrës ëñæþlïñg `#mærkðøwñ.vælïðætë.ëñæþlëð#`.",
			"configuration.markdown.validate.fileLinks.markdownFragmentLinks.description": "Vælïðætë thë frægmëñt pært øf lïñks tø hëæðërs ïñ øthër fïlës ïñ Mærkðøwñ fïlës, før ëxæmplë: `[lïñk](/pæth/tø/fïlë.mð#hëæðër)`. Ïñhërïts thë sëttïñg vælµë frøm `#mærkðøwñ.vælïðætë.frægmëñt£ïñks.ëñæþlëð#` þÿ ðëfæµlt.",
			"configuration.markdown.validate.fragmentLinks.enabled.description": "Vælïðætë frægmëñt lïñks tø hëæðërs ïñ thë çµrrëñt Mærkðøwñ fïlë, før ëxæmplë: `[lïñk](#hëæðër)`. Rëqµïrës ëñæþlïñg `#mærkðøwñ.vælïðætë.ëñæþlëð#`.",
			"configuration.markdown.validate.ignoredLinks.description": "Çøñfïgµrë lïñks thæt shøµlð ñøt þë vælïðætëð. Før ëxæmplë æððïñg `/æþøµt` wøµlð ñøt vælïðætë thë lïñk `[æþøµt](/æþøµt)`, whïlë thë gløþ `/æssëts/**/*.svg` wøµlð lët ÿøµ skïp vælïðætïøñ før æñÿ lïñk tø `.svg` fïlës µñðër thë `æssëts` ðïrëçtørÿ.",
			"configuration.markdown.validate.referenceLinks.enabled.description": "Vælïðætë rëfërëñçë lïñks ïñ Mærkðøwñ fïlës, før ëxæmplë: `[lïñk][rëf]`. Rëqµïrës ëñæþlïñg `#mærkðøwñ.vælïðætë.ëñæþlëð#`.",
			"configuration.markdown.validate.unusedLinkDefinitions.description": "Vælïðætë lïñk ðëfïñïtïøñs thæt ærë µñµsëð ïñ thë çµrrëñt fïlë.",
			"configuration.pasteUrlAsFormattedLink.always": "Ælwæÿs ïñsërt Mærkðøwñ lïñks.",
			"configuration.pasteUrlAsFormattedLink.never": "Ñëvër çrëætë Mærkðøwñ lïñks.",
			"configuration.pasteUrlAsFormattedLink.smart": "§mærtlÿ çrëætë Mærkðøwñ lïñks þÿ ðëfæµlt whëñ ñøt pæstïñg ïñtø æ çøðë þløçk ør øthër spëçïæl ëlëmëñt. Üsë thë pæstë wïðgët tø swïtçh þëtwëëñ pæstïñg æs plæïñ tëxt ør æs Mærkðøwñ lïñks.",
			"configuration.pasteUrlAsFormattedLink.smartWithSelection": "§mærtlÿ çrëætë Mærkðøwñ lïñks þÿ ðëfæµlt whëñ ÿøµ hævë sëlëçtëð tëxt æñð ærë ñøt pæstïñg ïñtø æ çøðë þløçk ør øthër spëçïæl ëlëmëñt. Üsë thë pæstë wïðgët tø swïtçh þëtwëëñ pæstïñg æs plæïñ tëxt ør æs Mærkðøwñ lïñks.",
			"description": "Prøvïðës rïçh læñgµægë sµppørt før Mærkðøwñ.",
			"displayName": "Mærkðøwñ £æñgµægë Fëætµrës",
			"markdown.copyImage.title": "Çøpÿ Ïmægë",
			"markdown.editor.insertImageFromWorkspace": "Ïñsërt Ïmægë frøm Wørkspæçë",
			"markdown.editor.insertLinkFromWorkspace": "Ïñsërt £ïñk tø Fïlë ïñ Wørkspæçë",
			"markdown.findAllFileReferences": "Fïñð Fïlë Rëfërëñçës",
			"markdown.preview.breaks.desc": "§ëts høw lïñë-þrëæks ærë rëñðërëð ïñ thë Mærkðøwñ prëvïëw. §ëttïñg ït tø `trµë` çrëætës æ `<þr>` før ñëwlïñës ïñsïðë pærægræphs.",
			"markdown.preview.doubleClickToSwitchToEditor.desc": "Ðøµþlë-çlïçk ïñ thë Mærkðøwñ prëvïëw tø swïtçh tø thë ëðïtør.",
			"markdown.preview.fontFamily.desc": "Çøñtrøls thë føñt fæmïlÿ µsëð ïñ thë Mærkðøwñ prëvïëw.",
			"markdown.preview.fontSize.desc": "Çøñtrøls thë føñt sïzë ïñ pïxëls µsëð ïñ thë Mærkðøwñ prëvïëw.",
			"markdown.preview.lineHeight.desc": "Çøñtrøls thë lïñë hëïght µsëð ïñ thë Mærkðøwñ prëvïëw. Thïs ñµmþër ïs rëlætïvë tø thë føñt sïzë.",
			"markdown.preview.linkify": "Çøñvërt ÜR£-lïkë tëxt tø lïñks ïñ thë Mærkðøwñ prëvïëw.",
			"markdown.preview.markEditorSelection.desc": "Mærk thë çµrrëñt ëðïtør sëlëçtïøñ ïñ thë Mærkðøwñ prëvïëw.",
			"markdown.preview.refresh.title": "Rëfrësh Prëvïëw",
			"markdown.preview.scrollEditorWithPreview.desc": "Whëñ æ Mærkðøwñ prëvïëw ïs sçrøllëð, µpðætë thë vïëw øf thë ëðïtør.",
			"markdown.preview.scrollPreviewWithEditor.desc": "Whëñ æ Mærkðøwñ ëðïtør ïs sçrøllëð, µpðætë thë vïëw øf thë prëvïëw.",
			"markdown.preview.title": "Øpëñ Prëvïëw",
			"markdown.preview.toggleLock.title": "Tøgglë Prëvïëw £øçkïñg",
			"markdown.preview.typographer": "Ëñæþlë sømë læñgµægë-ñëµtræl rëplæçëmëñt æñð qµøtës þëæµtïfïçætïøñ ïñ thë Mærkðøwñ prëvïëw.",
			"markdown.previewSide.title": "Øpëñ Prëvïëw tø thë §ïðë",
			"markdown.server.log.desc": "Çøñtrøls thë løggïñg lëvël øf thë Mærkðøwñ læñgµægë sërvër.",
			"markdown.showLockedPreviewToSide.title": "Øpëñ £øçkëð Prëvïëw tø thë §ïðë",
			"markdown.showPreviewSecuritySelector.title": "Çhæñgë Prëvïëw §ëçµrïtÿ §ëttïñgs",
			"markdown.showSource.title": "§høw §øµrçë",
			"markdown.styles.dec": "Æ lïst øf ÜR£s ør løçæl pæths tø Ç§§ stÿlë shëëts tø µsë frøm thë Mærkðøwñ prëvïëw. Rëlætïvë pæths ærë ïñtërprëtëð rëlætïvë tø thë følðër øpëñ ïñ thë Ëxplørër. Ïf thërë ïs ñø øpëñ følðër, thëÿ ærë ïñtërprëtëð rëlætïvë tø thë løçætïøñ øf thë Mærkðøwñ fïlë. Æll '\\' ñëëð tø þë wrïttëñ æs '\\\\'.",
			"markdown.trace.extension.desc": "Ëñæþlë ðëþµg løggïñg før thë Mærkðøwñ ëxtëñsïøñ.",
			"markdown.trace.server.desc": "Træçës thë çømmµñïçætïøñ þëtwëëñ V§ Çøðë æñð thë Mærkðøwñ læñgµægë sërvër.",
			"workspaceTrust": "Rëqµïrëð før løæðïñg stÿlës çøñfïgµrëð ïñ thë wørkspæçë."
		}
	}
}