{
	"": [
		"--------------------------------------------------------------------------------------------",
		"Copyright (c) Microsoft Corporation. All rights reserved.",
		"Licensed under the MIT License. See License.txt in the project root for license information.",
		"--------------------------------------------------------------------------------------------",
		"Do not edit this file. It is machine generated."
	],
	"version": "1.0.0",
	"contents": {
		"bundle": {
			"Could not find a valid npm script at the selection.": "Non è stato possibile trovare uno script di npm valido nella selezione.",
			"Debug": "Debug",
			"Debug Script": "Script di debug",
			"Default bower.json": "bower.json predefinito",
			"Default package.json": "package.json predefinito",
			"Do not show again": "Non visualizzare più",
			"Latest version: {0}": "Ultima versione: {0}",
			"Latest version: {0} published {1}": "Ultima versione: {0} pubblicata il {1}",
			"Learn more": "Altre informazioni",
			"Matches the most recent major version (1.x.x)": "Corrisponde alla versione principale più recente (1.x.x)",
			"Matches the most recent minor version (1.2.x)": "Corrisponde alla versione secondaria più recente (1.2.x.x)",
			"No scripts found.": "Non sono stati trovati script.",
			"Npm task detection: failed to parse the file {0}": "Rilevamento attività npm: non è stato possibile analizzare il file {0}",
			"Request to the NPM repository failed: {0}": "La richiesta al repository NPM non è riuscita: {0}",
			"Request to the bower repository failed: {0}": "La richiesta al repository Bower non è riuscita: {0}",
			"Run Script": "Esegui script",
			"Run the script as a task": "Esegui lo script come attività",
			"Runs the script under the debugger": "Esegue lo script nel debugger",
			"The currently latest version of the package": "Ultima versione attualmente disponibile del pacchetto",
			"The setting \"npm.autoDetect\" is \"off\".": "L'impostazione \"npm.autoDetect\" è \"off\".",
			"Using {0} as the preferred package manager. Found multiple lockfiles for {1}.  To resolve this issue, delete the lockfiles that don't match your preferred package manager or change the setting \"npm.packageManager\" to a value other than \"auto\".": "Uso di {0} come gestione pacchetti preferita. Sono stati trovati più file di blocco per {1}.  Per risolvere questo problema, eliminare i file di blocco che non corrispondono alla gestione pacchetti preferita o modificare l'impostazione \"npm.packageManager\" su un valore diverso da \"auto\".",
			"in {0}": "tra {0}",
			"latest": "più recente",
			"now": "adesso",
			"{0} day": "{0} giorno",
			"{0} day ago": "{0} giorno fa",
			"{0} days": "{0} giorni",
			"{0} days ago": "{0} giorni fa",
			"{0} hour": "{0} ora",
			"{0} hour ago": "{0} ora fa",
			"{0} hours": "{0} ore",
			"{0} hours ago": "{0} ore fa",
			"{0} hr": "{0} ora",
			"{0} hr ago": "{0} ora fa",
			"{0} hrs": "{0} ore",
			"{0} hrs ago": "{0} ore fa",
			"{0} min": "{0} min",
			"{0} min ago": "{0} min fa",
			"{0} mins": "{0} min",
			"{0} mins ago": "{0} min fa",
			"{0} minute": "{0} minuto",
			"{0} minute ago": "{0} minuto fa",
			"{0} minutes": "{0} minuti",
			"{0} minutes ago": "{0} minuti fa",
			"{0} mo": "{0} mese",
			"{0} mo ago": "{0} mese fa",
			"{0} month": "{0} mese",
			"{0} month ago": "{0} mese fa",
			"{0} months": "{0} mesi",
			"{0} months ago": "{0} mesi fa",
			"{0} mos": "{0} mesi",
			"{0} mos ago": "{0} mesi fa",
			"{0} sec": "{0} secondo",
			"{0} sec ago": "{0} secondo fa",
			"{0} second": "{0} secondo",
			"{0} second ago": "{0} secondo fa",
			"{0} seconds": "{0} secondi",
			"{0} seconds ago": "{0} secondi fa",
			"{0} secs": "{0} secondi",
			"{0} secs ago": "{0} secondi fa",
			"{0} week": "{0} settimana",
			"{0} week ago": "{0} settimana fa",
			"{0} weeks": "{0} settimane",
			"{0} weeks ago": "{0} settimane fa",
			"{0} wk": "{0} sett",
			"{0} wk ago": "{0} settimana fa",
			"{0} wks": "{0} settimane",
			"{0} wks ago": "{0} settimane fa",
			"{0} year": "{0} anno",
			"{0} year ago": "{0} anno fa",
			"{0} years": "{0} anni",
			"{0} years ago": "{0} anni fa",
			"{0} yr": "{0} anno",
			"{0} yr ago": "{0} anno fa",
			"{0} yrs": "{0} anni",
			"{0} yrs ago": "{0} anni fa"
		},
		"package": {
			"command.debug": "Debug",
			"command.openScript": "Apri",
			"command.packageManager": "Ottieni gestione pacchetti configurati",
			"command.refresh": "Aggiorna",
			"command.run": "Esegui",
			"command.runInstall": "Esegui install",
			"command.runScriptFromFolder": "Esegui script NPM nella cartella...",
			"command.runSelectedScript": "Esegui script",
			"config.npm.autoDetect": "Controlla se gli script di npm devono essere rilevati automaticamente.",
			"config.npm.enableRunFromFolder": "Abilita l'esecuzione degli script npm contenuti in una cartella dal menu di scelta rapida di Esplora risorse.",
			"config.npm.enableScriptExplorer": "Abilita una visualizzazione di Explorer per gli script npm quando non esiste alcun file 'package.json' di primo livello.",
			"config.npm.exclude": "Configura i modelli glob per le cartelle che dovrebbero essere escluse dalla rilevazione automatica di script.",
			"config.npm.fetchOnlinePackageInfo": "Recupera i dati da https://registry.npmjs.org e https://registry.bower.io per fornire le funzionalità di completamento automatico e di informazioni al passaggio del mouse per le dipendenze di npm.",
			"config.npm.packageManager": "Utilità di gestione pacchetti usata per eseguire gli script.",
			"config.npm.packageManager.auto": "Rileva automaticamente l'utilità di gestione pacchetti da usare per l'esecuzione di script basati su file di blocco e le utilità di gestione pacchetti installate.",
			"config.npm.packageManager.bun": "Usa bun come utilità di gestione pacchetti per l'esecuzione di script.",
			"config.npm.packageManager.npm": "Usa npm come utilità di gestione pacchetti per l'esecuzione di script.",
			"config.npm.packageManager.pnpm": "Usa pnpm come utilità di gestione pacchetti per l'esecuzione di script.",
			"config.npm.packageManager.yarn": "Usa YARN come utilità di gestione pacchetti per l'esecuzione di script.",
			"config.npm.runSilent": "Eseguire comandi npm con l'opzione `--silent`.",
			"config.npm.scriptExplorerAction": "Azione predefinita per il clic in Esplora script di NPM: 'open' o 'run'. L'impostazione predefinita è 'open'.",
			"config.npm.scriptExplorerExclude": "Matrice di espressioni regolari che indica quali script devono essere esclusi dalla visualizzazione Script NPM.",
			"config.npm.scriptHover": "Visualizza il passaggio del mouse con i comandi 'Esegui' e 'Debug' per gli script.",
			"description": "Estensione che aggiunge il supporto delle attività per gli script npm.",
			"displayName": "Supporto di npm per VS Code",
			"npm.parseError": "Rilevamento attività npm: non è stato possibile analizzare il file {0}",
			"taskdef.path": "Il percorso della cartella del file J.json contenente lo script può essere omesso.",
			"taskdef.script": "Lo script di npm da personalizzare.",
			"view.name": "Script npm",
			"virtualWorkspaces": "La funzionalità che richiede l'esecuzione del comando 'npm' non è disponibile nelle aree di lavoro virtuali.",
			"workspaceTrust": "Questa estensione esegue attività che richiedono attendibilità per l'esecuzione."
		}
	}
}