{
	"": [
		"--------------------------------------------------------------------------------------------",
		"Copyright (c) Microsoft Corporation. All rights reserved.",
		"Licensed under the MIT License. See License.txt in the project root for license information.",
		"--------------------------------------------------------------------------------------------",
		"Do not edit this file. It is machine generated."
	],
	"version": "1.0.0",
	"contents": {
		"bundle": {
			"...1 additional file not shown": "...1 weitere Datei wird nicht angezeigt",
			"...{0} additional files not shown": "...{0} weitere Dateien werden nicht angezeigt",
			"Allow all content and script execution. Not recommended": "Alle Inhalte und Skriptausführung zulassen. Nicht empfohlen.",
			"Allow insecure content": "Unsicheren Inhalt zulassen",
			"Allow insecure local content": "Unsichere lokale Inhalte zulassen",
			"Always": "Immer",
			"An unexpected error occurred while restoring the Markdown preview.": "Unerwarteter Fehler beim Wiederherstellen der Markdownvorschau.",
			"Checking for Markdown links to update": "Es wird nach zu aktualisierenden Markdownlinks gesucht.",
			"Content Disabled Security Warning": "Sicherheitswarnung – Inhalt deaktiviert",
			"Could not load 'markdown.styles': {0}": "'markdown.styles' konnte nicht geladen werden: {0}",
			"Could not open {0}": "{0} konnte nicht geöffnet werden.",
			"Disable": "Deaktivieren",
			"Disable preview security warning in this workspace": "Vorschau von Sicherheitswarnungen in diesem Arbeitsbereich deaktivieren",
			"Does not affect the content security level": "Hat keinen Einfluss auf die Inhaltssicherheitsebene",
			"Enable loading content over http": "Laden von Inhalten über HTTP aktivieren",
			"Enable loading content over http served from localhost": "Laden von Inhalten über HTTP von localhost aktivieren",
			"Enable preview security warnings in this workspace": "Vorschau von Sicherheitswarnungen in diesem Arbeitsbereich aktivieren",
			"Exclude '{0}' from link validation.": "Schließen Sie '{0}' von der Linkvalidierung aus.",
			"Extract to link definition": "In Verknüpfungsdefinition extrahieren",
			"File does not exist at path: {0}": "Die Datei ist unter dem Pfad nicht vorhanden: {0}",
			"Find file references failed. No resource provided.": "Fehler beim Suchen nach Dateiverweisen. Es wurde keine Ressource angegeben.",
			"Finding file references": "Dateiverweise werden gesucht",
			"Follow link": "Verknüpfung folgen",
			"Go to link definition": "Zur Linkdefinition gehen",
			"Header does not exist in file: {0}": "Der Header ist in der Datei nicht vorhanden: {0}",
			"Insert Markdown Audio": "Markdownaudio einfügen",
			"Insert Markdown Image": "Markdownbild einfügen",
			"Insert Markdown Images": "Markdownbilder einfügen",
			"Insert Markdown Images and Links": "Markdownbilder und -links einfügen",
			"Insert Markdown Link": "Markdownlink einfügen",
			"Insert Markdown Links": "Markdownlinks einfügen",
			"Insert Markdown Media": "Markdownmedien einfügen",
			"Insert Markdown Media and Images": "Markdownmedien und -bilder einfügen",
			"Insert Markdown Media and Links": "Markdownmedien und -links einfügen",
			"Insert Markdown Video": "Markdownvideo einfügen",
			"Insert image": "Bild einfügen",
			"Insert link": "Link einfügen",
			"Link definition for '{0}' already exists": "Die Verknüpfungsdefinition für „{0}“ ist bereits vorhanden",
			"Link definition is unused": "Die Verknüpfungsdefinition wird nicht verwendet",
			"Link is already a reference": "Die Verknüpfung ist bereits ein Verweis",
			"Link is also defined here": "Die Verknüpfung ist hier ebenfalls definiert",
			"Link to '# {0}' in '{1}'": "Link zu „# {0}“ in „{1}“",
			"Link to '{0}'": "Link zu „{0}“",
			"Markdown Language Server": "Markdown Sprachserver",
			"Media": "Medien",
			"More Information": "Weitere Informationen",
			"Never": "Nie",
			"No": "Nein",
			"No header found: '{0}'": "Kein Header gefunden: „{0}“",
			"No link definition found: '{0}'": "Keine Linkdefinition gefunden: „{0}“",
			"Not on link": "Nicht auf Verknüpfung",
			"Only load secure content": "Nur sicheren Inhalt laden",
			"Paste and update pasted links": "Eingefügte Links einfügen und aktualisieren",
			"Potentially unsafe or insecure content has been disabled in the Markdown preview. Change the Markdown preview security setting to allow insecure content or enable scripts": "Potenziell unsichere Inhalte wurden in der Markdown-Vorschau deaktiviert. Ändern Sie die Sicherheitseinstellung der Markdown-Vorschau, um unsichere Inhalte zuzulassen oder Skripts zu aktivieren.",
			"Preview {0}": "Vorschau von {0}",
			"Reference link '{0}'": "Referenzlink „{0}“",
			"Remove duplicate link definition": "Doppelte Verknüpfungsdefinition entfernen",
			"Remove unused link definition": "Nicht verwendete Verknüpfungsdefinition entfernen",
			"Renaming is not supported here. Try renaming a header or link.": "Das Umbenennen wird hier nicht unterstützt. Versuchen Sie, eine Kopfzeile oder eine Verknüpfung umzubenennen.",
			"Select security settings for Markdown previews in this workspace": "Sicherheitseinstellungen für die Markdown-Vorschau in diesem Arbeitsbereich auswählen",
			"Some content has been disabled in this document": "In diesem Dokument wurden einige Inhalte deaktiviert.",
			"Strict": "Strict",
			"Update Markdown links for '{0}'?": "Markdownlinks für „{0}“ aktualisieren?",
			"Update Markdown links for the following {0} files?": "Markdownlinks für die folgenden {0}-Dateien aktualisieren?",
			"Yes": "Ja",
			"[Preview] {0}": "[Vorschau] {0}",
			"{0} cannot be found": "{0} kann nicht gefunden werden."
		},
		"package": {
			"configuration.copyIntoWorkspace.mediaFiles": "Versuchen Sie, externe Bild- und Videodateien in den Arbeitsbereich zu kopieren.",
			"configuration.copyIntoWorkspace.never": "Kopieren Sie keine externen Dateien in den Arbeitsbereich.",
			"configuration.markdown.copyFiles.destination": "Konfiguriert den Pfad und Dateinamen von Dateien, die durch Kopieren/Einfügen oder Drag & Drop erstellt wurden. Dies ist eine Zuordnung von Globs, die mit einem Markdowndokumentpfad mit dem Zielpfad übereinstimmen, in dem die neue Datei erstellt werden soll.\r\n\r\nDer Zielpfad kann die folgenden Variablen verwenden:\r\n\r\n– „${documentDirName}“ – Absoluter übergeordneter Verzeichnispfad des Markdowndokuments, z. B. „/Users/me/myProject/docs“.\r\n– „${documentRelativeDirName}“ – Relativer übergeordneter Verzeichnispfad des Markdowndokuments, z. B. „docs“. Dies ist identisch mit „${documentDirName}“, wenn die Datei nicht Teil eines Arbeitsbereichs ist.\r\n- „${documentFileName}“ – Der vollständige Dateiname des Markdowndokuments, z. B. „README.md“.\r\n- „${documentBaseName}“ – Der Basisname des Markdowndokuments, z. B. „README“.\r\n- „${documentExtName}“ – Die Erweiterung des Markdowndokuments, z. B. „md“.\r\n- „${documentFilePath}“ – Absoluter Pfad des Markdowndokuments, z. B. „/Users/me/myProject/docs/README.md“.\r\n- „${documentRelativeFilePath}“ – Relativer Pfad des Markdowndokuments, z. B. „docs/README.md“. Dies ist identisch mit „${documentFilePath}“, wenn die Datei nicht Teil eines Arbeitsbereichs ist.\r\n- „${documentWorkspaceFolder}“ – Der Arbeitsbereichsordner für das Markdowndokument, z. B. „/Users/me/myProject“. Dies ist identisch mit „${documentDirName}“, wenn die Datei nicht Teil eines Arbeitsbereichs ist.\r\n- „${fileName}“ – Der Dateiname der gelöschten Datei, z. B. „image.png“.\r\n- „${fileExtName}“ – Die Erweiterung der gelöschten Datei, z. B. „png“.",
			"configuration.markdown.copyFiles.overwriteBehavior": "Steuert, ob Dateien, die durch Ablegen oder Einfügen erstellt werden, vorhandene Dateien überschreiben sollen.",
			"configuration.markdown.copyFiles.overwriteBehavior.nameIncrementally": "Wenn bereits eine Datei mit demselben Namen vorhanden ist, fügen Sie eine Zahl an den Dateinamen an, z. B.: \"image.png\" wird zu \"image-1.png\".",
			"configuration.markdown.copyFiles.overwriteBehavior.overwrite": "Wenn bereits eine Datei mit dem gleichen Namen vorhanden ist, überschreiben Sie sie.",
			"configuration.markdown.editor.drop.copyIntoWorkspace": "Steuert, ob Dateien außerhalb des Arbeitsbereichs, die in einen Markdown-Editor abgelegt werden, in den Arbeitsbereich kopiert werden sollen.\r\n\r\nVerwenden Sie \"#markdown.copyFiles.destination#\", um zu konfigurieren, wo kopierte, abgelegte Dateien erstellt werden sollen.",
			"configuration.markdown.editor.drop.enabled": "Das Ablegen von Dateien in einem Markdown-Editor aktivieren, während Sie die UMSCHALTTASTE gedrückt halten. Erfordert die Aktivierung von \"#editor.dropIntoEditor.enabled#\".",
			"configuration.markdown.editor.drop.enabled.always": "Markdownlinks immer einfügen.",
			"configuration.markdown.editor.drop.enabled.never": "Markdownlinks nie erstellen.",
			"configuration.markdown.editor.drop.enabled.smart": "Erstellen Sie Markdownlinks standardmäßig intelligent, wenn sie nicht in einen Codeblock oder ein anderes spezielles Element fallen. Verwenden Sie das Ablagewidget, um zwischen dem Einfügen als Nur-Text- oder Markdownlinks zu wechseln.",
			"configuration.markdown.editor.filePaste.audioSnippet": "Ausschnitt, der beim Hinzufügen von Audio zu Markdown verwendet wird. Dieser Codeausschnitt kann die folgenden Variablen verwenden:\r\n– „${src}“ – Der aufgelöste Pfad der Audiodatei.\r\n– „${title}“ – Der für das Audio verwendete Titel. Für diese Variable wird automatisch ein Ausschnittplatzhalter erstellt.",
			"configuration.markdown.editor.filePaste.copyIntoWorkspace": "Steuert, ob Dateien außerhalb des Arbeitsbereichs, die in einen Markdown-Editor eingefügt werden, in den Arbeitsbereich kopiert werden sollen.\r\n\r\nVerwenden Sie \"#markdown.copyFiles.destination#\", um zu konfigurieren, wo kopierte Dateien erstellt werden sollen.",
			"configuration.markdown.editor.filePaste.enabled": "Aktivieren Sie das Einfügen von Dateien in einen Markdown-Editor, um Markdownlinks zu erstellen. Erfordert die Aktivierung von \"#editor.pasteAs.enabled#\".",
			"configuration.markdown.editor.filePaste.enabled.always": "Markdownlinks immer einfügen.",
			"configuration.markdown.editor.filePaste.enabled.never": "Markdownlinks nie erstellen.",
			"configuration.markdown.editor.filePaste.enabled.smart": "Erstellen Sie Markdownlinks standardmäßig intelligent, wenn sie nicht in einen Codeblock oder ein anderes spezielles Element eingefügt werden. Verwenden Sie das Widget zum Einfügen, um zwischen dem Einfügen als Nur-Text- oder Markdownlinks zu wechseln.",
			"configuration.markdown.editor.filePaste.videoSnippet": "Ausschnitt, der beim Hinzufügen von Videos zu Markdown verwendet wird. Dieser Codeausschnitt kann die folgenden Variablen verwenden:\r\n– „${src}“ – Der aufgelöste Pfad der Videodatei.\r\n– „${title}“ – Der für das Video verwendete Titel. Für diese Variable wird automatisch ein Ausschnittplatzhalter erstellt.",
			"configuration.markdown.editor.pasteUrlAsFormattedLink.enabled": "Steuert, ob Markdownlinks erstellt werden, wenn URLs in einen Markdown-Editor eingefügt werden. Erfordert die Aktivierung von „#editor.pasteAs.enabled#“.",
			"configuration.markdown.editor.updateLinksOnPaste.enabled": "Aktivieren/deaktivieren Sie eine Einfügeoption, die Links und Verweise in Text aktualisiert, der zwischen Markdown-Editoren kopiert und eingefügt wird.\r\n\r\nUm dieses Feature zu verwenden, klicken Sie nach dem Einfügen von Text, der aktualisierbare Links enthält, einfach auf das Widget „Einfügen“, und wählen Sie „Eingefügte Links einfügen und aktualisieren“ aus.",
			"configuration.markdown.links.openLocation.beside": "Öffnen Sie die Links neben dem aktiven Editor.",
			"configuration.markdown.links.openLocation.currentGroup": "Öffnen Sie Links in der aktiven Editor-Gruppe.",
			"configuration.markdown.links.openLocation.description": "Steuert, wo Links in Markdowndateien geöffnet werden sollen.",
			"configuration.markdown.occurrencesHighlight.enabled": "Das Hervorheben von Verknüpfungsvorkommnissen im aktuellen Dokument aktivieren.",
			"configuration.markdown.preferredMdPathExtensionStyle": "Steuert, ob Markdowndateien Dateierweiterungen (z. B. \".md\") für Links hinzugefügt werden oder nicht. Diese Einstellung wird verwendet, wenn Dateipfade durch Tools wie Pfadvervollständigungen oder Dateiumbenennungen hinzugefügt werden.",
			"configuration.markdown.preferredMdPathExtensionStyle.auto": "Versuchen Sie bei vorhandenen Pfaden, den Dateierweiterungsstil beizubehalten. Fügen Sie für neue Pfade Dateierweiterungen hinzu.",
			"configuration.markdown.preferredMdPathExtensionStyle.includeExtension": "Schließen Sie die Dateierweiterung lieber ein. Beispielsweise fügen Pfadvervollständigungen zu einer Datei mit dem Namen \"file.md\" eine Datei namens \"file\" ohne das zugehörige \".md\" ein.",
			"configuration.markdown.preferredMdPathExtensionStyle.removeExtension": "Entfernen Sie lieber die Dateierweiterung. Beispielsweise fügen Pfadvervollständigungen zu einer Datei mit dem Namen \"file.md\" eine Datei namens \"file\" ohne das zugehörige \".md\" ein.",
			"configuration.markdown.preview.openMarkdownLinks.description": "Steuert, wie Links zu anderen Markdowndateien in der Markdown-Vorschau geöffnet werden sollen.",
			"configuration.markdown.preview.openMarkdownLinks.inEditor": "Links im Editor öffnen",
			"configuration.markdown.preview.openMarkdownLinks.inPreview": "Links in der Markdown-Vorschau öffnen",
			"configuration.markdown.suggest.paths.enabled.description": "Pfadvorschläge aktivieren, während Sie Links in Markdowndateien schreiben.",
			"configuration.markdown.suggest.paths.includeWorkspaceHeaderCompletions": "Vorschläge für Header in anderen Markdowndateien im aktuellen Arbeitsbereich aktivieren. Wenn Sie einen dieser Vorschläge akzeptieren, wird der vollständige Pfad zum Header in dieser Datei eingefügt, z. B. \"[Linktext](/path/to/file.md#header)\".",
			"configuration.markdown.suggest.paths.includeWorkspaceHeaderCompletions.never": "Arbeitsbereichsheadervorschläge deaktivieren.",
			"configuration.markdown.suggest.paths.includeWorkspaceHeaderCompletions.onDoubleHash": "Aktivieren Sie Vorschläge für Arbeitsbereichsheader, nachdem Sie \"##\" in einen Pfad eingeben, z. B. \"[Linktext](##).\"",
			"configuration.markdown.suggest.paths.includeWorkspaceHeaderCompletions.onSingleOrDoubleHash": "Aktivieren Sie Vorschläge für Arbeitsbereichsheader, nachdem Sie entweder \"##\" oder \"#\" in einen Pfad eingeben, z. B. \"[Linktext](#) oder \"[Linktext](##).\"",
			"configuration.markdown.updateLinksOnFileMove.enableForDirectories": "Aktualisieren von Links aktivieren, wenn ein Verzeichnis im Arbeitsbereich verschoben oder umbenannt wird.",
			"configuration.markdown.updateLinksOnFileMove.enabled": "Versuchen Sie, Links in Markdowndateien zu aktualisieren, wenn eine Datei im Arbeitsbereich umbenannt/verschoben wird. Verwenden Sie \"#markdown.updateLinksOnFileMove.include#\", um zu konfigurieren, welche Dateien Linkupdates auslösen.",
			"configuration.markdown.updateLinksOnFileMove.enabled.always": "Links immer automatisch aktualisieren.",
			"configuration.markdown.updateLinksOnFileMove.enabled.never": "Link nie aktualisieren und keine Eingabeaufforderung eingeben.",
			"configuration.markdown.updateLinksOnFileMove.enabled.prompt": "Bei jeder Dateibewegung auffordern.",
			"configuration.markdown.updateLinksOnFileMove.include": "Globmuster, das Dateien angibt, welche automatische Linkaktualisierungen auslösen. Ausführliche Informationen zu diesem Feature finden Sie unter „#markdown.updateLinksOnFileMove.enabled#“.",
			"configuration.markdown.updateLinksOnFileMove.include.property": "Das Globmuster, mit dem Dateipfade verglichen werden sollen. Legen Sie diesen Wert auf \"true\" fest, um das Muster zu aktivieren.",
			"configuration.markdown.validate.duplicateLinkDefinitions.description": "Überprüfen Sie doppelte Definitionen in der aktuellen Datei.",
			"configuration.markdown.validate.enabled.description": "Alle Fehlerberichte in Markdown-Dateien aktivieren.",
			"configuration.markdown.validate.fileLinks.enabled.description": "Überprüfen Sie Links zu anderen Dateien in Markdowndateien, z. B. „[link](/path/to/file.md)“. Dadurch wird überprüft, ob die Zieldateien vorhanden sind. Erfordert die Aktivierung von „#markdown.validate.enabled#“.",
			"configuration.markdown.validate.fileLinks.markdownFragmentLinks.description": "Überprüfen Sie den Fragmentteil von Links zu Headern in anderen Dateien in Markdown-Dateien, z. B. „[link](/path/to/file.md#header)“. Übernimmt standardmäßig den Einstellungswert von „#markdown.validate.fragmentLinks.enabled#“.",
			"configuration.markdown.validate.fragmentLinks.enabled.description": "Überprüfen Sie Fragmentlinks zu Headern in der aktuellen Markdowndatei, z. B. „[link](#header)“. Erfordert die Aktivierung von „#markdown.validate.enabled#“.",
			"configuration.markdown.validate.ignoredLinks.description": "Konfigurieren Sie Links, die nicht überprüft werden sollen. Wenn Sie z. B. „/about“ hinzufügen, wird der Link „[about](/about)“ nicht überprüft, während Sie mit dem Glob „/assets/**/*.svg“ die Überprüfung für alle Verknüpfungen zu „.svg“-Dateien im Verzeichnis „assets“ überspringen können.",
			"configuration.markdown.validate.referenceLinks.enabled.description": "Überprüfen Sie Verweislinks in Markdowndateien, z. B. „[link][ref]“. Erfordert die Aktivierung von „#markdown.validate.enabled#“.",
			"configuration.markdown.validate.unusedLinkDefinitions.description": "Überprüfen Sie Linkdefinitionen, die in der aktuellen Datei nicht verwendet werden.",
			"configuration.pasteUrlAsFormattedLink.always": "Markdownlinks immer einfügen.",
			"configuration.pasteUrlAsFormattedLink.never": "Markdownlinks nie erstellen.",
			"configuration.pasteUrlAsFormattedLink.smart": "Erstellen Sie Markdownlinks standardmäßig intelligent, wenn sie nicht in einen Codeblock oder ein anderes spezielles Element eingefügt werden. Verwenden Sie das Widget zum Einfügen, um zwischen dem Einfügen als Nur-Text- oder Markdownlinks zu wechseln.",
			"configuration.pasteUrlAsFormattedLink.smartWithSelection": "Erstellen Sie standardmäßig intelligente Markdownlinks, wenn Sie Text ausgewählt haben und nicht in einen Codeblock oder ein anderes spezielles Element einfügen. Verwenden Sie das Widget zum Einfügen, um zwischen dem Einfügen als Nur-Text- oder Markdownlinks zu wechseln.",
			"description": "Bietet umfangreiche Sprachunterstützung für Markdown.",
			"displayName": "Markdown-Sprachfeatures",
			"markdown.copyImage.title": "Bild kopieren",
			"markdown.editor.insertImageFromWorkspace": "Bild aus Arbeitsbereich einfügen",
			"markdown.editor.insertLinkFromWorkspace": "Link zur Datei im Arbeitsbereich einfügen",
			"markdown.findAllFileReferences": "Dateiverweise suchen",
			"markdown.preview.breaks.desc": "Legt fest, wie Zeilenumbrüche in der Markdownvorschau gerendert werden. Durch eine Festlegung auf TRUE wird \"<br>\" für Zeilenumbrüche innerhalb von Absätzen erstellt.",
			"markdown.preview.doubleClickToSwitchToEditor.desc": "Um zum Editor zu wechseln, doppelklicken Sie in der Markdown-Vorschau.",
			"markdown.preview.fontFamily.desc": "Steuert die Schriftfamilie, die in der Markdown-Vorschau verwendet wird.",
			"markdown.preview.fontSize.desc": "Steuert den Schriftgrad in Pixeln, der in der Markdown-Vorschau verwendet wird.",
			"markdown.preview.lineHeight.desc": "Steuert die Zeilenhöhe, die in der Markdown-Vorschau verwendet wird. Diese Zahl ist relativ zum Schriftgrad.",
			"markdown.preview.linkify": "Konvertieren von URL-ähnlichem Text in Links in der Markdownvorschau.",
			"markdown.preview.markEditorSelection.desc": "Hiermit wird die aktuelle Editor-Auswahl in der Markdown-Vorschau markiert.",
			"markdown.preview.refresh.title": "Vorschau aktualisieren",
			"markdown.preview.scrollEditorWithPreview.desc": "Hiermit wird die Ansicht des Editors beim Scrollen in einer Markdown-Vorschau aktualisiert.",
			"markdown.preview.scrollPreviewWithEditor.desc": "Hiermit wird die Ansicht der Vorschau beim Scrollen in einem Markdown-Editor aktualisiert.",
			"markdown.preview.title": "Vorschau öffnen",
			"markdown.preview.toggleLock.title": "Vorschausperre umschalten",
			"markdown.preview.typographer": "Sprachneutrale Ersetzungen und die Anpassung von Anführungszeichen in der Markdown-Vorschau aktivieren.",
			"markdown.previewSide.title": "Vorschau an der Seite öffnen",
			"markdown.server.log.desc": "Steuert den Protokolliergrad des Markdown-Sprachservers.",
			"markdown.showLockedPreviewToSide.title": "Gesperrte Vorschau an der Seite öffnen",
			"markdown.showPreviewSecuritySelector.title": "Sicherheitseinstellungen für Vorschau ändern",
			"markdown.showSource.title": "Quelle anzeigen",
			"markdown.styles.dec": "Eine Liste von URLs oder lokalen Pfaden zu CSS-Stylesheets, die aus der Markdownvorschau verwendet werden sollen. Relative Pfade werden relativ zum im Explorer geöffneten Ordner interpretiert. Wenn kein geöffneter Ordner vorhanden ist, werden sie relativ zum Speicherort der Markdowndatei interpretiert. Alle '\\ müssen als '\\\\' geschrieben werden.",
			"markdown.trace.extension.desc": "Aktiviert die Debugprotokollierung für die Markdownerweiterung.",
			"markdown.trace.server.desc": "Verfolgt die Kommunikation zwischen VS Code und Markdown-Sprachserver nach.",
			"workspaceTrust": "Erforderlich, um Formatvorlagen zu laden, die im Arbeitsbereich konfiguriert sind."
		}
	}
}