{
	"": [
		"--------------------------------------------------------------------------------------------",
		"Copyright (c) Microsoft Corporation. All rights reserved.",
		"Licensed under the MIT License. See License.txt in the project root for license information.",
		"--------------------------------------------------------------------------------------------",
		"Do not edit this file. It is machine generated."
	],
	"version": "1.0.0",
	"contents": {
		"bundle": {
			"Error validating custom environment setting: {0}": "Ошибка при проверке параметра пользовательской среды: {0}",
			"Having trouble logging in?": "Возникли проблемы с входом в систему?",
			"Microsoft Account configuration has been changed.": "Конфигурация учетной записи Майкрософт изменена.",
			"Microsoft Authentication": "Проверка подлинности Майкрософт",
			"Microsoft Sovereign Cloud Authentication": "Проверка подлинности в национальном облаке Microsoft",
			"Open settings": "Открыть параметры",
			"Paste authorization code here...": "Вставьте здесь код авторизации...",
			"Provide the authorization code to complete the sign in flow.": "Укажите код авторизации для завершения потока входа.",
			"Reload": "Перезагрузить",
			"Signing in to Microsoft...": "Вход в Майкрософт...",
			"Signing in to your account...": "Вход в учетную запись...",
			"The environment `{0}` is not a valid environment.": "Среда \"{0}\" не является допустимой средой.",
			"Would you like to try a different way to sign in to your Microsoft account? ({0})": "Вы хотите попробовать другой способ входа в учетную запись Майкрософт? () ({0})",
			"Yes": "Да",
			"You have been signed out because reading stored authentication information failed.": "Вы вышли из системы, так как не удалось прочитать хранящиеся сведения о проверке подлинности.",
			"You must also specify a custom environment in order to use the custom environment auth provider.": "Необходимо также указать пользовательскую среду для использования поставщика проверки подлинности в пользовательской среде."
		},
		"package": {
			"description": "Поставщик проверки подлинности Майкрософт",
			"displayName": "Учетная запись Майкрософт",
			"microsoft-authentication.implementation.description": "Реализация проверки подлинности, используемой для входа с помощью учетной записи Майкрософт.",
			"microsoft-authentication.implementation.enumDescriptions.classic": "Используйте классический поток проверки подлинности для входа с помощью учетной записи Майкрософт.",
			"microsoft-authentication.implementation.enumDescriptions.msal": "Используйте библиотеку проверки подлинности Майкрософт (MSAL) для входа с помощью учетной записи Майкрософт.",
			"microsoft-sovereign-cloud.customEnvironment.activeDirectoryEndpointUrl.description": "Конечная точка Active Directory для пользовательского национального облака.",
			"microsoft-sovereign-cloud.customEnvironment.activeDirectoryResourceId.description": "ИД ресурса Active Directory для пользовательского национального облака.",
			"microsoft-sovereign-cloud.customEnvironment.description": "Пользовательская конфигурация национального облака для использования с поставщиком проверки подлинности национального облака Microsoft. Для использования этой функции также необходимо задать для параметра `#microsoft-sovereign-cloud.environment#` значение \"custom\".",
			"microsoft-sovereign-cloud.customEnvironment.managementEndpointUrl.description": "Конечная точка управления для пользовательского национального облака.",
			"microsoft-sovereign-cloud.customEnvironment.name.description": "Имя пользовательского национального облака.",
			"microsoft-sovereign-cloud.customEnvironment.portalUrl.description": "URL-адрес портала пользовательского национального облака.",
			"microsoft-sovereign-cloud.customEnvironment.resourceManagerEndpointUrl.description": "Конечная точка диспетчера ресурсов для пользовательского национального облака.",
			"microsoft-sovereign-cloud.environment.description": "Национальное облако, используемое для проверки подлинности. Если выбрано значение \"custom\", необходимо также задать параметр `#microsoft-sovereign-cloud.customEnvironment#`.",
			"microsoft-sovereign-cloud.environment.enumDescriptions.AzureChinaCloud": "Azure для Китая",
			"microsoft-sovereign-cloud.environment.enumDescriptions.AzureUSGovernment": "Azure для государственных организаций США",
			"microsoft-sovereign-cloud.environment.enumDescriptions.custom": "Пользовательское национальное облако Майкрософт",
			"signIn": "Войти",
			"signOut": "Выйти"
		}
	}
}