{
	"": [
		"--------------------------------------------------------------------------------------------",
		"Copyright (c) Microsoft Corporation. All rights reserved.",
		"Licensed under the MIT License. See License.txt in the project root for license information.",
		"--------------------------------------------------------------------------------------------",
		"Do not edit this file. It is machine generated."
	],
	"version": "1.0.0",
	"contents": {
		"bundle": {
			"Could not find a valid npm script at the selection.": "선택 영역에서 유효한 npm 스크립트를 찾을 수 없습니다.",
			"Debug": "디버그",
			"Debug Script": "디버그 스크립트",
			"Default bower.json": "기본 bower.json",
			"Default package.json": "기본 package.json",
			"Do not show again": "다시 표시 안 함",
			"Latest version: {0}": "최신 버전: {0}",
			"Latest version: {0} published {1}": "최신 버전: {0} 게시됨 {1}",
			"Learn more": "자세한 정보",
			"Matches the most recent major version (1.x.x)": "최신 주 버전(1.x.x)과 일치",
			"Matches the most recent minor version (1.2.x)": "최신 부 버전(1.2.x)과 일치",
			"No scripts found.": "스크립트를 찾을 수 없습니다.",
			"Npm task detection: failed to parse the file {0}": "npm 작업 검색: {0} 파일을 구문 분석하지 못했습니다.",
			"Request to the NPM repository failed: {0}": "NPM 리포지토리 요청 실패: {0}",
			"Request to the bower repository failed: {0}": "Bower 리포지토리 요청 실패: {0}",
			"Run Script": "스크립트 실행",
			"Run the script as a task": "작업으로 스크립트 실행",
			"Runs the script under the debugger": "디버거에서 스크립트 실행",
			"The currently latest version of the package": "패키지의 현재 최신 버전",
			"The setting \"npm.autoDetect\" is \"off\".": "\"npm.autoDetect\" 설정이 \"해제\"되어 있습니다.",
			"Using {0} as the preferred package manager. Found multiple lockfiles for {1}.  To resolve this issue, delete the lockfiles that don't match your preferred package manager or change the setting \"npm.packageManager\" to a value other than \"auto\".": "기본 패키지 관리자로 {0}을(를) 사용하고 있습니다. {1}에 대한 잠금 파일을 여러 개 찾았습니다.  이 문제를 해결하려면 기본 패키지 관리자와 일치하지 않는 잠금 파일을 삭제하거나 \"npm.packageManager\" 설정을 \"auto\" 이외의 값으로 변경하세요.",
			"in {0}": "{0} 후",
			"latest": "최신",
			"now": "지금",
			"{0} day": "{0}일",
			"{0} day ago": "{0}일 전",
			"{0} days": "{0}일",
			"{0} days ago": "{0}일 전",
			"{0} hour": "{0}시간",
			"{0} hour ago": "{0}시간 전",
			"{0} hours": "{0}시간",
			"{0} hours ago": "{0}시간 전",
			"{0} hr": "{0}시간",
			"{0} hr ago": "{0}시간 전",
			"{0} hrs": "{0}시간",
			"{0} hrs ago": "{0}시간 전",
			"{0} min": "{0}분",
			"{0} min ago": "{0}분 전",
			"{0} mins": "{0}분",
			"{0} mins ago": "{0}분 전",
			"{0} minute": "{0}분",
			"{0} minute ago": "{0}분 전",
			"{0} minutes": "{0}분",
			"{0} minutes ago": "{0}분 전",
			"{0} mo": "{0}개월",
			"{0} mo ago": "{0}개월 전",
			"{0} month": "{0}월",
			"{0} month ago": "{0}개월 전",
			"{0} months": "{0}개월",
			"{0} months ago": "{0}달 전",
			"{0} mos": "{0}개월",
			"{0} mos ago": "{0}개월 전",
			"{0} sec": "{0}초",
			"{0} sec ago": "{0}초 전",
			"{0} second": "{0}초",
			"{0} second ago": "{0}초 전",
			"{0} seconds": "{0}초",
			"{0} seconds ago": "{0}초 전",
			"{0} secs": "{0}초",
			"{0} secs ago": "{0}초 전",
			"{0} week": "{0}주",
			"{0} week ago": "{0}주 전",
			"{0} weeks": "{0}주",
			"{0} weeks ago": "{0}주 전",
			"{0} wk": "{0}주",
			"{0} wk ago": "{0}주 전",
			"{0} wks": "{0}주",
			"{0} wks ago": "{0}주 전",
			"{0} year": "{0}년",
			"{0} year ago": "{0}년 전",
			"{0} years": "{0}년",
			"{0} years ago": "{0}년 전",
			"{0} yr": "{0}년",
			"{0} yr ago": "{0}년 전",
			"{0} yrs": "{0}년",
			"{0} yrs ago": "{0}년 전"
		},
		"package": {
			"command.debug": "디버그",
			"command.openScript": "열기",
			"command.packageManager": "구성된 패키지 관리자 가져오기",
			"command.refresh": "새로 고침",
			"command.run": "실행",
			"command.runInstall": "설치 실행",
			"command.runScriptFromFolder": "폴더에서 NPM 스크립트 실행...",
			"command.runSelectedScript": "스크립트 실행",
			"config.npm.autoDetect": "npm 스크립트가 자동으로 감지되어야 하는지 여부를 제어합니다.",
			"config.npm.enableRunFromFolder": "탐색기 컨텍스트 메뉴의 폴더에 포함된 NPM 스크립트 실행을 사용하도록 설정합니다.",
			"config.npm.enableScriptExplorer": "최상위 'package.json' 파일이 없는 경우 npm 스크립트의 탐색기 보기를 사용하도록 설정합니다.",
			"config.npm.exclude": "자동 스크립트 검색에서 제외할 폴더에 대한 Glob 패턴을 구성합니다.",
			"config.npm.fetchOnlinePackageInfo": "https://registry.npmjs.org 및 https://registry.bower.io에서 데이터를 가져와 npm 종속성의 가리키기 기능에 대한 정보 및 자동 완성을 제공합니다.",
			"config.npm.packageManager": "스크립트를 실행하는 데 사용하는 패키지 관리자.",
			"config.npm.packageManager.auto": "잠금 파일 및 설치된 패키지 관리자를 기반으로 스크립트를 실행하는 데 사용할 패키지 관리자를 자동 검색합니다.",
			"config.npm.packageManager.bun": "스크립트를 실행하는 데 패키지 관리자로 bun을 사용합니다.",
			"config.npm.packageManager.npm": "스크립트를 실행하는 데 패키지 관리자로 npm을 사용합니다.",
			"config.npm.packageManager.pnpm": "스크립트를 실행하는 데 패키지 관리자로 pnpm을 사용합니다.",
			"config.npm.packageManager.yarn": "스크립트를 실행하는 데 패키지 관리자로 yarn을 사용합니다.",
			"config.npm.runSilent": "`--silent` 옵션으로 npm 명령 실행.",
			"config.npm.scriptExplorerAction": "NPM 스크립트 탐색기에서 사용되는 기본 클릭 작업: 'open' 또는 'run', 기본값은 'open'입니다.",
			"config.npm.scriptExplorerExclude": "NPM 스크립트 뷰에서 제외해야 하는 스크립트를 나타내는 정규식 배열입니다.",
			"config.npm.scriptHover": "스크립트에 대한 '실행' 및 '디버그' 명령으로 가리킵니다.",
			"description": "npm 스크립트에 대한 작업 지원을 추가할 확장입니다.",
			"displayName": "VS Code에 대한 Npm 지원",
			"npm.parseError": "npm 작업 검색: {0} 파일을 구문 분석하지 못했습니다.",
			"taskdef.path": "스크립트를 제공하는 package.json 파일의 폴더 경로이며 생략할 수 있습니다.",
			"taskdef.script": "사용자 지정할 npm 스크립트입니다.",
			"view.name": "Npm 스크립트",
			"virtualWorkspaces": "가상 작업 영역에서는 'npm' 명령을 실행해야 하는 기능을 사용할 수 없습니다.",
			"workspaceTrust": "이 확장은 신뢰를 필요로 하는 작업을 실행합니다."
		}
	}
}