{
	"": [
		"--------------------------------------------------------------------------------------------",
		"Copyright (c) Microsoft Corporation. All rights reserved.",
		"Licensed under the MIT License. See License.txt in the project root for license information.",
		"--------------------------------------------------------------------------------------------",
		"Do not edit this file. It is machine generated."
	],
	"version": "1.0.0",
	"contents": {
		"bundle": {
			"(loading...)/Prefix displayed for hover entries while the server is still loading": "(ładowanie...)",
			"...1 additional file not shown": "...1 dodatkowy plik nie jest wyświetlony",
			"...{0} additional files not shown": "...dodatkowe pliki w liczbie {0} nie są wyświetlone",
			"1 implementation": "1 implementacja",
			"1 reference": "1 odwołanie",
			"Acquiring typings definitions for IntelliSense./Typings refers to the *.d.ts typings files that power our IntelliSense. It should not be localized": "Uzyskiwanie definicji typings dla funkcji IntelliSense.",
			"Acquiring typings.../Typings refers to the *.d.ts typings files that power our IntelliSense. It should not be localized": "Trwa uzyskiwanie definicji typings...",
			"Add all missing imports": "Dodaj wszystkie brakujące importy",
			"Allow": "Zezwól",
			"Always": "Zawsze",
			"An error occurred while renaming file": "Wystąpił błąd podczas zmiany nazwy pliku",
			"Analyzing '{0}' and its dependencies": "„{0}” — analizowanie i badanie zależności",
			"Checking for update of JS/TS imports": "Sprawdzanie aktualizacji importów JS/TS",
			"Configure Excludes": "Skonfiguruj wykluczenia",
			"Configure jsconfig": "Konfiguruj plik jsconfig",
			"Configure jsconfig.json": "Konfiguruj plik jsconfig.json",
			"Configure tsconfig": "Konfiguruj plik tsconfig",
			"Configure tsconfig.json": "Konfiguruj plik tsconfig.json",
			"Could not apply refactoring": "Nie można zastosować refaktoryzacji",
			"Could not detect a Node installation to run TS Server.": "Nie można wykryć instalacji węzła do uruchomienia serwera TS.",
			"Could not determine TypeScript or JavaScript project": "Nie można było określić projektu języka TypeScript lub JavaScript",
			"Could not determine TypeScript or JavaScript project. Unsupported file type": "Nie można było określić projektu języka TypeScript lub JavaScript. Nieobsługiwany typ pliku",
			"Could not determine references": "Określenie referencji okazało się niemożliwe.",
			"Could not install typings files for JavaScript language features. Please ensure that NPM is installed, or configure 'typescript.npm' in your user settings. Alternatively, check the [documentation]({0}) to learn more.": "Nie można zainstalować plików wpisywania dla funkcji języka JavaScript. Upewnij się, że program NPM jest zainstalowany lub skonfiguruj plik „typescript.npm” w ustawieniach użytkownika. Możesz też zapoznać się z [dokumentacją]({0}), aby dowiedzieć się więcej.",
			"Could not load the TypeScript version at this path": "Could not load the TypeScript version at this path",
			"Could not open TS Server log file": "Nie można było otworzyć pliku dziennika serwera języka TS",
			"Disable logging": "Wyłącz rejestrowanie",
			"Disables semantic checking in a JavaScript file. Must be at the top of a file.": "Wyłącza sprawdzanie semantyczne w pliku JavaScript. Musi znajdować się na początku pliku.",
			"Dismiss": "Odrzuć",
			"Don't Show Again": "Nie pokazuj ponownie",
			"Don't show again": "Nie pokazuj ponownie",
			"Enable logging and restart TS server": "Włącz rejestrowanie i uruchom ponownie serwer języka TS",
			"Enables semantic checking in a JavaScript file. Must be at the top of a file.": "Włącza sprawdzanie semantyczne w pliku języka JavaScript. Musi znajdować się na początku pliku.",
			"Enter file path": "Wprowadź ścieżkę pliku",
			"Enter new file path...": "Wprowadź nową ścieżkę pliku...",
			"Extract to constant": "Wyodrębnij do stałej",
			"Extract to function": "Wyodrębnij do funkcji",
			"Failed to resolve {0} as module": "Nie można rozpoznać {0} jako modułu",
			"Fetching data for better TypeScript IntelliSense": "Pobieranie danych w celu poprawienia działa funkcji IntelliSense dla języka TypeScript",
			"File is not part of a JavaScript project. View the [jsconfig.json documentation]({0}) to learn more.": "Plik nie jest częścią projektu JavaScript. Aby dowiedzieć się więcej, zapoznaj się z [dokumentacją pliku jsconfig.json]({0}).",
			"File is not part of a TypeScript project. View the [tsconfig.json documentation]({0}) to learn more.": "Plik nie jest częścią projektu TypeScript. Aby dowiedzieć się więcej, zapoznaj się z [dokumentacją pliku tsconfig.json]({0}).",
			"File is not part opened folders": "Plik nie jest częścią otwartych folderów",
			"Find file references failed. No resource provided.": "Odnalezienie odwołań do pliku nie powiodło się. Nie podano dostarczono zasobu.",
			"Find file references failed. Requires TypeScript 4.2+.": "Odnalezienie odwołań do pliku nie powiodło się. Wymagany jest język TypeScript 4.2 lub nowszy.",
			"Find file references failed. Unknown file type.": "Odnalezienie odwołań do pliku nie powiodło się. Nieznany typ pliku.",
			"Find file references failed. Unsupported file type.": "Odnalezienie odwołań do pliku nie powiodło się. Nieobsługiwany typ pliku.",
			"Finding file references": "Znajdowanie odwołań do plików",
			"Finding source definitions": "Wyszukiwanie definicji źródła",
			"Fix all fixable JS/TS issues": "Rozwiąż wszystkie możliwe do naprawienia problemy z kodem JS/TS",
			"Follow link": "Otwórz link",
			"Go to Source Definition failed. No resource provided.": "Przejście do definicji źródła nie powiodło się. Nie podano żadnego zasobu.",
			"Go to Source Definition failed. Requires TypeScript 4.7+.": "Przejście do definicji źródła nie powiodło się. Wymagany jest język TypeScript 4.7 lub nowszy.",
			"Go to Source Definition failed. Unknown file type.": "Przejście do definicji źródła nie powiodło się. Nieznany typ pliku.",
			"Go to Source Definition failed. Unsupported file type.": "Przejście do definicji źródła nie powiodło się. Nieobsługiwany typ pliku.",
			"Initializing '{0}'": "Inicjowanie „{0}”",
			"JS/TS IntelliSense Status": "Stan funkcji IntelliSense języka JS/TS",
			"JSDoc comment": "Komentarz JSDoc",
			"Learn More": "Dowiedz się więcej",
			"Learn more about JS/TS refactorings": "Dowiedz się więcej o refaktoryzacjach w języku JS/TS",
			"Learn more about managing TypeScript versions": "Dowiedz się więcej na temat zarządzania wersjami języka TypeScript",
			"Loading IntelliSense status": "Ładowanie stanu funkcji IntelliSense",
			"Move to File": "Przenieś do pliku",
			"Never": "Nigdy",
			"Never in this Workspace": "Nigdy w tym obszarze roboczym",
			"No": "Nie",
			"No jsconfig": "Brak pliku jsconfig",
			"No opened folders": "Brak otwartych folderów",
			"No source definitions found.": "Nie znaleziono żadnych definicji źródła.",
			"No tsconfig": "Brak pliku tsconfig",
			"Not now": "Nie teraz",
			"Open config file": "Otwórz plik konfiguracji",
			"Organize Imports": "Organizuj importy",
			"Partial Mode": "Tryb częściowy",
			"Paste with imports": "Wklej z importami",
			"Please open a folder in VS Code to use a TypeScript or JavaScript project": "Otwórz folder w programie VS Code, aby użyć projektu języka TypeScript lub JavaScript",
			"Please report an issue against Yarn PnP": "Zgłoś problem dotyczący usługi YARN PnP",
			"Please update your TypeScript version": "Zaktualizuj wersję języka TypeScript",
			"Project Wide IntelliSense not available": "Funkcja IntelliSense dla całego projektu jest niedostępna",
			"Remove Unused Imports": "Usuń nieużywane importy",
			"Remove all unused code": "Usuń cały nieużywany kod",
			"Report Issue": "Zgłoś problem",
			"Report issue against Yarn PnP": "Zgłoś problem dotyczący usługi YARN PnP",
			"Select Version": "Wybierz wersję",
			"Select code action to apply": "Wybierz akcję kodu do zastosowania",
			"Select existing file...": "Wybierz istniejący plik...",
			"Select move destination": "Wybierz lokalizację docelową przenoszenia",
			"Select the TypeScript version used for JavaScript and TypeScript language features": "Wybierz wersję języka TypeScript używaną dla funkcji języka JavaScript i TypeScript",
			"Sort Imports": "Sortuj elementy zaimportowane",
			"Suppresses @ts-check errors on the next line of a file, expecting at least one to exist.": "Pomija błędy @ts-check w następnym wierszu pliku, oczekiwane jest, że będzie istniał co najmniej jeden wiersz.",
			"Suppresses @ts-check errors on the next line of a file.": "Pomija błędy @ts-check w następnym wierszu pliku.",
			"TS Server has not started logging.": "Serwer języka TS nie rozpoczął rejestrowania.",
			"TS Server logging is currently enabled which may impact performance.": "Rejestrowanie serwera TS jest obecnie włączone, co może mieć wpływ na wydajność.",
			"TS Server logging is off. Please set 'typescript.tsserver.log' and restart the TS server to enable logging": "Rejestrowanie serwera języka TS jest wyłączone. Ustaw plik „typescript.tsserver.log” i uruchom ponownie serwer języka TS, aby włączyć rejestrowanie",
			"The JS/TS language service crashed 5 times in the last 5 Minutes.": "Usługa językowa JS/TS uległa awarii 5 razy w ciągu ostatnich 5 minut.",
			"The JS/TS language service crashed 5 times in the last 5 Minutes.\nThis may be caused by a plugin contributed by one of these extensions: {0}\nPlease try disabling these extensions before filing an issue against VS Code.": "Usługa językowa języka JS/TS uległa awarii 5 razy w ciągu ostatnich 5 minut.\nMoże to być spowodowane przez wtyczkę współtworzoną przez jedno z następujących rozszerzeń: {0}\nSpróbuj wyłączyć te rozszerzenia zanim zgłosisz problem dotyczący programu VS Code.",
			"The JS/TS language service crashed.": "Usługa językowa JS/TS uległa awarii.",
			"The JS/TS language service crashed.\nThis may be caused by a plugin contributed by one of these extensions: {0}.\nPlease try disabling these extensions before filing an issue against VS Code.": "Usługa językowa języka JS/TS uległa awarii.\nMoże to być spowodowane przez wtyczkę współtworzoną przez jedno z następujących rozszerzeń: {0}.\nSpróbuj wyłączyć te rozszerzenia zanim zgłosisz problem dotyczący programu VS Code.",
			"The JS/TS language service immediately crashed 5 times. The service will not be restarted.": "Usługa językowa JS/TS natychmiast uległa awarii 5 razy. Usługa nie zostanie ponownie uruchomiona.",
			"The JS/TS language service immediately crashed 5 times. The service will not be restarted.\nThis may be caused by a plugin contributed by one of these extensions: {0}.\nPlease try disabling these extensions before filing an issue against VS Code.": "Usługa językowa języka JS/TS uległa natychmiastowej awarii 5 razy. Nie można ponownie uruchomić usługi.\nMoże to być spowodowane przez wtyczkę współtworzoną przez jedno z następujących rozszerzeń: {0}.\nSpróbuj wyłączyć te rozszerzenia zanim zgłosisz problem dotyczący programu VS Code.",
			"The current selection cannot be extracted": "Nie można wyodrębnić bieżącego zaznaczenia",
			"The path {0} doesn't point to a valid Node installation to run TS Server. Falling back to bundled Node.": "Ścieżka {0} nie wskazuje prawidłowej instalacji węzła do uruchomienie serwera TS. Powrót do węzła w pakiecie.",
			"The path {0} doesn't point to a valid tsserver install. Falling back to bundled TypeScript version.": "Ścieżka {0} nie wskazuje prawidłowej instalacji tsserver. Wykonywany jest powrót do dołączonej wersji języka TypeScript.",
			"The workspace is using a version of the TypeScript Server that has been patched by Yarn PnP. This patching is a common source of bugs.": "Obszar roboczy używa wersji serwera TypeScript, która została poprawiona przez usługę YARN PnP. To poprawianie jest typowym źródłem usterek.",
			"The workspace is using an old version of TypeScript ({0}).\n\nBefore reporting an issue, please update the workspace to use TypeScript {1} or newer to make sure the bug has not already been fixed.": "Obszar roboczy używa starej wersji języka TypeScript ({0}).\n\nPrzed zgłoszeniem problemu zaktualizuj obszar roboczy, aby używał języka TypeScript w wersji {1} lub nowszej, aby upewnić się, że usterka nie została już usunięta.",
			"This workspace contains a TypeScript version. Would you like to use the workspace TypeScript version for TypeScript and JavaScript language features?": "Ten obszar roboczy zawiera wersję języka TypeScript. Czy chcesz użyć wersji języka TypeScript z obszaru roboczego dla funkcji języków TypeScript i JavaScript?",
			"This workspace wants to use the Node installation at '{0}' to run TS Server. Would you like to use it?": "Ten obszar roboczy chce użyć instalacji węzła w „{0}” do uruchomienia serwera TS. Czy chcesz to użyć?",
			"To enable project-wide JavaScript/TypeScript language features, exclude folders with many files, like: {0}": "Aby włączyć funkcje języka JavaScript/TypeScript w całym projekcie, należy wykluczyć foldery z wieloma plikami, na przykład: {0}",
			"To enable project-wide JavaScript/TypeScript language features, exclude large folders with source files that you do not work on.": "Aby włączyć funkcje języka JavaScript/TypeScript w całym projekcie, wyklucz duże foldery z plikami źródłowymi, nad którymi nie pracujesz.",
			"TypeScript Server Log": "Dziennik serwera TypeScript",
			"TypeScript Task in tasks.json contains \"\\\\\". TypeScript tasks tsconfig must use \"/\"": "Zadanie języka TypeScript w pliku tasks.json zawiera „\\\\”. Zadania języka TypeScript w pliku tsconfig muszą używać „/”",
			"TypeScript Version": "Wersja języka TypeScript",
			"TypeScript language server exited with error. Error message is: {0}": "Serwer języka TypeScript zakończył pracę z błędem. Komunikat o błędzie: {0}",
			"TypeScript: Configure Excludes": "TypeScript: konfigurowanie wykluczeń",
			"Update imports for '{0}'?": "Aktualizować importy dla elementu „{0}”?",
			"Update imports for the following {0} files?": "Zaktualizować importy dla następujących {0} plików?",
			"Use VS Code's Version": "Użyj wersji programu VS Code",
			"Use Workspace Version": "Użyj wersji obszaru roboczego",
			"VS Code's tsserver was deleted by another application such as a misbehaving virus detection tool. Please reinstall VS Code.": "VS Code's tsserver was deleted by another application such as a misbehaving virus detection tool. Please reinstall VS Code.",
			"Yes": "Tak",
			"build - {0}": "kompilacja — {0}",
			"destination files": "pliki docelowe",
			"invalid version": "nieprawidłowa wersja",
			"watch - {0}": "monitoruj – {0}",
			"{0} (Fix all in file)": "{0} (popraw wszystko w pliku)",
			"{0} implementations": "Implementacje: {0}",
			"{0} references": "Odwołania: {0}"
		},
		"package": {
			"configuration.expandableHover": "Włącz/wyłącz rozwijanie po najechaniu kursorem.",
			"configuration.implicitProjectConfig.checkJs": "Włącz/wyłącz sprawdzanie semantyczne plików języka JavaScript. Istniejące pliki „jsconfig.json” lub „tsconfig.json” przesłaniają to ustawienie.",
			"configuration.implicitProjectConfig.experimentalDecorators": "Włącz/wyłącz parametr „experimentalDecorators” w plikach języka JavaScript, które nie są częścią projektu. Istniejące pliki „jsconfig.json” lub „tsconfig.json” przesłaniają to ustawienie.",
			"configuration.implicitProjectConfig.module": "Ustawia system modułów dla programu. Zobacz więcej: https://www.typescriptlang.org/tsconfig#module.",
			"configuration.implicitProjectConfig.strictFunctionTypes": "Włącz/wyłącz [dokładne typy funkcji](https://www.typescriptlang.org/tsconfig#strictFunctionTypes) w plikach języków JavaScript i TypeScript, które nie są częścią projektu. Istniejące pliki „jsconfig.json” lub „tsconfig.json” przesłaniają to ustawienie.",
			"configuration.implicitProjectConfig.strictNullChecks": "Włącz/wyłącz [ścisłe kontroli wartości null](https://www.typescriptlang.org/tsconfig#strictNullChecks) w plikach języków JavaScript i TypeScript, które nie są częścią projektu. Istniejące pliki „jsconfig.json” lub „tsconfig.json” przesłaniają to ustawienie.",
			"configuration.implicitProjectConfig.target": "Ustaw docelową wersję języka JavaScript dla emitowanego kodu JavaScript i dołącz deklaracje biblioteki. Zobacz więcej: https://www.typescriptlang.org/tsconfig#target.",
			"configuration.inlayHints.enumMemberValues.enabled": "Włącz/wyłącz wskazówki dotyczące nakładek dla wartości składowych w deklaracjach wyliczenia:\r\n''''typescript\r\n\r\nenum MyValue {\r\n A /* = 0 */;\r\n\tB /* = 1 */;\r\n}\r\n \r\n```",
			"configuration.inlayHints.functionLikeReturnTypes.enabled": "Włącz/wyłącz wskazówki dotyczące nakładek dla niejawnych typów zwracanych w sygnaturach funkcji:\r\n'''typescript\r\n\r\nfunction foo() /* :number */ {\r\n\treturn Date.now();\r\n}\r\n\r\n\r\n ```",
			"configuration.inlayHints.parameterNames.enabled": "Włącz/wyłącz wskazówki dotyczące nakładek dla nazw parametrów:\r\n''''typescript\r\n\r\nparseInt(/* str: */ '123', /* radix: */ 8)\r\n\r\n''",
			"configuration.inlayHints.parameterNames.suppressWhenArgumentMatchesName": "Pomiń wskazówki dotyczące nazw parametrów dla argumentów, których tekst jest identyczny z nazwą parametru.",
			"configuration.inlayHints.parameterTypes.enabled": "Włącz/wyłącz wskazówki dotyczące nakładek dla niejawnych typów parametrów:\r\n'''typescript\r\n\r\nel.addEventListener('click', e /* :MouseEvent */ => ...)\r\n\r\n ```",
			"configuration.inlayHints.propertyDeclarationTypes.enabled": "Włącz/wyłącz wskazówki dotyczące nakładek dla typów niejawnych w deklaracjach właściwości:\r\n'''typescript\r\n\r\nclass Foo {\r\n prop /* :number */ = Date.now();}\r\n\r\n\r\n ```",
			"configuration.inlayHints.variableTypes.enabled": "Włącz/wyłącz wskazówki dotyczące nakładek dla niejawnych typów zmiennych:\r\n'typescript\r\n\r\nconst foo /* :number */ = Date.now();\r\n\r\n```",
			"configuration.inlayHints.variableTypes.suppressWhenTypeMatchesName": "Pomiń wskazówki typu dla zmiennych, których nazwa jest identyczna z nazwą typu.",
			"configuration.javascript.checkJs.checkJs.deprecation": "To ustawienie zostało zastąpione przez `js/ts.implicitProjectConfig.checkJs`.",
			"configuration.javascript.checkJs.experimentalDecorators.deprecation": "To ustawienie zostało zastąpione przez `js/ts.implicitProjectConfig.experimentalDecorators`.",
			"configuration.preferGoToSourceDefinition": "Powoduje, że funkcja „Przejdź do definicji” unika, jeśli jest to możliwe, plików deklaracji typu, wyzwalając zamiast tego polecenie „Przejdź do definicji źródła”. Umożliwia to wyzwalanie funkcji „Przejdź do definicji źródła” za pomocą gestu myszy.",
			"configuration.suggest.autoImports": "Włącz/wyłącz sugestie automatycznego importowania.",
			"configuration.suggest.classMemberSnippets.enabled": "Włącz/wyłącz uzupełnianie fragmentów kodu dla składowych klasy.",
			"configuration.suggest.completeFunctionCalls": "Uzupełnij funkcje za pomocą ich sygnatury parametru.",
			"configuration.suggest.completeJSDocs": "Włącz/wyłącz sugestię do uzupełniania komentarzy JSDoc.",
			"configuration.suggest.includeAutomaticOptionalChainCompletions": "Włącz/wyłącz pokazywanie uzupełnień potencjalnie niezdefiniowanych wartości, które wstawiają opcjonalne wywołanie łańcucha. Wymaga włączenia ścisłych kontroli wartości null.",
			"configuration.suggest.includeCompletionsForImportStatements": "Włącz/wyłącz uzupełnianie w stylu automatycznego importu dla częściowo wpisanych instrukcji importu.",
			"configuration.suggest.jsdoc.generateReturns": "Włącz/wyłącz generowanie adnotacji „@zwraca” dla szablonów JSDoc.",
			"configuration.suggest.names": "Włącz/wyłącz uwzględnianie unikatowych nazw z pliku w sugestiach języka JavaScript. Pamiętaj, że sugestie nazw są zawsze wyłączone w kodzie JavaScript, który jest semantycznie sprawdzany przy użyciu funkcji „@ts-check” lub „checkJs”.",
			"configuration.suggest.objectLiteralMethodSnippets.enabled": "Włącz/wyłącz uzupełnienia fragmentów kodu dla metod w literałach obiektów.",
			"configuration.suggest.paths": "Włącz/wyłącz sugestie dotyczące ścieżek w instrukcjach importu i wymagaj wywołań.",
			"configuration.surveys.enabled": "Włącz/wyłącz okazjonalne ankiety, które pomagają nam ulepszyć obsługę języków JavaScript i TypeScript w programie VS Code.",
			"configuration.tsserver.experimental.enableProjectDiagnostics": "Umożliwia raportowanie błędów w całym projekcie.",
			"configuration.tsserver.maxTsServerMemory": "Maksymalna ilość pamięci (w MB), która ma zostać przydzielona do procesu serwera języka TypeScript. Aby użyć limitu pamięci większego niż 4 GB, użyj `#typescript.tsserver.nodePath#`, aby uruchomić serwer TS z niestandardową instalacją węzła.",
			"configuration.tsserver.nodePath": "Uruchom serwer TS w przypadku niestandardowej instalacji węzła. Może to być ścieżka do pliku wykonywalnego węzła lub element „node”, jeśli chcesz, aby edytor VS Code wykrywał instalację węzła.",
			"configuration.tsserver.useSeparateSyntaxServer": "Włącz/wyłącz tworzenie oddzielnego serwera języka TypeScript, który może szybciej reagować na operacje związane ze składnią, takie jak obliczanie składania lub obliczanie symboli dokumentów.",
			"configuration.tsserver.useSeparateSyntaxServer.deprecation": "To ustawienie jest przestarzałe na rzecz elementu „typescript.tsserver.useSyntaxServer”.",
			"configuration.tsserver.useSyntaxServer": "Określa, czy język TypeScript uruchamia dedykowany serwer, aby szybciej obsługiwać operacje związane ze składnią, takie jak składanie kodu obliczeniowego.",
			"configuration.tsserver.useSyntaxServer.always": "Użyj lżejszego serwera składni, aby obsłużyć wszystkie operacje funkcji IntelliSense. Ten serwer składni może zapewniać funkcję IntelliSense tylko dla otwartych plików.",
			"configuration.tsserver.useSyntaxServer.auto": "Zduplikuj zarówno pełny serwer, jak i lżejszy serwer przeznaczony do wykonywania operacji składniowych. Serwer składni służy do przyspieszania operacji składniowych i zapewniania funkcji IntelliSense podczas ładowania projektów.",
			"configuration.tsserver.useSyntaxServer.never": "Nie używaj dedykowanego serwera składni. Użyj pojedynczego serwera do obsługi wszystkich operacji funkcji IntelliSense.",
			"configuration.tsserver.useVsCodeWatcher": "Użyj obserwatorów plików w oprogramowaniu VS Code zamiast tych w języku TypeScript. Wymaga użycia języka TypeScript w wersji 5.4 lub nowszej w obszarze roboczym.",
			"configuration.tsserver.useVsCodeWatcher.deprecation": "Zamiast tego użyj ustawienia „#typescript.tsserver.watchOptions#”.",
			"configuration.tsserver.watchOptions": "Skonfiguruj strategie obserwowania, które mają być używane do śledzenia plików i katalogów.",
			"configuration.tsserver.watchOptions.fallbackPolling": "W przypadku korzystania ze zdarzeń systemu plików ta opcja określa strategię sondowania, która jest używana, gdy w systemie zabraknie natywnych obserwatorów plików i/lub gdy system nie obsługuje natywnych obserwatorów plików.",
			"configuration.tsserver.watchOptions.fallbackPolling.dynamicPriorityPolling ": "Korzystaj z kolejek dynamicznych, aby rzadziej modyfikowane pliki nie były tak często sprawdzane.",
			"configuration.tsserver.watchOptions.fallbackPolling.fixedPollingInterval": "Sprawdzaj każdy plik pod kątem zmian kilka razy na sekundę w ustalonych odstępach czasu.",
			"configuration.tsserver.watchOptions.fallbackPolling.priorityPollingInterval": "Sprawdzaj każdy plik pod kątem zmian kilka razy na sekundę, ale użyj heurystyki, aby sprawdzać niektóre typy plików rzadziej niż inne.",
			"configuration.tsserver.watchOptions.synchronousWatchDirectory": "Wyłącz odroczone monitorowanie katalogów. Odroczone monitorowanie jest przydatne, gdy wiele zmian plików może wystąpić jednocześnie (np. zmiana w node_modules z uruchamiania instalacji menedżera npm), ale można je wyłączyć przy użyciu tej flagi dla niektórych mniej popularnych konfiguracji.",
			"configuration.tsserver.watchOptions.vscode": "Użyj obserwatorów plików w oprogramowaniu VS Code zamiast tych w języku TypeScript. Wymaga użycia języka TypeScript w wersji 5.4 lub nowszej w obszarze roboczym.",
			"configuration.tsserver.watchOptions.watchDirectory": "Strategia określająca sposób monitorowania całych drzew katalogów w systemach, które nie mają funkcji cyklicznego monitorowania plików.",
			"configuration.tsserver.watchOptions.watchDirectory.dynamicPriorityPolling": "Użyj kolejki dynamicznej, w której rzadziej modyfikowane katalogi będą rzadziej sprawdzane.",
			"configuration.tsserver.watchOptions.watchDirectory.fixedChunkSizePolling": "Sonduje katalogi we fragmentach w regularnych odstępach czasu.",
			"configuration.tsserver.watchOptions.watchDirectory.fixedPollingInterval": "Sprawdzaj każdy katalog pod kątem zmian kilka razy na sekundę w ustalonych odstępach czasu.",
			"configuration.tsserver.watchOptions.watchDirectory.useFsEvents": "Próba użycia natywnych zdarzeń systemu operacyjnego/systemu plików na potrzeby zmian w katalogu.",
			"configuration.tsserver.watchOptions.watchFile": "Strategia określająca sposób monitorowania poszczególnych plików.",
			"configuration.tsserver.watchOptions.watchFile.dynamicPriorityPolling": "Użyj kolejki dynamicznej, w której rzadziej modyfikowane pliki będą rzadziej sprawdzane.",
			"configuration.tsserver.watchOptions.watchFile.fixedChunkSizePolling": "Sonduje pliki we fragmentach w regularnych odstępach czasu.",
			"configuration.tsserver.watchOptions.watchFile.fixedPollingInterval": "Sprawdzaj każdy plik pod kątem zmian kilka razy na sekundę w ustalonych odstępach czasu.",
			"configuration.tsserver.watchOptions.watchFile.priorityPollingInterval": "Sprawdzaj każdy plik pod kątem zmian kilka razy na sekundę, ale użyj heurystyki, aby sprawdzać niektóre typy plików rzadziej niż inne.",
			"configuration.tsserver.watchOptions.watchFile.useFsEvents": "Próba użycia natywnych zdarzeń systemu operacyjnego/systemu plików na potrzeby zmian plików.",
			"configuration.tsserver.watchOptions.watchFile.useFsEventsOnParentDirectory": "Próba użycia natywnych zdarzeń systemu operacyjnego/systemu plików, aby nasłuchiwać zmian w katalogach zawierających plik. Może to prowadzić do korzystania z mniejszej liczby obserwatorów plików, ale też do obniżenia dokładności.",
			"configuration.tsserver.web.projectWideIntellisense.enabled": "Włącz/wyłącz funkcję IntelliSense dla całego projektu w sieci Web. Wymaga to, aby program VS Code był uruchomiony w zaufanym kontekście.",
			"configuration.tsserver.web.projectWideIntellisense.suppressSemanticErrors": "Eliminuje błędy semantyczne w sieci, nawet jeśli włączona jest funkcja IntelliSense dla całego projektu. Ta opcja jest zawsze włączona, gdy funkcja IntelliSense dla całego projektu nie jest włączona lub dostępna. Zobacz `#typescript.tsserver.web.projectWideIntellisense.enabled#`",
			"configuration.tsserver.web.typeAcquisition.enabled": "Włącz/wyłącz nabywanie pakietów w sieci Web. Spowoduje to włączenie funkcji IntelliSense dla zaimportowanych pakietów. Wymaga elementu `#typescript.tsserver.web.projectWideIntellisense.enabled#`. Obecnie nie jest obsługiwany w przeglądarce Safari.",
			"configuration.typescript": "TypeScript",
			"configuration.updateImportsOnPaste": "Włącz aktualizowanie importów podczas wklejania kodu. Wymaga języka TypeScript 5.7+.\r\n\r\nDomyślnie jest wyświetlana opcja aktualizowania importów po wklejeniu. Możesz użyć ustawienia „#editor.pasteAs.preferences#”, aby automatycznie aktualizować importy podczas wklejania: `\"editor.pasteAs.preferences\": [ \"text.updateImports.jsts\" ]`.",
			"description": "Zapewnia bogatą obsługę języków JavaScript i TypeScript.",
			"displayName": "Funkcje języków TypeScript i JavaScript",
			"format.indentSwitchCase": "Wcięcie klauzul sprawy w instrukcjach zmiany. Wymaga użycia języka TypeScript 5.1+ w obszarze roboczym.",
			"format.insertSpaceAfterCommaDelimiter": "Definiuje obsługę spacji po przecinku w funkcji ogranicznika.",
			"format.insertSpaceAfterConstructor": "Definiuje obsługę spacji po słowie kluczowym constructor.",
			"format.insertSpaceAfterFunctionKeywordForAnonymousFunctions": "Definiuje obsługę spacji po słowie kluczowym funkcji dla funkcji anonimowych.",
			"format.insertSpaceAfterKeywordsInControlFlowStatements": "Definiuje obsługę spacji po słowach kluczowych w instrukcji przepływu sterowania.",
			"format.insertSpaceAfterOpeningAndBeforeClosingEmptyBraces": "Definiuje obsługę spacji po otwarciu i przed zamknięciem pustych nawiasów klamrowych.",
			"format.insertSpaceAfterOpeningAndBeforeClosingJsxExpressionBraces": "Definiuje obsługę spacji po otwarciu i przed zamknięciem nawiasów klamrowych wyrażenia JSX.",
			"format.insertSpaceAfterOpeningAndBeforeClosingNonemptyBraces": "Definiuje obsługę spacji po otwarciu i przed zamknięciem niepustych nawiasów klamrowych.",
			"format.insertSpaceAfterOpeningAndBeforeClosingNonemptyBrackets": "Definiuje obsługę spacji po otwarciu i przed zamknięciem niepustych nawiasów.",
			"format.insertSpaceAfterOpeningAndBeforeClosingNonemptyParenthesis": "Definiuje obsługę spacji po otwarciu i przed zamknięciem niepustego nawiasu.",
			"format.insertSpaceAfterOpeningAndBeforeClosingTemplateStringBraces": "Definiuje obsługę spacji po otwarciu i przed zamknięciem nawiasów klamrowych ciągu szablonu.",
			"format.insertSpaceAfterSemicolonInForStatements": "Definiuje obsługę spacji po średniku w instrukcji for.",
			"format.insertSpaceAfterTypeAssertion": "Definiuje obsługę spacji po potwierdzeniach typu w języku TypeScript.",
			"format.insertSpaceBeforeAndAfterBinaryOperators": "Definiuje obsługę spacji po operatorze binarnym.",
			"format.insertSpaceBeforeFunctionParenthesis": "Definiuje obsługę spacji przed nawiasami argumentu funkcji.",
			"format.placeOpenBraceOnNewLineForControlBlocks": "Określa, czy otwierający nawias klamrowy jest umieszczany w nowym wierszu dla bloków kontrolnych, czy też nie.",
			"format.placeOpenBraceOnNewLineForFunctions": "Określa, czy otwierający nawias klamrowy jest umieszczany w nowym wierszu dla funkcji, czy też nie.",
			"format.semicolons": "Definiuje obsługę opcjonalnych średników.",
			"format.semicolons.ignore": "Nie wstawiaj ani nie usuwaj średników.",
			"format.semicolons.insert": "Wstaw średniki na końcach instrukcji.",
			"format.semicolons.remove": "Usuń niepotrzebne średniki.",
			"inlayHints.parameterNames.all": "Włącz wskazówki dotyczące nazw parametrów dla argumentów literału i niebędących literałami.",
			"inlayHints.parameterNames.literals": "Włącz wskazówki dotyczące nazw parametrów tylko dla argumentów literału.",
			"inlayHints.parameterNames.none": "Wyłącz wskazówki dotyczące nazw parametrów.",
			"javascript.format.enable": "Włącz/wyłącz domyślny program formatujący języka JavaScript.",
			"javascript.goToProjectConfig.title": "Przejdź do konfiguracji projektu (jsconfig/tsconfig)",
			"javascript.preferences.jsxAttributeCompletionStyle.auto": "Wstaw element `={}` lub `=\"\"` po nazwach atrybutów na podstawie typu właściwości. Zobacz element „#tjavascript.preferences.quoteStyle#”, aby kontrolować typ cudzysłowów używanych dla atrybutów ciągu.",
			"javascript.preferences.organizeImports": "Zaawansowane preferencje kontrolujące sposób uporządkowania importów.",
			"javascript.referencesCodeLens.enabled": "Włącz/wyłącz funkcję CodeLens dla odwołań w plikach języka JavaScript.",
			"javascript.referencesCodeLens.showOnAllFunctions": "Włącz/wyłącz funkcję CodeLens dla odwołań wszystkich funkcji w plikach języka JavaScript.",
			"javascript.suggestionActions.enabled": "Włącz/wyłącz diagnostykę sugestii dla plików języka JavaScript w edytorze.",
			"javascript.validate.enable": "Włącz/wyłącz weryfikowanie języka JavaScript.",
			"reloadProjects.title": "Załaduj ponownie projekt",
			"taskDefinition.tsconfig.description": "Plik tsconfig, który definiuje kompilację języka TS.",
			"typescript.autoClosingTags": "Włącz/wyłącz automatyczne zamykanie tagów JSX.",
			"typescript.check.npmIsInstalled": "Sprawdź, czy pakiet npm jest zainstalowany dla [Automatic Type Acquisition](https://code.visualstudio.com/docs/nodejs/working-with-javascript#_typings-and-automatic-type-acquisition).",
			"typescript.disableAutomaticTypeAcquisition": "Wyłącza [automatic type acquisition](https://code.visualstudio.com/docs/nodejs/working-with-javascript#_typings-and-automatic-type-acquisition). Automatyczne pozyskanie typów pobiera pakiety \"@types\" z pakietu npm, aby usprawnić funkcję IntelliSense dla bibliotek zewnętrznych.",
			"typescript.enablePromptUseWorkspaceTsdk": "Umożliwia monitowanie użytkowników o użycie wersji języka TypeScript skonfigurowanej w obszarze roboczym dla funkcji IntelliSense.",
			"typescript.findAllFileReferences": "Znajdź odwołania do pliku",
			"typescript.format.enable": "Włącz/wyłącz domyślny program formatujący języka TypeScript.",
			"typescript.goToProjectConfig.title": "Przejdź do konfiguracji projektu (tsconfig)",
			"typescript.goToSourceDefinition": "Przejdź do definicji źródła",
			"typescript.implementationsCodeLens.enabled": "Włącz/wyłącz funkcję CodeLens dla implementacji. Ta funkcja CodeLens pokazuje elementy implementujące interfejs.",
			"typescript.implementationsCodeLens.showOnInterfaceMethods": "Włącz/wyłącz implementacje funkcji CodeLens dla metod interfejsu.",
			"typescript.locale": "Ustawia ustawienia regionalne służące do raportowania błędów JavaScript i TypeScript. Domyślnie używane jest ustawienie regionalne VS Code.",
			"typescript.locale.auto": "Użyj skonfigurowanego języka wyświetlania edytora VS Code.",
			"typescript.npm": "Określa ścieżkę do pliku wykonywalnego pakietu npm używanego na potrzeby [Automatic Type Acquisition](https://code.visualstudio.com/docs/nodejs/working-with-javascript#_typings-and-automatic-type-acquisition).",
			"typescript.openTsServerLog.title": "Otwórz dziennik serwera języka TS",
			"typescript.preferences.autoImportFileExcludePatterns": "Określ wzorce globalne plików do wykluczenia z importów automatycznych. Ścieżki względne są rozpoznawane względem katalogu głównego obszaru roboczego. Wzorce są oceniane przy użyciu semantyki tsconfig.json [`exclude`](https://www.typescriptlang.org/tsconfig#exclude).",
			"typescript.preferences.autoImportSpecifierExcludeRegexes": "Określ wyrażenia regularne, aby wykluczyć automatyczny import z pasującymi specyfikatorami importu. Przykłady:\r\n\r\n— `^node:`\r\n— 'lib/internal' (ukośniki nie muszą być zmienione w prawo...)\r\n— '/lib\\/internal/i' (... chyba że dołączą się otaczające ukośniki dla flag „i” lub „u”)\r\n— '^lodash$' (zezwalaj tylko na importy ścieżek podrzędnych z lodash)",
			"typescript.preferences.importModuleSpecifier": "Preferowany styl ścieżki dla importów automatycznych.",
			"typescript.preferences.importModuleSpecifier.nonRelative": "Preferuje import bezwzględny na podstawie wartości „baseUrl” lub „paths” skonfigurowanej w pliku w „jsconfig.json” / „tsconfig.json”.",
			"typescript.preferences.importModuleSpecifier.projectRelative": "Preferuje import inny niż względny tylko wtedy, gdy względna ścieżka importu opuści katalog pakietu lub projektu.",
			"typescript.preferences.importModuleSpecifier.relative": "Preferuje ścieżkę względną do lokalizacji importowanego pliku.",
			"typescript.preferences.importModuleSpecifier.shortest": "Preferuje import bezwzględny tylko wtedy, gdy jest dostępny import bezwzględny mający mniej segmentów ścieżki niż import względny.",
			"typescript.preferences.importModuleSpecifierEnding": "Preferowane zakończenie ścieżki dla importów automatycznych.",
			"typescript.preferences.importModuleSpecifierEnding.auto": "Użyj ustawień projektu, aby wybrać wartość domyślną.",
			"typescript.preferences.importModuleSpecifierEnding.index": "Skróć „./component/index.js” do „./component/index”.",
			"typescript.preferences.importModuleSpecifierEnding.js": "Nie skracaj końców ścieżek; dołącz rozszerzenie `.js` lub `.ts`.",
			"typescript.preferences.importModuleSpecifierEnding.label.js": ".js / .ts",
			"typescript.preferences.importModuleSpecifierEnding.minimal": "Skróć „./component/index.js” do „./component”.",
			"typescript.preferences.includePackageJsonAutoImports": "Włącz/wyłącz wyszukiwanie zależności „package.json” dla dostępnych importów automatycznych.",
			"typescript.preferences.includePackageJsonAutoImports.auto": "Wyszukaj zależności na podstawie szacowanego wpływu na wydajność.",
			"typescript.preferences.includePackageJsonAutoImports.off": "Nigdy nie wyszukuj zależności.",
			"typescript.preferences.includePackageJsonAutoImports.on": "Zawsze wyszukuj zależności.",
			"typescript.preferences.jsxAttributeCompletionStyle": "Preferowany styl uzupełniania atrybutów JSX.",
			"typescript.preferences.jsxAttributeCompletionStyle.auto": "Wstaw element `={}` lub `=\"\"` po nazwach atrybutów na podstawie typu właściwości. Zobacz element „#typescript.preferences.quoteStyle#”, aby kontrolować typ cudzysłowów używanych dla atrybutów ciągu.",
			"typescript.preferences.jsxAttributeCompletionStyle.braces": "Wstaw element `={}` po nazwach atrybutów.",
			"typescript.preferences.jsxAttributeCompletionStyle.none": "Wstaw tylko nazwy atrybutów.",
			"typescript.preferences.organizeImports": "Zaawansowane preferencje kontrolujące sposób uporządkowania importów.",
			"typescript.preferences.organizeImports.accentCollation": "Wymaga elementu `organizeImports.unicodeCollation: 'unicode'`. Porównaj znaki ze znakami diakrytycznymi jako różne od znaku podstawowego.",
			"typescript.preferences.organizeImports.caseFirst": "Wymaga elementu `organizeImports.unicodeCollation: 'unicode'`, a element `organizeImports.caseSensitivity` nie ma wartości `caseInsensitive`. Wskazuje, czy wielkie litery będą sortowane przed małymi literami.",
			"typescript.preferences.organizeImports.caseFirst.default": "Domyślna kolejność określana przez ustawienie `locale`.",
			"typescript.preferences.organizeImports.caseFirst.lower": "Małe litery występują przed wielkimi literami. Np. „ a, A, z, Z”.",
			"typescript.preferences.organizeImports.caseFirst.upper": "Wielkie litery występują przed małymi literami. Np. „ A, a, B, b”.",
			"typescript.preferences.organizeImports.caseSensitivity": "Określa sposób sortowania importów w odniesieniu do wielkości liter. Jeśli ustawienie ma wartość „auto” lub jest nieokreślone, wykryjemy wielkość liter dla każdego pliku",
			"typescript.preferences.organizeImports.caseSensitivity.auto": "Wykrywaj uwzględnianie wielkości liter na potrzeby sortowania importu.",
			"typescript.preferences.organizeImports.caseSensitivity.insensitive": "Sortuj importy bez uwzględnienia wielkości liter.",
			"typescript.preferences.organizeImports.caseSensitivity.sensitive": "Sortuj importy z uwzględnieniem wielkości liter.",
			"typescript.preferences.organizeImports.locale": "Wymaga elementu `organizeImports.unicodeCollation: 'unicode'`. Zastępuje ustawienia regionalne używane do sortowania. Określ wartość „auto”, aby używać ustawień regionalnych interfejsu użytkownika.",
			"typescript.preferences.organizeImports.numericCollation": "Wymaga elementu `organizeImports.unicodeCollation: 'unicode'`. Sortuj ciągi liczbowe według wartości liczby całkowitej.",
			"typescript.preferences.organizeImports.typeOrder": "Określ sposób sortowania nazwanych importów dotyczących tylko typu.",
			"typescript.preferences.organizeImports.typeOrder.auto": "Wykrywaj, gdzie powinny być sortowane tylko nazwane importy typu.",
			"typescript.preferences.organizeImports.typeOrder.first": "Nazwane importy dotyczące tylko typu są sortowane na początku listy importu. Np. `import { type A, type Y, B, Z } z 'module';`",
			"typescript.preferences.organizeImports.typeOrder.inline": "Nazwane importy są sortowane tylko według nazwy. Np. `import { type A, B, type Y, Z } z 'module';`",
			"typescript.preferences.organizeImports.typeOrder.last": "Nazwane importy dotyczące tylko typu są sortowane na końcu listy importu. Np. `import { B, Z, type A, type Y } z 'module';`",
			"typescript.preferences.organizeImports.unicodeCollation": "Określ, czy importy mają być sortowane przy użyciu sortowania Unicode, czy sortowania porządkowego.",
			"typescript.preferences.organizeImports.unicodeCollation.ordinal": "Sortuj importy przy użyciu wartości liczbowej każdego punktu kodu.",
			"typescript.preferences.organizeImports.unicodeCollation.unicode": "Sortuj importy przy użyciu sortowania kodu Unicode.",
			"typescript.preferences.preferTypeOnlyAutoImports": "Uwzględnij słowo kluczowe „type” w automatycznych importach, gdy tylko jest to możliwe. Wymaga użycia języka TypeScript w wersji 5.3 lub nowszej w obszarze roboczym.",
			"typescript.preferences.quoteStyle": "Preferowany styl cudzysłowu do użycia na potrzeby szybkich poprawek.",
			"typescript.preferences.quoteStyle.auto": "Wywnioskuj typ cudzysłowu na podstawie istniejącego kodu",
			"typescript.preferences.quoteStyle.double": "Zawsze używaj podwójnych cudzysłowów: „\"”",
			"typescript.preferences.quoteStyle.single": "Zawsze używaj pojedynczych cudzysłowów: „'”",
			"typescript.preferences.renameMatchingJsxTags": "W przypadku tagu rozszerzenia JSX spróbuj zmienić nazwę pasującego tagu zamiast zmieniać nazwę symbolu. Wymaga użycia w obszarze roboczym języka TypeScript w wersji 5.1 lub nowszej.",
			"typescript.preferences.renameShorthandProperties.deprecationMessage": "Ustawienie „typescript.preferences.renameShorthandProperties” zostało zastąpione elementem „typescript.preferences.useAliasesForRenames”",
			"typescript.preferences.useAliasesForRenames": "Włącz/wyłącz wprowadzanie aliasów dla właściwości skrótowych obiektów podczas zmieniania nazw.",
			"typescript.problemMatchers.tsc.label": "Problemy z językiem TypeScript",
			"typescript.problemMatchers.tscWatch.label": "Problemy z językiem TypeScript (tryb monitorowania)",
			"typescript.referencesCodeLens.enabled": "Włącz/wyłącz funkcję CodeLens dla odwołań w plikach języka TypeScript.",
			"typescript.referencesCodeLens.showOnAllFunctions": "Włącz/wyłącz funkcję CodeLens dla odwołań wszystkich funkcji w plikach języka TypeScript.",
			"typescript.removeUnusedImports": "Usuń nieużywane importy",
			"typescript.reportStyleChecksAsWarnings": "Zgłaszaj kontrole stylu jako ostrzeżenia.",
			"typescript.restartTsServer": "Uruchom ponownie serwer języka TS",
			"typescript.selectTypeScriptVersion.title": "Wybierz wersję języka TypeScript...",
			"typescript.sortImports": "Sortuj elementy zaimportowane",
			"typescript.suggest.enabled": "Włącz/wyłącz sugestie autouzupełniania.",
			"typescript.suggestionActions.enabled": "Włącz/wyłącz diagnostykę sugestii dla plików języka TypeScript w edytorze.",
			"typescript.tsc.autoDetect": "Steruje automatycznym wykrywaniem zadań tsc.",
			"typescript.tsc.autoDetect.build": "Twórz tylko zadania kompilacji pojedynczego uruchomienia.",
			"typescript.tsc.autoDetect.off": "Wyłącz tę funkcję.",
			"typescript.tsc.autoDetect.on": "Utwórz zarówno zadania kompilowania i monitorowania.",
			"typescript.tsc.autoDetect.watch": "Twórz tylko zadania kompilacji i monitorowania.",
			"typescript.tsdk.desc": "Określa ścieżkę folderu do plików tsserver i \"lib*.d.ts\" w ramach instalacji języka TypeScript, które mają być używane na potrzeby funkcji IntelliSense, na przykład: \"./node_modules/typescript/lib\".\r\n\r\n- Wersja języka TypeScript z pliku \"typescript.tsdk\", po określeniu jako ustawienie użytkownika, automatycznie zastępuje wbudowaną wersję języka TypeScript.\r\n- Po określeniu pliku \"typescript.tsdk\" jako ustawienia obszaru roboczego umożliwia on przełączenie do używania tej wersji obszaru roboczego języka TypeScript na potrzeby funkcji IntelliSense przy użyciu polecenia \"TypeScript: Select TypeScript version\".\r\n\r\nZobacz [TypeScript documentation](https://code.visualstudio.com/docs/typescript/typescript-compiling#_using-newer-typescript-versions), aby uzyskać więcej szczegółów na temat zarządzania wersjami języka TypeScript.",
			"typescript.tsserver.enableRegionDiagnostics": "Włącza diagnostykę opartą na regionach w języku TypeScript. Wymaga użycia języka TypeScript w wersji 5.6 lub nowszej w obszarze roboczym.",
			"typescript.tsserver.enableTracing": "Umożliwia śledzenie wydajności serwera TS w katalogu. Te pliki dziennika mogą służyć do diagnozowania problemów z wydajnością serwera TS. Dziennik może zawierać ścieżki plików, kod źródłowy i inne potencjalnie poufne informacje z projektu.",
			"typescript.tsserver.log": "Umożliwia rejestrowanie serwera języka TS do pliku. Ten dziennik może służyć do diagnozowania problemów z serwerem języka TS. Dziennik może zawierać ścieżki plików, kod źródłowy i inne potencjalnie poufne informacje z projektu.",
			"typescript.tsserver.pluginPaths": "Dodatkowe ścieżki do odnajdywania wtyczek usługi języka TypeScript.",
			"typescript.tsserver.pluginPaths.item": "Ścieżka bezwzględna albo względna. Ścieżka względna zostanie rozpoznana względem folderów obszaru roboczego.",
			"typescript.tsserver.trace": "Umożliwia śledzenie wiadomości wysyłanych do serwera języka TS. Ten ślad może służyć do diagnozowania problemów z serwerem języka TS. Ślad może zawierać ścieżki plików, kod źródłowy i inne potencjalnie poufne informacje z projektu.",
			"typescript.updateImportsOnFileMove.enabled": "Włącz/wyłącz automatyczne aktualizowanie ścieżek importu podczas zmiany nazwy lub przenoszenia pliku w programie VS Code.",
			"typescript.updateImportsOnFileMove.enabled.always": "Zawsze automatycznie aktualizuj ścieżki.",
			"typescript.updateImportsOnFileMove.enabled.never": "Nigdy nie zmieniaj nazw ścieżek i nie monituj.",
			"typescript.updateImportsOnFileMove.enabled.prompt": "Monituj przy każdej zmianie nazwy.",
			"typescript.validate.enable": "Włącz/wyłącz weryfikację języka TypeScript.",
			"typescript.workspaceSymbols.excludeLibrarySymbols": "Wyklucz symbole pochodzące z plików biblioteki w wynikach „Przejdź do symbolu w obszarze roboczym”. Wymaga użycia języka TypeScript w wersji 5.3+ w obszarze roboczym.",
			"typescript.workspaceSymbols.scope": "Określa, które pliki są wyszukiwane przez [Go to Symbol in Workspace](https://code.visualstudio.com/docs/editor/editingevolved#_open-symbol-by-name).",
			"typescript.workspaceSymbols.scope.allOpenProjects": "Wyszukaj symbole we wszystkich otwartych projektach JavaScript lub TypeScript.",
			"typescript.workspaceSymbols.scope.currentProject": "Wyszukuj tylko symbole w bieżącym projekcie języka JavaScript lub TypeScript.",
			"virtualWorkspaces": "Rozpoznawanie i znajdowanie odwołań między plikami nie jest obsługiwane w wirtualnych obszarach roboczych.",
			"walkthroughs.nodejsWelcome.debugJsFile.altText": "Debuguj i uruchamiaj kod JavaScript w środowisku Node.js za pomocą programu Visual Studio Code.",
			"walkthroughs.nodejsWelcome.debugJsFile.description": "Po zainstalowaniu środowiska Node.js możesz uruchamiać programy JavaScript w terminalu, wprowadzając ciąg ``node your-file-name.js``\r\nInnym łatwym sposobem uruchamiania programów Node.js jest wykorzystanie debugera programu VS Code, który umożliwia uruchamianie kodu, wstrzymywanie w różnych punktach i pomaga zrozumieć, co się dzieje krok po kroku.\r\n[Uruchom debugowanie](command: javascript-walkthrough.commands.debugJsFile)",
			"walkthroughs.nodejsWelcome.debugJsFile.title": "Uruchamianie i debugowanie kodu JavaScript",
			"walkthroughs.nodejsWelcome.description": "Wykorzystaj w pełni możliwości najwyższej klasy środowiska JavaScript w programie Visual Studio Code.",
			"walkthroughs.nodejsWelcome.downloadNode.forLinux.description": "Środowisko Node.js to prosty sposób uruchamiania kodu JavaScript. Za jego pomocą można szybko tworzyć aplikacje i serwery wiersza polecenia. Jest ono również dostarczane z menedżerem pakietów npm, który ułatwia ponowne użycie i udostępnianie kodu JavaScript.\r\n[Zainstaluj Node.js](https://nodejs.org/en/download/package-manager/)",
			"walkthroughs.nodejsWelcome.downloadNode.forLinux.title": "Zainstaluj platformę Node.js",
			"walkthroughs.nodejsWelcome.downloadNode.forMacOrWindows.description": "Środowisko Node.js to prosty sposób uruchamiania kodu JavaScript. Za jego pomocą można szybko tworzyć aplikacje i serwery wiersza polecenia. Jest ono również dostarczane z menedżerem pakietów npm, który ułatwia ponowne użycie i udostępnianie kodu JavaScript.\r\n[Zainstaluj Node.js](https://nodejs.org/en/download/)",
			"walkthroughs.nodejsWelcome.downloadNode.forMacOrWindows.title": "Zainstaluj platformę Node.js",
			"walkthroughs.nodejsWelcome.learnMoreAboutJs.altText": "Dowiedz się więcej o językach JavaScript i Node.js w programie Visual Studio Code.",
			"walkthroughs.nodejsWelcome.learnMoreAboutJs.description": "Chcesz lepiej korzystać z języków JavaScript, Node.js i VS Code? Zapoznaj się z naszą dokumentacją!\r\nMasz wiele zasobów do nauki języka [JavaScript](https://code.visualstudio.com/docs/nodejs/working-with-javascript) i [Node.js](https://code.visualstudio.com/docs/nodejs/nodejs-tutorial).\r\n\r\n[Dowiedz się więcej](https://code.visualstudio.com/docs/nodejs/nodejs-tutorial)",
			"walkthroughs.nodejsWelcome.learnMoreAboutJs.title": "Odkryj więcej",
			"walkthroughs.nodejsWelcome.makeJsFile.description": "Napiszmy nasz pierwszy plik JavaScript. Musimy utworzyć nowy plik i zapisać go z rozszerzeniem ``.js`` na końcu nazwy pliku.\r\n[Tworzenie pliku JavaScript](command:javascript-walkthrough.commands.createJsFile)",
			"walkthroughs.nodejsWelcome.makeJsFile.title": "Tworzenie pliku JavaScript",
			"walkthroughs.nodejsWelcome.title": "Wprowadzenie do języka JavaScript i platformy Node.js",
			"workspaceTrust": "Rozszerzenie wymaga zaufania obszaru roboczego, gdy używana jest ta wersja obszaru roboczego, ponieważ wykonuje ona kod określony przez obszar roboczy."
		}
	}
}