{
	"": [
		"--------------------------------------------------------------------------------------------",
		"Copyright (c) Microsoft Corporation. All rights reserved.",
		"Licensed under the MIT License. See License.txt in the project root for license information.",
		"--------------------------------------------------------------------------------------------",
		"Do not edit this file. It is machine generated."
	],
	"version": "1.0.0",
	"contents": {
		"bundle": {
			"\"{0}\" has fingerprint \"{1}\"": "„{0}“ má otisk „{1}“",
			"$(info) Remote \"{0}\" has no tags.": "$(info) vzdálené \"{0}\" nemá žádné značky.",
			"$(info) This repository has no stashes.": "$(info) Toto úložiště nemá žádné dočasné úložiště.",
			"$(info) This repository has no tags.": "$(info) Toto úložiště nemá žádné značky.",
			"A branch named \"{0}\" already exists": "Větev s názvem {0} už existuje",
			"A git repository was found in the parent folders of the workspace or the open file(s). Would you like to open the repository?": "V nadřazených složkách pracovního prostoru nebo v otevřených souborech jsme našli úložiště Git. Chcete jej otevřít?",
			"Absolute paths not supported in \"git.scanRepositories\" setting.": "V nastavení git.scanRepositories se nepodporují absolutní cesty.",
			"Add Remote": "Přidat vzdálené úložiště",
			"Add a new remote...": "Přidat nové vzdálené úložiště...",
			"Add remote from URL": "Přidat vzdálené úložiště z adresy URL",
			"Add remote from {0}": "Přidat vzdálené úložiště z {0}",
			"Add to Workspace": "Přidat do pracovního prostoru",
			"All Changes ({0} ↔ {1})": "Všechny změny ({0} ↔ {1})",
			"All Repositories": "Všechna úložiště",
			"Always": "Vždy",
			"Always Pull": "Vždy přijmout změny",
			"Always Replace Local Tag(s)": "Vždy nahrazovat místní značky",
			"Are you sure you want to DELETE {0} files?\nThis is IRREVERSIBLE!\nThese files will be FOREVER LOST if you proceed.": "Opravdu chcete ODSTRANIT soubory {0}?\nOdstranění je NEVRATNÉ!\nKdyž budete pokračovat, tyto soubory se NAVŽDY ZTRATÍ.",
			"Are you sure you want to DELETE {0}?\nThis is IRREVERSIBLE!\nThis file will be FOREVER LOST if you proceed.": "Opravdu chcete ODSTRANIT soubor {0}?\nOdstranění je NEVRATNÉ!\nKdyž budete pokračovat, tento soubor se NAVŽDY ZTRATÍ.",
			"Are you sure you want to continue connecting?": "Opravdu chcete pokračovat v připojování?",
			"Are you sure you want to create an empty commit?": "Opravdu chcete vytvořit prázdné potvrzení?",
			"Are you sure you want to discard ALL changes in {0} files?\nThis is IRREVERSIBLE!\nYour current working set will be FOREVER LOST if you proceed.": "Opravdu chcete zahodit VŠECHNY změny v souborech (celkem {0})?\nOdstranění je NEVRATNÉ!\nKdyž budete pokračovat, vaše aktuální pracovní sada se NAVŽDY ZTRATÍ.",
			"Are you sure you want to discard changes in {0} files?": "Opravdu chcete zahodit změny v souborech (celkem {0})?",
			"Are you sure you want to discard changes in {0}?": "Opravdu chcete zahodit změny v {0}?",
			"Are you sure you want to drop ALL stashes? There are {0} stashes that will be subject to pruning, and MAY BE IMPOSSIBLE TO RECOVER.": "Opravdu chcete přemístit VŠECHNA dočasná úložiště? Existuje určité množství ( {0} ) dočasných úložišť, které podlehnou vyřazení, a JEJICH OBNOVENÍ NEMUSÍ BÝT MOŽNÉ.",
			"Are you sure you want to drop ALL stashes? There is 1 stash that will be subject to pruning, and MAY BE IMPOSSIBLE TO RECOVER.": "Opravdu chcete přemístit VŠECHNA dočasná úložiště? Existuje 1 dočasné úložiště, které podlehne vyřazení, a JEHO OBNOVENÍ NEMUSÍ BÝT MOŽNÉ.",
			"Are you sure you want to drop the stash: {0}?": "Opravdu chcete odstranit tuto položku dočasného ukládání: {0}?",
			"Are you sure you want to restore {0} files?": "Opravdu chcete obnovit soubory (celkem {0})?",
			"Are you sure you want to restore {0}?": "Opravdu chcete obnovit {0}?",
			"Are you sure you want to stage {0} files with merge conflicts?": "Opravdu chcete připravit soubory (celkem {0}) s konflikty sloučení?",
			"Are you sure you want to stage {0} with merge conflicts?": "Opravdu chcete připravit soubor {0} s konflikty sloučení?",
			"Ask Me Later": "Požádat později",
			"Branch name": "Název větve",
			"Branch name needs to match regex: {0}": "Název větve musí odpovídat regulárnímu výrazu: {0}.",
			"Can't force push refs to remote. The tip of the remote-tracking branch has been updated since the last checkout. Try running \"Pull\" first to pull the latest changes from the remote branch first.": "Nejde vynutit vložení odkazů do vzdáleného úložiště. Tip větve vzdáleného sledování se od poslední rezervace aktualizoval. Pokud chcete nejdřív přijmout nejnovější změny ze vzdálené větve, zkuste nejdřív spustit příkaz Přijmout změny.",
			"Can't push refs to remote. Try running \"Pull\" first to integrate your changes.": "Odkazy nelze nasdílet do vzdáleného úložiště. Před integrací změn zkuste nejdříve spustit příkaz Pull.",
			"Can't undo because HEAD doesn't point to any commit.": "Nelze vrátit zpět, protože oddíl HEAD neodkazuje na žádné potvrzení.",
			"Changes": "Změny",
			"Checking Out Branch/Tag...": "Probíhá přechod na aktuální větev/značku…",
			"Checking Out Changes...": "Probíhá přechod na aktuální změny…",
			"Checkout Branch/Tag...": "Přechod na aktuální větev nebo značku…",
			"Choose Folder...": "Zvolit složku...",
			"Choose a folder to clone {0} into": "Zvolte složku, do které chcete naklonovat {0}.",
			"Choose a repository": "Zvolte úložiště.",
			"Choose which repository to clone": "Zvolte, které úložiště se má klonovat.",
			"Clear whitespace characters": "Vymazat prázdné znaky",
			"Clone from URL": "Klonovat z adresy URL",
			"Clone from {0}": "Klonovat z {0}",
			"Cloning git repository \"{0}\"...": "Klonuje se úložiště Git {0}...",
			"Commit": "Potvrdit",
			"Commit & Push Changes": "Potvrdit a nasdílet změny",
			"Commit & Sync Changes": "Potvrdit a synchronizovat změny",
			"Commit Anyway": "Přesto potvrdit",
			"Commit Changes": "Potvrdit změny",
			"Commit Changes on \"{0}\"": "Potvrdit změny v: {0}",
			"Commit Changes to New Branch": "Potvrdit změny do nové větve",
			"Commit Hash": "Hodnota hash potvrzení",
			"Commit message": "Zpráva o potvrzení",
			"Commit operation was cancelled due to empty commit message.": "Operace potvrzení se zrušila, protože zpráva potvrzení byla prázdná.",
			"Commit to New Branch & Push Changes": "Potvrdit změny do nové větve a nasdílet změny",
			"Commit to New Branch & Synchronize Changes": "Potvrdit do nové větve a synchronizovat změny",
			"Commit to a New Branch": "Potvrdit do nové větve",
			"Commits without verification are not allowed, please enable them with the \"git.allowNoVerifyCommit\" setting.": "Potvrzení bez ověření nejsou povolená. Povolte je prosím nastavením git.allowNoVerifyCommit.",
			"Committing & Pushing Changes...": "Potvrzování a sdílení změn...",
			"Committing & Synchronizing Changes...": "Potvrzování a synchronizace změn…",
			"Committing Changes to New Branch...": "Potvrzují se změny do nové větve...",
			"Committing Changes...": "Potvrzují se změny...",
			"Committing to New Branch & Pushing Changes...": "Potvrzování změn do nové větve a nasdílení změn...",
			"Committing to New Branch & Synchronizing Changes...": "Potvrzování změn do nové větve a synchronizace změn…",
			"Conflict: Added By Them": "Konflikt: Přidáno protistranou",
			"Conflict: Added By Us": "Konflikt: Přidáno místní stranou",
			"Conflict: Both Added": "Konflikt: Obojí přidáno",
			"Conflict: Both Deleted": "Konflikt: Obojí odstraněno",
			"Conflict: Both Modified": "Konflikt: Obojí změněno",
			"Conflict: Deleted By Them": "Konflikt: Odstraněno protistranou",
			"Conflict: Deleted By Us": "Konflikt: Odstraněno místní stranou",
			"Continue Rebase": "Pokračovat v přenesení změn",
			"Continuing Rebase...": "Pokračuje se v přenesení změn...",
			"Copy Commit Hash": "Kopírovat hodnotu hash potvrzení",
			"Could not clone your repository as Git is not installed.": "Úložiště se nepovedlo naklonovat, protože není nainstalovaný Git.",
			"Create Empty Commit": "Vytvořit prázdné potvrzení",
			"Current": "Aktuální",
			"Current commit message only contains whitespace characters": "Aktuální zpráva potvrzení obsahuje pouze prázdné znaky.",
			"Delete Branch": "Odstranit větev",
			"Delete File": "Odstranit soubor",
			"Delete Files": "Odstranit soubory",
			"Delete file": "Odstranit soubor",
			"Deleted": "Odstraněno",
			"Discard 1 File": "Zahodit 1 soubor",
			"Discard 1 Tracked File": "Zahodit 1 sledovaný soubor",
			"Discard All {0} Files": "Zahodit všechny soubory (celkem {0})",
			"Discard Changes": "Zahodit změny",
			"Discard {0} Tracked Files": "Zahodit sledované soubory (celkem {0})",
			"Don't Pull": "Nepřijímat změny",
			"Don't Show Again": "Znovu nezobrazovat",
			"Download Git": "Stáhnout Git",
			"Email": "E-mail",
			"Enables the following features: {0}": "Povolí následující funkce: {0}",
			"Failed to authenticate to git remote.": "Selhalo ověření ve vzdáleném úložišti Git.",
			"Failed to authenticate to git remote:\n\n{0}": "Selhalo ověření ve vzdáleném úložišti Git:\n\n{0}",
			"File \"{0}\" was deleted by them and modified by us.\n\nWhat would you like to do?": "Protistrana soubor {0} odstranila a místní strana ho upravila.\n\nCo chcete udělat?",
			"File \"{0}\" was deleted by us and modified by them.\n\nWhat would you like to do?": "Místní strana soubor {0} odstranila a protistrana ho upravila.\n\nCo chcete udělat?",
			"Force Checkout": "Vynutit rezervaci",
			"Force push is not allowed, please enable it with the \"git.allowForcePush\" setting.": "Vynucení nasdílení změn není povolené. Povolte ho prosím pomocí nastavení git.allowForcePush.",
			"Git Blame Information": "Informace o Git Blame",
			"Git History": "Historie Gitu",
			"Git error": "Chyba Gitu",
			"Git local changes (working tree + index)": "Místní změny Gitu (pracovní strom + index)",
			"Git local changes (working tree)": "Místní změny Gitu (pracovní strom)",
			"Git not found. Install it or configure it using the \"git.path\" setting.": "Git se nenašel. Nainstalujte ho nebo ho nakonfigurujte pomocí nastavení git.path.",
			"Git repositories were found in the parent folders of the workspace or the open file(s). Would you like to open the repositories?": "V nadřazených složkách pracovního prostoru nebo v otevřených souborech jsme našli úložiště Git. Chcete je otevřít?",
			"Git: {0}": "Git: {0}",
			"HEAD version of \"{0}\" is not available.": "Verze {0} v oddílu HEAD není k dispozici.",
			"Hard wrap all lines": "Pevně zalamovat všechny řádky",
			"Hard wrap line": "Pevně zalamovat řádky",
			"Ignored": "Ignorováno",
			"Incoming": "Příchozí",
			"Incoming Changes": "Příchozí změny",
			"Incoming Changes (added)": "Příchozí změny (přidáno)",
			"Incoming Changes (deleted)": "Příchozí změny (odstraněné)",
			"Incoming Changes (modified)": "Příchozí změny (změněno)",
			"Incoming Changes (renamed)": "Příchozí změny (přejmenováno)",
			"Index Added": "Přidán index",
			"Index Copied": "Zkopírován index",
			"Index Deleted": "Odstraněn index",
			"Index Modified": "Změněn index",
			"Index Renamed": "Přejmenován index",
			"Initialize Repository": "Inicializovat úložiště",
			"Intent to Add": "Záměr, který se má přidat",
			"Intent to Rename": "Záměr přejmenovat",
			"Invalid branch name": "Neplatný název větve",
			"It looks like the current branch \"{0}\" might have been rebased. Are you sure you still want to pull into it?": "Vypadá to, že se přenesly změny aktuální větve {0}. Opravdu stále chcete do této větve přijmout změny?",
			"It looks like the current branch might have been rebased. Are you sure you still want to pull into it?": "Vypadá to, že se přenesly změny aktuální větve. Opravdu stále chcete do této větve přijmout změny?",
			"It's not possible to change the commit message in the middle of a rebase. Please complete the rebase operation and use interactive rebase instead.": "Nemůžete změnit zprávu potvrzení v průběhu přenášení změn. Dokončete prosím operaci přenesení změn a místo toho použijte interaktivní přenesení změn.",
			"Keep Our Version": "Zachovat verzi místní strany",
			"Keep Their Version": "Zachovat verzi protistrany",
			"Learn More": "Další informace",
			"Make sure you configure your \"user.name\" and \"user.email\" in git.": "Nezapomeňte v Gitu nakonfigurovat user.name a user.e-mail.",
			"Manage Unsafe Repositories": "Správa nebezpečných úložišť",
			"Merge Changes": "Sloučit změny",
			"Message": "Zpráva",
			"Message (commit on \"{0}\")": "Zpráva (potvrdit na {0})",
			"Message ({0} to commit on \"{1}\")": "Zpráva ({0} k potvrzení na {1})",
			"Message ({0} to commit)": "Zpráva ({0} pro potvrzení)",
			"Migrate Changes": "Migrovat změny",
			"Modified": "Změněno",
			"Never": "Nikdy",
			"No": "Ne",
			"No rebase in progress.": "Neprobíhá žádné přenesení změn.",
			"Not Committed Yet": "Zatím nepotvrzeno",
			"Not Committed Yet (Staged)": "Zatím nepotvrzeno (připravené)",
			"OK": "OK",
			"OK, Don't Ask Again": "OK, dotaz už příště nezobrazovat",
			"OK, Don't Show Again": "OK, příště už nezobrazovat",
			"Open": "Otevřít",
			"Open Commit": "Otevřít potvrzení",
			"Open Comparison": "Otevřít porovnání",
			"Open File": "Otevřít soubor",
			"Open Git Log": "Otevřít protokol Gitu",
			"Open Merge": "Otevřít sloučení",
			"Open Repositories In Parent Folders": "Otevřít úložiště v nadřazených složkách.",
			"Open Repository": "Otevřít úložiště",
			"Open in New Window": "Otevřít v novém okně",
			"Optionally provide a stash message": "Volitelně můžete zadat zprávu pro dočasné úložiště.",
			"Passphrase": "Heslo",
			"Pick a branch to pull from": "Vyberte větev, ze které chcete přijmout změny.",
			"Pick a provider to publish the branch \"{0}\" to:": "Vyberte zprostředkovatele, do kterého chcete publikovat větev {0}:",
			"Pick a remote to publish the branch \"{0}\" to:": "Vyberte vzdálené úložiště, do kterého chcete publikovat větev {0}:",
			"Pick a remote to pull the branch from": "Vyberte vzdálené úložiště, ze kterého chcete přijmout změny.",
			"Pick a remote to remove": "Vyberte vzdálené úložiště, které chcete odebrat.",
			"Pick a repository to mark as safe and open": "Vyberte úložiště, které chcete označit jako bezpečné a otevřené.",
			"Pick a repository to open": "Vyberte úložiště, které chcete otevřít.",
			"Pick a repository to reopen": "Vyberte úložiště, které chcete otevřít",
			"Pick a stash to apply": "Vyberte dočasné úložiště, které se má použít.",
			"Pick a stash to drop": "Vyberte dočasné úložiště, které se má zahodit.",
			"Pick a stash to pop": "Vyberte dočasné úložiště, na které chcete přejít.",
			"Pick a stash to view": "Vyberte dočasné úložiště, které chcete zobrazit.",
			"Pick workspace folder to initialize git repo in": "Vyberte složku pracovního prostoru, kde chcete inicializovat úložiště Git.",
			"Please check out a branch to push to a remote.": "Pokud chcete nasdílet změny do vzdálené úložiště, rezervujte prosím větev.",
			"Please clean your repository working tree before checkout.": "Před rezervováním prosím vyčistěte pracovní strom úložiště.",
			"Please provide a commit message": "Zadejte prosím zprávu potvrzení.",
			"Please provide a message to annotate the tag": "Zadejte prosím zprávu pro anotaci značky.",
			"Please provide a new branch name": "Zadejte prosím nový název větve.",
			"Please provide a remote name": "Zadejte prosím název vzdáleného úložiště.",
			"Please provide a tag name": "Zadejte prosím název značky.",
			"Please provide the commit hash": "Zadejte prosím hodnotu hash potvrzení.",
			"Publish Branch": "Publikovat větev",
			"Publish Branch \"{0}\"/{Locked=\"Branch\"}Do not translate \"Branch\" as it is a git term": "Publikovat Branch {0}",
			"Publish Branch/{Locked=\"Branch\"}Do not translate \"Branch\" as it is a git term": "Publikovat Branch",
			"Publish to {0}": "Publikovat do {0}",
			"Publish to...": "Publikovat do...",
			"Publishing Branch \"{0}\".../{Locked=\"Branch\"}Do not translate \"Branch\" as it is a git term": "Publikuje se Branch {0}...",
			"Publishing Branch.../{Locked=\"Branch\"}Do not translate \"Branch\" as it is a git term": "Branch se publikuje",
			"Pull": "Přijetí změn",
			"Pull {0} and push {1} commits between {2}/{3}": "Přijmout {0} a nasdílet {1} potvrzení mezi {2}/{3}",
			"Pull {0} commits from {1}/{2}": "Přijmout {0} potvrzení z {1}/{2}",
			"Push {0} commits to {1}/{2}": "Nasdílet {0} potvrzení do {1}/{2}",
			"Rebasing": "Přenášení změn",
			"Regenerate Branch Name": "Znovu vygenerovat název větve",
			"Remote \"{0}\" already exists.": "Vzdálené úložiště {0} už existuje.",
			"Remote branch at {0}": "Vzdálená větev v {0}",
			"Remote name": "Název vzdáleného úložiště",
			"Remote name format invalid": "Neplatný formát názvu vzdáleného úložiště",
			"Remote tag at {0}": "Vzdálená značka na {0}",
			"Reopen Closed Repositories": "Znovu otevřít zavřená úložiště",
			"Replace Local Tag(s)": "Nahradit místní značky",
			"Restore file": "Obnovit soubor",
			"Restore files": "Obnovit soubory",
			"Save All & Commit Changes": "Uložit vše a potvrdit změny",
			"Save All & Stash": "Uložit vše a dočasně uložit",
			"Select a branch or tag to checkout": "Vyberte větev nebo značku, kterou chcete rezervovat.",
			"Select a branch or tag to merge from": "Vyberte větev nebo značku, ze kterých chcete provést sloučení.",
			"Select a branch to checkout in detached mode": "Vyberte větev, která se má rezervovat v odpojeném režimu.",
			"Select a branch to delete": "Vyberte větev, která se má odstranit.",
			"Select a branch to rebase onto": "Vyberte větev, do které chcete přenést změny.",
			"Select a ref to create the branch from": "Vyberte odkaz, ze kterého se má vytvořit větev",
			"Select a remote tag to delete": "Vyberte vzdálenou značku, která se má odstranit.",
			"Select a remote to delete a tag from": "Vyberte vzdálené úložiště, ze kterého chcete značku odstranit.",
			"Select a remote to fetch": "Vyberte vzdálené úložiště, které se má načíst.",
			"Select a tag to delete": "Vyberte značku, která se má odstranit.",
			"Select as Repository Destination": "Vybrat jako cíl úložiště",
			"Show Changes": "Zobrazit změny",
			"Show Command Output": "Zobrazit výstup příkazu",
			"Staged Changes": "Připravené změny",
			"Stash & Checkout": "Dočasné uložit a rezervovat",
			"Stash Anyway": "Přesto dočasně uložit",
			"Stash message": "Zpráva k dočasnému úložišti",
			"Stashed Changes": "Dočasně uložené změny",
			"Successfully pushed.": "Změny byly úspěšně nasdíleny.",
			"Synchronize Changes": "Synchronizovat změny",
			"Synchronizing Changes...": "Synchronizují se změny...",
			"Syncing. Cancelling may cause serious damages to the repository": "Probíhá synchronizace. Zrušení může způsobit vážné škody v úložišti.",
			"Tag at {0}": "Značka v {0}",
			"Tag name": "Název značky",
			"The \"{0}\" repository has {1} submodules which won't be opened automatically. You can still open each one individually by opening a file within.": "Úložiště {0} má dílčí moduly (celkem {1}), které se neotevřou automaticky. Každý dílčí modul můžete otevřít jednotlivě otevřením odpovídajícího souboru obsaženého v úložišti.",
			"The branch \"{0}\" has no remote branch. Would you like to publish this branch?": "Větev {0} nemá žádnou vzdálenou větev. Chcete tuto větev publikovat?",
			"The branch \"{0}\" is not fully merged. Delete anyway?": "Větev {0} není úplně sloučená. Chcete ji přesto odstranit?",
			"The changes are already present in the current branch.": "Změny jsou již obsaženy v aktuální větvi.",
			"The current branch is not published to the remote. Would you like to publish it to access your changes elsewhere?": "Aktuální větev není publikována do vzdáleného úložiště. Chcete ji publikovat, abyste měli přístup k vašim změnám jinde?",
			"The following file has unsaved changes which won't be included in the commit if you proceed: {0}.\n\nWould you like to save it before committing?": "The following file has unsaved changes which won't be included in the commit if you proceed: {0}.\n\nWould you like to save it before committing?",
			"The following file has unsaved changes which won't be included in the stash if you proceed: {0}.\n\nWould you like to save it before stashing?": "Následující soubor obsahuje neuložené změny, které v případě, že budete pokračovat, nebudou zahrnuté do dočasného uložení: {0}.\n\nChcete soubor před dočasným uložením uložit?",
			"The following untracked file will be DELETED FROM DISK if discarded: {0}.": "Následující nesledovaný soubor se v případě jeho zahození ODSTRANÍ Z DISKU: {0}.",
			"The git repositories in the current folder are potentially unsafe as the folders are owned by someone other than the current user.": "Úložiště Git v aktuální složce jsou potenciálně nebezpečná, protože složky vlastní jiný uživatel než aktuální uživatel.",
			"The git repository at \"{0}\" has too many active changes, only a subset of Git features will be enabled.": "Úložiště Git v umístění {0} obsahuje příliš mnoho aktivních změn. Bude povolena pouze podmnožina funkcí Gitu.",
			"The git repository in the current folder is potentially unsafe as the folder is owned by someone other than the current user.": "Úložiště Git v aktuální složce je potenciálně nebezpečné, protože složku vlastní jiný uživatel než aktuální uživatel.",
			"The last commit was a merge commit. Are you sure you want to undo it?": "Poslední potvrzení je potvrzení sloučení. Opravdu chcete akci vrátit zpět?",
			"The new branch will be \"{0}\"": "Nová větev bude {0}",
			"The repository does not have any changes.": "Úložiště neobsahuje žádné změny.",
			"The repository does not have any commits. Please make an initial commit before creating a stash.": "Úložiště nemá žádná potvrzení. Před vytvořením položky dočasného ukládání proveďte počáteční potvrzení.",
			"The repository does not have any staged changes.": "Úložiště neobsahuje žádné připravené změny.",
			"The repository does not have any untracked changes.": "Úložiště neobsahuje žádné nesledované změny.",
			"The selection range does not contain any changes.": "Oblast výběru neobsahuje žádné změny.",
			"There are known issues with the installed Git \"{0}\". Please update to Git >= 2.27 for the git features to work correctly.": "Nainstalovaný Git {0} má známé problémy. Aktualizujte si prosím Git na verzi >= 2.27, aby funkce Git fungovaly správně.",
			"There are merge conflicts. Resolve them before committing.": "Došlo ke konfliktům sloučení. Před potvrzením je vyřešte.",
			"There are no available repositories": "K dispozici nejsou žádná úložiště.",
			"There are no changes to commit.": "Nejsou k dispozici žádné změny, které by bylo možné potvrdit.",
			"There are no changes to stash.": "Neexistují žádné změny, které by bylo možné uložit do dočasného úložiště.",
			"There are no staged changes to commit.\n\nWould you like to stage all your changes and commit them directly?": "Neexistují žádné připravené změny, které by bylo možné potvrdit.\n\nChcete připravit všechny své změny a potvrdit je přímo?",
			"There are no staged changes to stash.": "Nejsou k dispozici žádné připravené změny, které by bylo možné dočasně uložit.",
			"There are no stashes in the repository.": "V úložišti nejsou žádná dočasná úložiště.",
			"There are {0} unsaved files.\n\nWould you like to save them before committing?": "There are {0} unsaved files.\n\nWould you like to save them before committing?",
			"There are {0} unsaved files.\n\nWould you like to save them before stashing?": "Existují neuložené soubory (celkem {0}).\n\nChcete je před dočasným uložením uložit?",
			"There are {0} untracked files which will be DELETED FROM DISK if discarded.": "Existují nesledované soubory (celkem {0}), které se v případě jejich zahození ODSTRANÍ Z DISKU.",
			"There were merge conflicts while applying the stash.": "Při aplikování dočasného úložiště došlo ke konfliktům sloučení.",
			"There were merge conflicts while cherry picking the changes. Resolve the conflicts before committing them.": "Při výběru změn došlo ke konfliktům sloučení. Před jejich potvrzením prosím konflikty vyřešte.",
			"This action will pull and push commits from and to \"{0}/{1}\".": "Tato akce přijme a nasdílí potvrzení z {0} / do {1}.",
			"This repository has no remotes configured to fetch from.": "Pro toto úložiště není nakonfigurované žádné vzdálené úložiště pro načítání.",
			"This will DELETE {0} untracked files!\nThis is IRREVERSIBLE!\nThese files will be FOREVER LOST.": "This will DELETE {0} untracked files!\nThis is IRREVERSIBLE!\nThese files will be FOREVER LOST.",
			"This will create a Git repository in \"{0}\". Are you sure you want to continue?": "Tato akce vytvoří úložiště Git v {0}. Opravdu chcete pokračovat?",
			"Too many changes were detected. Only the first {0} changes will be shown below.": "Bylo zjištěno příliš mnoho změn. Níže se zobrazí jenom první {0} změny.",
			"Type Changed": "Typ změněn",
			"Unable to pull from remote repository due to conflicting tag(s): {0}. Would you like to resolve the conflict by replacing the local tag(s)?": "Nelze načíst ze vzdáleného úložiště z důvodu konfliktních značek: {0}. Chcete konflikt vyřešit nahrazením místních značek?",
			"Uncommitted Changes": "Nepotvrzené změny",
			"Undo merge commit": "Vrátit zpět potvrzení sloučení",
			"Untracked": "Nesledováno",
			"Untracked Changes": "Nesledované změny",
			"Update Git": "Aktualizovat Git",
			"View Commit": "Zobrazit potvrzení",
			"Would you like to add \"{0}\" to .gitignore?": "Chcete přidat {0} do souboru .gitignore?",
			"Would you like to open the cloned repository, or add it to the current workspace?": "Chcete naklonované úložiště otevřít nebo ho přidat do aktuálního pracovního prostoru?",
			"Would you like to open the cloned repository?": "Chcete otevřít naklonované úložiště?",
			"Would you like to open the initialized repository, or add it to the current workspace?": "Chcete inicializované úložiště otevřít nebo ho přidat do aktuálního pracovního prostoru?",
			"Would you like to open the initialized repository?": "Chcete otevřít inicializované úložiště?",
			"Would you like {0} to [periodically run \"git fetch\"]({1})?": "Chcete, aby funkce {0} [pravidelně spouštěla „git fetch“]({1})?",
			"Yes": "Ano",
			"Yes, Don't Show Again": "Ano, příště už nezobrazovat",
			"You": "Vy",
			"You are about to commit your changes without verification, this skips pre-commit hooks and can be undesirable.\n\nAre you sure to continue?": "Chystáte se potvrdit změny bez ověření. Tím přeskočíte hooky typu pre-commit, což může být nežádoucí.\n\nOpravdu chcete pokračovat?",
			"You are about to force push your changes, this can be destructive and could inadvertently overwrite changes made by others.\n\nAre you sure to continue?": "Chystáte se vynutit nasdílení svých změn. Může to být destruktivní akce, při které se můžou nechtěně přepsat změny provedené jinými uživateli.\n\nOpravdu chcete pokračovat?",
			"You are trying to commit to a protected branch and you might not have permission to push your commits to the remote.\n\nHow would you like to proceed?": "Pokoušíte se potvrdit změny do chráněné větve a možná nemáte oprávnění k odeslání změn do vzdáleného úložiště.\n\nJak chcete pokračovat?",
			"You seem to have git \"{0}\" installed. Code works best with git >= 2": "Zdá se, že máte nainstalované úložiště Git {0}. Code funguje nejlépe s úložištěm Git verze >= 2.",
			"Your local changes would be overwritten by checkout.": "Rezervací se přepíšou vaše místní změny.",
			"Your repository has no remotes configured to publish to.": "Pro vaše úložiště není nakonfigurované žádné vzdálené úložiště pro publikování.",
			"Your repository has no remotes configured to pull from.": "Pro vaše úložiště není nakonfigurované žádné vzdálené úložiště pro přijetí změn.",
			"Your repository has no remotes configured to push to.": "Pro vaše úložiště není nakonfigurované žádné vzdálené úložiště pro nasdílení změn.",
			"Your repository has no remotes.": "Vaše úložiště nemá žádné vzdálené úložiště.",
			"[main] Log level: {0}": "[hlavní] Úroveň protokolu: {0}",
			"[main] Skipped found git in: \"{0}\"": "[hlavní] Vynechání nalezeného úložiště Git v: {0}",
			"[main] Using git \"{0}\" from \"{1}\"": "[hlavní] Používá se úložiště Git {0} z {1}",
			"[main] Validating found git in: \"{0}\"": "[hlavní] Ověřování nalezeného úložiště Git v: {0}",
			"branches": "větve",
			"in {0}": "za {0}",
			"no": "ne",
			"now": "teď",
			"remote branches": "vzdálené větve",
			"tags": "značky",
			"yes": "ano",
			"{0}\n\nThis is IRREVERSIBLE, your current working set will be FOREVER LOST.": "{0}\n\nThis is IRREVERSIBLE, your current working set will be FOREVER LOST.",
			"{0} (Deleted)": "{0} (odstraněno)",
			"{0} (Index)": "{0} (index)",
			"{0} (Intent to add)": "{0} (záměr, který se má přidat)",
			"{0} (Ours)": "{0} (místní strana)",
			"{0} (Theirs)": "{0} (protistrana)",
			"{0} (Type changed)": "{0} (Typ změněn)",
			"{0} (Untracked)": "{0} (nesledováno)",
			"{0} (Working Tree)": "{0} (pracovní strom)",
			"{0} ({1})": "{0} ({1})",
			"{0} ({1}) ↔ {0} ({2})": "{0} ({1}) ↔ {0} ({2})",
			"{0} Checkout detached...": "{0} Rezervace se odpojila...",
			"{0} Commit": "{0} Potvrdit",
			"{0} Commit & Push": "{0} Potvrdit a odeslat",
			"{0} Commit & Sync": "{0} Potvrdit a synchronizovat",
			"{0} Commit (Amend)": "{0} potvrzení (pozměnit)",
			"{0} Continue": "{0} Pokračovat",
			"{0} Create new branch from...": "{0} Vytvořit novou větev z…",
			"{0} Create new branch...": "{0} Vytvořit novou větev…",
			"{0} Fetch all remotes": "{0} Načíst všechna vzdálená úložiště",
			"{0} Publish Branch/{Locked=\"Branch\"}Do not translate \"Branch\" as it is a git term": "{0} Publikovat Branch",
			"{0} Sync Changes{1}{2}": "{0} Synchronizovat změny{1}{2}",
			"{0} characters over {1} in current line": "Počet znaků nad {1} na aktuálním řádku: {0}",
			"{0} day": "{0} den",
			"{0} day ago": "před {0} dnem",
			"{0} days": "{0} d.",
			"{0} days ago": "před {0} dny",
			"{0} hour": "{0} h",
			"{0} hour ago": "před {0} hodinou",
			"{0} hours": "{0} h",
			"{0} hours ago": "před {0} hodinami",
			"{0} hr": "{0} h",
			"{0} hr ago": "před {0} h",
			"{0} hrs": "{0} h",
			"{0} hrs ago": "před {0} h",
			"{0} min": "{0} min",
			"{0} min ago": "před {0} min.",
			"{0} mins": "{0} min",
			"{0} mins ago": "před {0} min",
			"{0} minute": "{0} minuta",
			"{0} minute ago": "před {0} minutou",
			"{0} minutes": "{0} min",
			"{0} minutes ago": "před {0} minutami",
			"{0} mo": "{0} měs.",
			"{0} mo ago": "před {0} měs.",
			"{0} month": "{0} měsíc",
			"{0} month ago": "před {0} měsícem",
			"{0} months": "{0} měs.",
			"{0} months ago": "před {0} měsíci",
			"{0} mos": "{0} měs.",
			"{0} mos ago": "před {0} měs.",
			"{0} sec": "{0} s",
			"{0} sec ago": "před {0} s",
			"{0} second": "{0} s",
			"{0} second ago": "před {0} sekundou",
			"{0} seconds": "{0} s",
			"{0} seconds ago": "před {0} sekundami",
			"{0} secs": "{0} s",
			"{0} secs ago": "před {0} s",
			"{0} week": "{0} týden",
			"{0} week ago": "před {0} týdnem",
			"{0} weeks": "{0} týd.",
			"{0} weeks ago": "před {0} týdny",
			"{0} wk": "{0} týd.",
			"{0} wk ago": "před {0} týd.",
			"{0} wks": "{0} týd.",
			"{0} wks ago": "před {0} týd.",
			"{0} year": "{0} rok",
			"{0} year ago": "před {0} rokem",
			"{0} years": "{0} r.",
			"{0} years ago": "před {0} lety",
			"{0} yr": "{0} r.",
			"{0} yr ago": "před {0} r.",
			"{0} yrs": "{0} r.",
			"{0} yrs ago": "před {0} r.",
			"{0} ↔ {1}": "{0} ↔ {1}"
		},
		"package": {
			"colors.added": "Barva pro přidané prostředky",
			"colors.blameEditorDecoration": "Barva dekorace editoru blame",
			"colors.conflict": "Barva pro prostředky s konflikty",
			"colors.deleted": "Barva pro odstraněné prostředky",
			"colors.ignored": "Barva pro ignorované prostředky",
			"colors.incomingAdded": "Barva pro přidaný příchozí prostředek",
			"colors.incomingDeleted": "Barva odstraněných příchozích prostředků.",
			"colors.incomingModified": "Barva upraveného příchozího prostředku",
			"colors.incomingRenamed": "Barva pro přejmenovaný příchozí prostředek",
			"colors.modified": "Barva pro upravené prostředky",
			"colors.renamed": "Barva pro přejmenované nebo zkopírované prostředky",
			"colors.stageDeleted": "Barva pro odstraněné prostředky, které byly připraveny",
			"colors.stageModified": "Barva pro změněné prostředky, které byly připraveny",
			"colors.submodule": "Barva pro prostředky dílčího modulu",
			"colors.untracked": "Barva pro nesledované prostředky",
			"command.addRemote": "Přidat vzdálené úložiště...",
			"command.api.getRemoteSources": "Načíst vzdálené prostředky",
			"command.api.getRepositories": "Načíst úložiště",
			"command.api.getRepositoryState": "Načíst stav úložiště",
			"command.branch": "Vytvořit větev...",
			"command.branchFrom": "Vytvořit větev z...",
			"command.checkout": "Přechod na aktuální…",
			"command.checkoutDetached": "Rezervovat do (odpojeno)...",
			"command.checkoutRef": "Pokladna",
			"command.checkoutRefDetached": "Přechod na aktuální (odpojeno)",
			"command.cherryPick": "Výběr určitých položek...",
			"command.cherryPickAbort": "Přerušit výběr změn",
			"command.cherryPickRef": "Výběr určitých položek",
			"command.clean": "Zahodit změny",
			"command.cleanAll": "Zahodit všechny změny",
			"command.cleanAllTracked": "Zahodit všechny sledované změny",
			"command.cleanAllUntracked": "Zahodit všechny nesledované změny",
			"command.clone": "Klonovat",
			"command.cloneRecursive": "Klonovat (rekurzivně)",
			"command.close": "Zavřít úložiště",
			"command.closeAllDiffEditors": "Zavřít všechny editory rozdílů",
			"command.closeAllUnmodifiedEditors": "Zavřít všechny nezměněné editory",
			"command.closeOtherRepositories": "Zavřít ostatní úložiště",
			"command.commit": "Potvrdit",
			"command.commitAll": "Potvrdit vše",
			"command.commitAllAmend": "Potvrdit vše (upravit)",
			"command.commitAllAmendNoVerify": "Potvrdit vše (pozměnit, bez ověření)",
			"command.commitAllNoVerify": "Potvrdit vše (bez ověření)",
			"command.commitAllSigned": "Potvrdit vše (finálně verifikováno)",
			"command.commitAllSignedNoVerify": "Potvrdit vše (odhlášení, bez ověření)",
			"command.commitAmend": "Potvrdit (upravit)",
			"command.commitAmendNoVerify": "Potvrdit (upravit, bez ověření)",
			"command.commitEmpty": "Potvrdit prázdné",
			"command.commitEmptyNoVerify": "Potvrdit prázdné (bez ověření)",
			"command.commitMessageAccept": "Přijmout zprávu potvrzení",
			"command.commitMessageDiscard": "Zahodit zprávu potvrzení",
			"command.commitNoVerify": "Potvrdit (bez ověření)",
			"command.commitSigned": "Potvrdit (odhlášeni, bez ověření)",
			"command.commitSignedNoVerify": "Potvrdit (odhlášeni, bez ověření)",
			"command.commitStaged": "Potvrdit připravené",
			"command.commitStagedAmend": "Potvrdit připravené (upravit)",
			"command.commitStagedAmendNoVerify": "Připraveno na potvrzení (pozměnit, bez ověření)",
			"command.commitStagedNoVerify": "Připraveno na potvrzení (bez ověření)",
			"command.commitStagedSigned": "Potvrdit připravené (finálně verifikováno)",
			"command.commitStagedSignedNoVerify": "Připraveno na potvrzení (odhlášení, bez ověření)",
			"command.continueInLocalClone": "Místně klonovat úložiště a otevřít na ploše...",
			"command.continueInLocalClone.qualifiedName": "Pokračovat v práci v novém místním klonu",
			"command.createTag": "Vytvořit značku…",
			"command.deleteBranch": "Odstranit větev...",
			"command.deleteRemoteTag": "Odstranit vzdálenou značku…",
			"command.deleteTag": "Odstranit značku…",
			"command.fetch": "Načíst",
			"command.fetchAll": "Načíst ze všech vzdálených úložišť",
			"command.fetchPrune": "Načíst (vyřadit)",
			"command.git.acceptMerge": "Dokončit sloučení",
			"command.git.openMergeEditor": "Vyřešit v editoru sloučení",
			"command.git.runGitMerge": "Výpočetní prostředky jsou v konfliktu s Gitem",
			"command.git.runGitMergeDiff3": "Výpočetní prostředky jsou v konfliktu s Gitem (Diff3)",
			"command.ignore": "Přidat do souboru .gitignore",
			"command.init": "Inicializovat úložiště",
			"command.manageUnsafeRepositories": "Správa nebezpečných úložišť",
			"command.merge": "Sloučit...",
			"command.mergeAbort": "Přerušit slučování",
			"command.openAllChanges": "Otevřít všechny změny",
			"command.openChange": "Otevřít změny",
			"command.openFile": "Otevřít soubor",
			"command.openHEADFile": "Otevřít soubor (HEAD)",
			"command.openRepositoriesInParentFolders": "Otevřít úložiště v nadřazených složkách.",
			"command.openRepository": "Otevřít úložiště",
			"command.publish": "Publikovat větev...",
			"command.pull": "Přijetí změn",
			"command.pullFrom": "Přijmout změny z...",
			"command.pullRebase": "Přijmout změny (přenést)",
			"command.push": "Nasdílení změn",
			"command.pushFollowTags": "Nasdílet změny (sledovat značky)",
			"command.pushFollowTagsForce": "Nasdílet změny (sledovat značky, vynutit)",
			"command.pushForce": "Nasdílet změny (vynutit)",
			"command.pushTags": "Nasdílet změny značek",
			"command.pushTo": "Nasdílet změny do...",
			"command.pushToForce": "Nasdílet změny do... (vynutit)",
			"command.rebase": "Přenést změny větve...",
			"command.rebaseAbort": "Přerušit přenášení změn",
			"command.refresh": "Aktualizovat",
			"command.removeRemote": "Odebrat vzdálené úložiště",
			"command.rename": "Přejmenovat",
			"command.renameBranch": "Přejmenovat větev...",
			"command.reopenClosedRepositories": "Znovu otevřít zavřená úložiště…",
			"command.restoreCommitTemplate": "Obnovit šablonu potvrzení",
			"command.revealFileInOS.linux": "Otevřít nadřazenou složku",
			"command.revealFileInOS.mac": "Zobrazit ve Finderu",
			"command.revealFileInOS.windows": "Zobrazit v Průzkumníkovi souborů",
			"command.revealInExplorer": "Zobrazit v zobrazení Průzkumníka",
			"command.revertChange": "Obnovit změnu",
			"command.revertSelectedRanges": "Obnovit vybrané rozsahy",
			"command.showOutput": "Zobrazit výstup Gitu",
			"command.stage": "Připravit změny",
			"command.stageAll": "Připravit všechny změny",
			"command.stageAllMerge": "Připravit všechny změny sloučení",
			"command.stageAllTracked": "Připravit všechny sledované změny",
			"command.stageAllUntracked": "Připravit všechny nesledované změny",
			"command.stageBlock": "Blok fáze",
			"command.stageChange": "Připravit změnu",
			"command.stageSelectedRanges": "Připravit vybrané rozsahy",
			"command.stageSelection": "Výběr fáze",
			"command.stash": "Dočasné úložiště",
			"command.stashApply": "Použít dočasné úložiště...",
			"command.stashApplyEditor": "Použít dočasné úložiště",
			"command.stashApplyLatest": "Použít poslední dočasné úložiště",
			"command.stashDrop": "Zrušit dočasné úložiště...",
			"command.stashDropAll": "Přemístit všechna dočasná úložiště",
			"command.stashDropEditor": "Zrušit dočasné úložiště",
			"command.stashIncludeUntracked": "Dočasně uložit (zahrnout nesledované)",
			"command.stashPop": "Přejít na dočasné úložiště...",
			"command.stashPopEditor": "Přejít na dočasné úložiště",
			"command.stashPopLatest": "Přejít na nejnovější dočasné úložiště",
			"command.stashStaged": "Dočasné ukládání připravené",
			"command.stashView": "Zobrazit dočasné úložiště...",
			"command.sync": "Synchronizovat",
			"command.syncRebase": "Synchronizovat (přenést změny)",
			"command.timelineCompareWithSelected": "Porovnat s vybraným",
			"command.timelineCopyCommitId": "Kopírovat ID potvrzení změn",
			"command.timelineCopyCommitMessage": "Kopírovat zprávu potvrzení",
			"command.timelineOpenDiff": "Otevřít změny",
			"command.timelineSelectForCompare": "Vybrat pro porovnání",
			"command.undoCommit": "Vrátit zpět poslední potvrzení",
			"command.unstage": "Zrušit přípravu změn",
			"command.unstageAll": "Zrušit přípravu všech změn",
			"command.unstageSelectedRanges": "Zrušit přípravu vybraných rozsahů",
			"command.viewAllChanges": "Zobrazit všechny změny",
			"command.viewChanges": "Zobrazit změny",
			"command.viewCommit": "Zobrazit potvrzení",
			"command.viewStagedChanges": "Zobrazit připravené změny",
			"command.viewUntrackedChanges": "Zobrazit nesledované změny",
			"config.allowForcePush": "Určuje, jestli je povoleno vynucené nasdílení změn (se zapůjčením nebo bez něj).",
			"config.allowNoVerifyCommit": "Určuje, jestli jsou povolena potvrzení bez spouštění hooků typu pre-commit a commit-msg.",
			"config.alwaysShowStagedChangesResourceGroup": "Vždy zobrazovat skupinu prostředků Připravené změny",
			"config.alwaysSignOff": "Řídí příznak finální verifikace pro všechna potvrzení změn.",
			"config.autoRepositoryDetection": "Nakonfiguruje, kdy se mají automaticky detekovat úložiště.",
			"config.autoRepositoryDetection.false": "Zakáže automatické prohledávání úložiště.",
			"config.autoRepositoryDetection.openEditors": "Umožňuje vyhledat nadřazené složky otevřených souborů.",
			"config.autoRepositoryDetection.subFolders": "Umožňuje vyhledat podsložky otevřené složky.",
			"config.autoRepositoryDetection.true": "Umožňuje vyhledat podsložky aktuálně otevřené složky a nadřazené složky otevřených souborů.",
			"config.autoStash": "Umožňuje dočasně uložit změny před přijetím změn a po úspěšném přijetí změn je obnovit.",
			"config.autofetch": "Když se nastaví na true, potvrzení se budou automaticky načítat z výchozího vzdáleného úložiště aktuálního úložiště Gitu. Nastavením na all se načtou všechna vzdálená úložiště.",
			"config.autofetchPeriod": "Doba trvání v sekundách mezi každým automatickým načtením z úložiště Git, když je povolené nastavení #git.autofetch#",
			"config.autorefresh": "Určuje, jestli je povolena automatická aktualizace.",
			"config.blameEditorDecoration.enabled": "Určuje, jestli se mají v editoru zobrazovat informace o blame pomocí dekorací editoru.",
			"config.blameEditorDecoration.template": "Šablona pro dekoraci editoru informací o blame Podporované proměnné:\r\n\r\n* `hash`: hodnota hash potvrzení\r\n\r\n* `hashShort`: prvních 8 znaků hodnoty hash potvrzení\r\n\r\n* `subject`: první řádek zprávy potvrzení\r\n\r\n* `authorName`: jméno autora\r\n\r\n* `authorEmail`: e-mail autora\r\n\r\n* `authorDate`: datum autora\r\n\r\n* `authorDateAgo`: časový rozdíl mezi dnešním datem a datem autora\r\n\r\n",
			"config.blameStatusBarItem.enabled": "Určuje, jestli se mají na stavovém řádku zobrazovat informace o blame.",
			"config.blameStatusBarItem.template": "Šablona pro položku stavového řádku s informacemi o blame Podporované proměnné:\r\n\r\n* `hash`: hodnota hash potvrzení\r\n\r\n* `hashShort`: prvních 8 znaků hodnoty hash potvrzení\r\n\r\n* `subject`: první řádek zprávy potvrzení\r\n\r\n* `authorName`: jméno autora\r\n\r\n* `authorEmail`: e-mail autora\r\n\r\n* `authorDate`: datum autora\r\n\r\n* `authorDateAgo`: časový rozdíl mezi dnešním datem a datem autora\r\n\r\n",
			"config.branchPrefix": "Předpona použitá při vytváření nové větve.",
			"config.branchProtection": "Seznam chráněných větví. Ve výchozím nastavení se před potvrzením změn do chráněné větve zobrazí dotaz. Tento dotaz lze řídit pomocí nastavení #git.branchProtectionPrompt#.",
			"config.branchProtectionPrompt": "Určuje, jestli se před potvrzením změn v chráněné větvi zobrazí výzva.",
			"config.branchProtectionPrompt.alwaysCommit": "Vždy potvrzovat změny v chráněné větvi",
			"config.branchProtectionPrompt.alwaysCommitToNewBranch": "Vždy potvrzovat změny do nové větve",
			"config.branchProtectionPrompt.alwaysPrompt": "Před potvrzením změn v chráněné větvi se vždy dotazovat",
			"config.branchRandomNameDictionary": "Seznam slovníků používaných u náhodně generovaného názvu větve. Každá hodnota představuje slovník použitý k vygenerování segmentu názvu větve. Podporované slovníky: „přídavná jména“, „zvířata“, „barvy“ a „čísla“.",
			"config.branchRandomNameDictionary.adjectives": "Náhodné přídavné jméno",
			"config.branchRandomNameDictionary.animals": "Náhodný název zvířete",
			"config.branchRandomNameDictionary.colors": "Náhodný název barvy",
			"config.branchRandomNameDictionary.numbers": "Náhodné číslo od 100 do 999",
			"config.branchRandomNameEnable": "Řídí, jestli se při vytváření nové větve vygeneruje náhodný název.",
			"config.branchSortOrder": "Určuje pořadí řazení pro větve.",
			"config.branchValidationRegex": "Regulární výraz, který má ověřovat nové názvy větví",
			"config.branchWhitespaceChar": "Znak, který nahradí prázdné znaky v nových názvech větví a oddělí segmenty náhodně generovaného názvu větve.",
			"config.checkoutType": "Určuje, jaký typ odkazů Git se má zobrazit při provedení akce Přechod na aktuální.",
			"config.checkoutType.local": "Místní větve",
			"config.checkoutType.remote": "Vzdálené větve",
			"config.checkoutType.tags": "Značky",
			"config.closeDiffOnOperation": "Určuje, jestli se má editor rozdílů automaticky uzavřít, když se změny dočasně uloží, potvrdí, zahodí, připraví nebo když dojde ke zrušení jejich přípravy.",
			"config.commandsToLog": "Seznam příkazů Gitu (např. potvrdit, sdílet změny), které by měly jejich stdout zaprotokolované do [git output](command:git.showOutput). Pokud má příkaz git nakonfigurované zavěšení na straně klienta, bude i stdout zavěšení na straně klienta zaprotokolované do [git output](command:git.showOutput).",
			"config.confirmEmptyCommits": "Vždy potvrzovat vytváření prázdných potvrzení pro příkaz Git: Commit Empty",
			"config.confirmForcePush": "Určuje, jestli se má žádat o potvrzení před nasdílením změn s vynucením.",
			"config.confirmNoVerifyCommit": "Určuje, jestli se má před potvrzením bez ověření zobrazit žádost o potvrzení.",
			"config.confirmSync": "Potvrdit před synchronizací úložišť Git",
			"config.countBadge": "Řídí odznáček s počtem pro Git.",
			"config.countBadge.all": "Počítat všechny změny",
			"config.countBadge.off": "Vypnout čítač",
			"config.countBadge.tracked": "Počítat pouze sledované změny",
			"config.decorations.enabled": "Určuje, jestli Git přidává barvy a odznáčky pro zobrazení průzkumníka a otevřených editorů.",
			"config.defaultBranchName": "Název výchozí větve (například main, trunk, development) při inicializaci nového úložiště Git Když se nastaví na prázdné, použije se výchozí název větve nakonfigurovaný v Gitu. **Poznámka:** Vyžaduje Git verze 2.28.0 nebo novější.",
			"config.defaultCloneDirectory": "Výchozí umístění pro klonování úložiště Git",
			"config.detectSubmodules": "Určuje, jestli se mají automaticky zjišťovat dílčí moduly Gitu.",
			"config.detectSubmodulesLimit": "Řídí limit počtu zjištěných dílčích modulů Gitu.",
			"config.discardAllScope": "Určuje, jaké změny jsou zahozeny příkazem Zahodit všechny změny. Možnost all zahodí všechny změny. Možnost tracked zahodí pouze sledované soubory. Možnost prompt při každém spuštění akce zobrazí dialogové okno s dotazem.",
			"config.enableCommitSigning": "Povolí podepisování potvrzení pomocí klíčů GPG, X.509 nebo SSH.",
			"config.enableSmartCommit": "Potvrdit všechny změny, pokud neexistují žádné připravené změny",
			"config.enableStatusBarSync": "Určuje, jestli se na stavovém řádku zobrazí příkaz synchronizace Gitu.",
			"config.enabled": "Určuje, jestli je povolené úložiště Git.",
			"config.experimental.installGuide": "Experimentální vylepšení toku nastavení Gitu.",
			"config.fetchOnPull": "Pokud je povoleno, načítají se při přijímání změn všechny větve. V opačném případě se načte pouze aktuální větev.",
			"config.followTagsWhenSync": "Při spuštění příkazu synchronizace nasdílí všechny anotované značky.",
			"config.ignoreLegacyWarning": "Ignoruje starší upozornění Gitu.",
			"config.ignoreLimitWarning": "Ignoruje upozornění, pokud je v úložišti příliš mnoho změn.",
			"config.ignoreMissingGitWarning": "Ignoruje upozornění, když chybí Git.",
			"config.ignoreRebaseWarning": "Ignoruje upozornění, když to vypadá, že se změny větve při přijímání změn mohly přesunout.",
			"config.ignoreSubmodules": "Ignorovat změny dílčích modulů ve stromu souborů",
			"config.ignoreWindowsGit27Warning": "Ignoruje upozornění, pokud je v systému Windows nainstalován Git verze 2.25–2.26.",
			"config.ignoredRepositories": "Seznam úložišť Git, která se mají ignorovat",
			"config.inputValidation": "Určuje, jestli se má zobrazit diagnostika ověřování vstupu zprávy potvrzení.",
			"config.inputValidationLength": "Určuje prahovou hodnotu délky zprávy potvrzení pro zobrazení upozornění.",
			"config.inputValidationSubjectLength": "Určuje prahovou hodnotu délky předmětu zprávy potvrzení pro zobrazení upozornění. Zrušte jeho nastavení tak, aby zdědil hodnotu #git.inputValidationLength#.",
			"config.mergeEditor": "Otevřete editor sloučení pro soubory, u kterých dochází ke konfliktu.",
			"config.openAfterClone": "Určuje, jestli se má úložiště po klonování automaticky otevřít.",
			"config.openAfterClone.always": "Vždy otevřít v aktuálním okně",
			"config.openAfterClone.alwaysNewWindow": "Vždy otevřít v novém okně",
			"config.openAfterClone.prompt": "Vždy se zeptat na akci",
			"config.openAfterClone.whenNoFolderOpen": "Otevřít v aktuálním okně jenom v případě, že není otevřená žádná složka",
			"config.openDiffOnClick": "Určuje, jestli se má při kliknutí na změnu otevřít editor rozdílů. V opačném případě se otevře běžný editor.",
			"config.openRepositoryInParentFolders": "Určuje, jestli se má otevřít úložiště nadřazených složek pracovního prostoru nebo otevřené soubory.",
			"config.openRepositoryInParentFolders.always": "Vždy otevřete úložiště v nadřazených složkách pracovních prostorů nebo otevřete soubory.",
			"config.openRepositoryInParentFolders.never": "Niky neotvírejte úložiště v nadřazených složkách pracovních prostorů nebo otevřete soubory.",
			"config.openRepositoryInParentFolders.prompt": "Dotázat se před otevřením úložiště nadřazených složek pracovního prostoru nebo otevřením souborů.",
			"config.optimisticUpdate": "Určuje, jestli se má po spuštění příkazů Git optimisticky aktualizovat stav zobrazení správy zdrojového kódu.",
			"config.path": "Cesta a název spustitelného souboru Git, třeba C:\\Program Files\\Git\\bin\\git.exe (Windows). Může to být také pole řetězcových hodnot obsahující několik cest, které se mají vyhledat.",
			"config.postCommitCommand": "Po úspěšném potvrzení spusťte příkaz git.",
			"config.postCommitCommand.none": "Po potvrzení nespouštět žádný příkaz",
			"config.postCommitCommand.push": "Po úspěšném potvrzení spusťte příkaz git push.",
			"config.postCommitCommand.sync": "Po úspěšném potvrzení spusťte příkazy git pull a git push.",
			"config.promptToSaveFilesBeforeCommit": "Určuje, jestli má Git před potvrzením zjišťovat neuložené soubory.",
			"config.promptToSaveFilesBeforeCommit.always": "Zjišťovat všechny neuložené soubory",
			"config.promptToSaveFilesBeforeCommit.never": "Zakázat tuto kontrolu",
			"config.promptToSaveFilesBeforeCommit.staged": "Zjišťovat pouze neuložené připravené soubory",
			"config.promptToSaveFilesBeforeStash": "Určuje, jestli má Git před dočasným uložením změn zjišťovat neuložené soubory.",
			"config.promptToSaveFilesBeforeStash.always": "Zjišťovat všechny neuložené soubory",
			"config.promptToSaveFilesBeforeStash.never": "Zakázat tuto kontrolu",
			"config.promptToSaveFilesBeforeStash.staged": "Zjišťovat pouze neuložené připravené soubory",
			"config.pruneOnFetch": "Vyřadit při načítání",
			"config.publishBeforeContinueOn": "Určuje, jestli se má při použití funkce Pokračovat v práci z úložiště Git publikovat nepublikovaný stav Gitu.",
			"config.publishBeforeContinueOn.always": "Při použití funkce Pokračovat v práci z úložiště Git vždy publikovat nepublikovaný stav Gitu",
			"config.publishBeforeContinueOn.never": "Při použití funkce Pokračovat v práci z úložiště Git nikdy nepublikovat nepublikovaný stav Gitu",
			"config.publishBeforeContinueOn.prompt": "Při použití funkce Pokračovat v práci z úložiště Git zobrazit výzvu k publikování nepublikovaného stavu Gitu",
			"config.pullBeforeCheckout": "Určuje, jestli se větev, která nemá odchozí potvrzení, před přechodem na aktuální rychle přesměruje.",
			"config.pullTags": "Při přijímání změn načíst všechny značky",
			"config.rebaseWhenSync": "Vynutit, aby Git při spuštění příkazu synchronizace použil přenesení změn",
			"config.rememberPostCommitCommand": "Zapamatujte si poslední příkaz git, který se spustil po potvrzení.",
			"config.replaceTagsWhenPull": "Automaticky nahradit místní značky vzdálenými značkami v případě konfliktu při spuštění příkazu pull",
			"config.repositoryScanIgnoredFolders": "Seznam složek, které se při vyhledávání úložišť Git ignorují, když je možnost #git.autoRepositoryDetection# nastavená na true nebo subFolders",
			"config.repositoryScanMaxDepth": "Určuje hloubku použitou při kontrole složek pracovního prostoru pro úložiště Git, když je možnost #git.autoRepositoryDetection# nastavená na true nebo subFolders. Dá se nastavit na -1 aby se odstranily omezení.",
			"config.requireGitUserConfig": "Určuje, jestli se má vyžadovat explicitní konfigurace uživatele Git, nebo umožnit Gitu ji zkusit určit, pokud chybí.",
			"config.scanRepositories": "Seznam cest, ve kterých se mají hledat úložiště Git",
			"config.showActionButton": "Určuje, jestli se v zobrazení správy zdrojového kódu zobrazuje tlačítko akce.",
			"config.showActionButton.commit": "Umožňuje zobrazit tlačítko akce pro potvrzení změn, když místní větev upraví soubory připravené k potvrzení.",
			"config.showActionButton.publish": "Umožňuje zobrazit tlačítko akce pro publikování místní větve, pokud nemá sledovací vzdálenou větev.",
			"config.showActionButton.sync": "Umožňuje zobrazit tlačítko akce pro synchronizaci změn, když je místní větev před nebo za vzdálenou větví.",
			"config.showCommitInput": "Určuje, jestli se vstup potvrzení zobrazí na ovládacím panelu zdrojového kódu Git.",
			"config.showInlineOpenFileAction": "Určuje, jestli se má v zobrazení změn Gitu zobrazit vložená (inline) akce Otevřít soubor.",
			"config.showProgress": "Určuje, jestli se má pro akce Gitu zobrazovat průběh.",
			"config.showPushSuccessNotification": "Určuje, jestli se má při úspěšném nasdílení změn zobrazit oznámení.",
			"config.similarityThreshold": "Určuje prahovou hodnotu indexu podobnosti (tj. množství přidaných nebo odstraněných položek v porovnání s velikostí souboru), aby se změny v páru přidaných a odstraněných souborů považovaly za přejmenování. **Poznámka:** Vyžaduje Git verze 2.18.0 nebo novější.",
			"config.smartCommitChanges": "Určuje, které změny jsou automaticky připraveny pomocí inteligentního potvrzení.",
			"config.smartCommitChanges.all": "Automaticky připravit všechny změny",
			"config.smartCommitChanges.tracked": "Automaticky připravit pouze sledované změny",
			"config.statusLimit": "Určuje, jak omezit počet změn, které se dají parsovat z příkazu stavu Git. Pro stav bez omezení se dá nastavit na 0.",
			"config.suggestSmartCommit": "Navrhuje povolit inteligentní potvrzení (potvrdit všechny změny, pokud neexistují žádné připravené změny).",
			"config.supportCancellation": "Určuje, jestli se při spuštění akce synchronizace objeví oznámení, které uživateli umožňuje operaci zrušit.",
			"config.terminalAuthentication": "Určuje, jestli by měl být VS Code povolen jako obslužný program ověřování pro procesy Gitu vytvořené v integrovaném terminálu. Poznámka: Aby se projevila změna tohoto nastavení, je nutné restartovat terminály.",
			"config.terminalGitEditor": "Určuje, jestli se má povolit, aby VS Code byl editor Gitu pro procesy Gitu, které se spouští v integrovaném terminálu. Poznámka: Aby bylo možné provést změnu v tomto nastavení, je nutné terminály restartovat.",
			"config.timeline.date": "Určuje, které datum se má použít pro položky v zobrazení Časová osa.",
			"config.timeline.date.authored": "Použít datum vytvoření",
			"config.timeline.date.committed": "Použít datum potvrzení",
			"config.timeline.showAuthor": "Určuje, jestli se v zobrazení Časová osa má zobrazovat autor potvrzení.",
			"config.timeline.showUncommitted": "Určuje, jestli se mají v zobrazení časové osy zobrazovat nepotvrzené změny.",
			"config.untrackedChanges": "Určuje, jak se chovají nesledované změny.",
			"config.untrackedChanges.hidden": "Nesledované změny jsou skryty a vyloučeny z několika akcí.",
			"config.untrackedChanges.mixed": "Všechny změny (sledované i nesledované) se zobrazují společně a chovají se stejně.",
			"config.untrackedChanges.separate": "Nesledované změny se v zobrazení správy zdrojového kódu zobrazují samostatně. Jsou také vyloučeny z několika akcí.",
			"config.useCommitInputAsStashMessage": "Určuje, jestli se má zpráva ze vstupního pole pro potvrzení použít jako výchozí zpráva pro dočasné uložení.",
			"config.useEditorAsCommitInput": "Určuje, jestli se má k vytváření potvrzování zpráv použít fulltextový editor, kdykoli se do vstupního pole potvrzení nezadá žádná zpráva.",
			"config.useForcePushIfIncludes": "Určuje, jestli se pro nasdílení změn s vynucením používá bezpečnější varianta force-if-includes. Poznámka: Toto nastavení vyžaduje, aby bylo povolené nastavení #git.useForcePushWithLease#, a Git verze 2.30.0 nebo novější.",
			"config.useForcePushWithLease": "Určuje, jestli se pro nasdílení změn s vynucením používá bezpečnější varianta vynucení se zapůjčením (force-with-lease).",
			"config.useIntegratedAskPass": "Určuje, jestli se má GIT_ASKPASS přepsat, aby se používala integrovaná verze.",
			"config.verboseCommit": "Když je povolená možnost #git.useEditorAsCommitInput#, povolí podrobný výstup.",
			"description": "Integrace s Git SCM",
			"displayName": "Git",
			"submenu.branch": "Rozvětvit",
			"submenu.changes": "Změny",
			"submenu.commit": "Potvrdit",
			"submenu.commit.amend": "Upravit",
			"submenu.commit.signoff": "Finálně verifikovat",
			"submenu.explorer": "Git",
			"submenu.pullpush": "Přijetí změn, nasdílení změn",
			"submenu.remotes": "Vzdálené",
			"submenu.stash": "Dočasné úložiště",
			"submenu.tags": "Značky",
			"view.workbench.cloneRepository": "Úložiště můžete klonovat místně.\r\n[Naklonovat úložiště](command:git.clone 'Naklonovat úložiště, jakmile se aktivuje rozšíření Gitu')",
			"view.workbench.learnMore": "Další informace o používání Gitu a správy zdrojového kódu v editoru VS Code [najdete v naší dokumentaci](https://aka.ms/vscode-scm).",
			"view.workbench.scm.closedRepositories": "Našla se dříve uzavřená úložiště Git.\r\n[Znovu otevřít zavřená úložiště](command:git.reopenClosedRepositories)\r\nDalší informace o používání Gitu a správy zdrojového kódu v editoru VS Code [najdete v naší dokumentaci](https://aka.ms/vscode-scm).",
			"view.workbench.scm.closedRepository": "Našlo se dříve uzavřené úložiště Git.\r\n[Znovu otevřít zavřené úložiště](command:git.reopenClosedRepositories)\r\nDalší informace o používání Gitu a správy zdrojového kódu v editoru VS Code [najdete v naší dokumentaci](https://aka.ms/vscode-scm).",
			"view.workbench.scm.disabled": "Pokud chcete používat funkce Gitu, povolte prosím Git v [nastavení](command:workbench.action.openSettings?%5B%22git.enabled%22%5D).\r\nDalší informace o používání Gitu a správy zdrojového kódu v editoru VS Code [najdete v naší dokumentaci](https://aka.ms/vscode-scm).",
			"view.workbench.scm.empty": "Pokud chcete používat funkce Gitu, můžete otevřít složku obsahující úložiště Git nebo klonovat z adresy URL.\r\n[Otevřít složku](command:vscode.openFolder)\r\n[Klonovat úložiště](command:git.clone)\r\nDalší informace o používání Gitu a správy zdrojového kódu v editoru VS Code [najdete v naší dokumentaci](https://aka.ms/vscode-scm).",
			"view.workbench.scm.emptyWorkspace": "Aktuálně otevřený pracovní prostor nezahrnuje žádné složky obsahující úložiště Git.\r\n[Přidat složku do pracovního prostoru](command:workbench.action.addRootFolder)\r\nDalší informace o používání Gitu a správy zdrojového kódu v editoru VS Code [najdete v naší dokumentaci](https://aka.ms/vscode-scm).",
			"view.workbench.scm.folder": "Aktuálně otevřená složka nemá úložiště Git. Můžete inicializovat úložiště, v němž budou povolené funkce pro správu zdrojů, které zajišťuje Git.\r\n[Inicializovat úložiště](command:git.init?%5Btrue%5D)\r\nDalší informace o používání Gitu a správy zdrojového kódu v editoru VS Code [najdete v naší dokumentaci](https://aka.ms/vscode-scm).",
			"view.workbench.scm.missing": "Nainstalujte si Git, oblíbený systém správy zdrojového kódu, abyste mohli sledovat změny kódu a spolupracovat s ostatními. Další informace najdete v našem [Git guides](https://aka.ms/vscode-scm).",
			"view.workbench.scm.missing.linux": "Správa zdrojového kódu závisí na nainstalovaném Gitu.\r\n[Download Git for Linux](https://git-scm.com/download/linux)\r\nPo instalaci prosím [reload](command:workbench.action.reloadWindow) (nebo [troubleshoot](command:git.showOutput)). Další poskytovatele správy zdrojového kódu je možné nainstalovat [from the Marketplace](command:workbench.extensions.search?%22%40category%3A%5C%22scm%20providers%5C%22%22).",
			"view.workbench.scm.missing.mac": "[Download Git for macOS](https://git-scm.com/download/mac)\r\nPo instalaci prosím [reload](command:workbench.action.reloadWindow) (nebo [troubleshoot](command:git.showOutput)). Další poskytovatele správy zdrojů je možné nainstalovat [from the Marketplace](command:workbench.extensions.search?%22%40category%3A%5C%22scm%20providers%5C%22%22).",
			"view.workbench.scm.missing.windows": "[Download Git for Windows](https://git-scm.com/download/win)\r\nPo instalaci prosím [reload](command:workbench.action.reloadWindow) (nebo [troubleshoot](command:git.showOutput)). Další poskytovatele správy zdrojů je možné nainstalovat [from the Marketplace](command:workbench.extensions.search?%22%40category%3A%5C%22scm%20providers%5C%22%22).",
			"view.workbench.scm.repositoriesInParentFolders": "V jedné z nadřazených složek pracovního prostoru nebo v jednom z otevřených souborů se našla úložiště Git.\r\n[Otevřít úložiště](command:git.openRepositoriesInParentFolders)\r\nPomocí nastavení [git.openRepositoryInParentFolders](command:workbench.action.openSettings?%5B%22git.openRepositoryInParentFolders%22%5D) můžete řídit, jak se budou otevírat úložiště Git v nadřazených složkách pracovního prostoru nebo otevřených souborech. Další informace najdete v [naší dokumentaci](https://aka.ms/vscode-git-repository-in-parent-folders).",
			"view.workbench.scm.repositoryInParentFolders": "V nadřazených složkách pracovního prostoru nebo otevřených souborech bylo nalezeno úložiště Git.\r\n[Otevřít úložiště](command:git.openRepositoriesInParentFolders)\r\nPomocí nastavení [git.openRepositoryInParentFolders](command:workbench.action.openSettings?%5B%22git.openRepositoryInParentFolders%22%5D) můžete řídit, jak se budou otevírat úložiště Git v nadřazených složkách pracovních prostorů nebo otevřených souborech. Další informace najdete v [naší dokumentaci](https://aka.ms/vscode-git-repository-in-parent-folders).",
			"view.workbench.scm.scanFolderForRepositories": "Vyhledávání úložišť Git ve složce...",
			"view.workbench.scm.scanWorkspaceForRepositories": "Vyhledávání úložišť Git v pracovním prostoru...",
			"view.workbench.scm.unsafeRepositories": "Zjištěná úložiště Git jsou potenciálně nebezpečná, protože složky vlastní někdo jiný než aktuální uživatel.\r\n[Správa nebezpečných úložišť](command:git.manageUnsafeRepositories)\r\nDalší informace o nebezpečných úložištích najdete v [naší dokumentaci](https://aka.ms/vscode-git-unsafe-repository).",
			"view.workbench.scm.unsafeRepository": "Zjištěné úložiště Git je potenciálně nebezpečné, protože složku vlastní někdo jiný než aktuální uživatel.\r\n[Správa nebezpečných úložišť](command:git.manageUnsafeRepositories)\r\nDalší informace o nebezpečných úložištích najdete v [naší dokumentaci](https://aka.ms/vscode-git-unsafe-repository).",
			"view.workbench.scm.workspace": "Aktuálně otevřený pracovní prostor nezahrnuje žádné složky obsahující úložiště Git. Můžete inicializovat úložiště ve složce, v níž budou povolené funkce pro správu zdrojů, které zajišťuje Git.\r\n[Inicializovat úložiště](command:git.init)\r\nDalší informace o používání Gitu a správy zdrojového kódu v editoru VS Code [najdete v naší dokumentaci](https://aka.ms/vscode-scm)."
		}
	}
}