{
	"": [
		"--------------------------------------------------------------------------------------------",
		"Copyright (c) Microsoft Corporation. All rights reserved.",
		"Licensed under the MIT License. See License.txt in the project root for license information.",
		"--------------------------------------------------------------------------------------------",
		"Do not edit this file. It is machine generated."
	],
	"version": "1.0.0",
	"contents": {
		"bundle": {
			"Error validating custom environment setting: {0}": "Chyba při ověřování vlastního nastavení prostředí: {0}",
			"Having trouble logging in?": "Máte potíže s přihlášením?",
			"Microsoft Account configuration has been changed.": "Konfigurace účtu Microsoft se změnila.",
			"Microsoft Authentication": "Ověřování společnosti Microsoft",
			"Microsoft Sovereign Cloud Authentication": "Ověřování pro Microsoft Sovereign Cloud",
			"Open settings": "Otevřít nastavení",
			"Paste authorization code here...": "Sem vložte autorizační kód...",
			"Provide the authorization code to complete the sign in flow.": "Pokud chcete dokončit tok přihlášení, zadejte autorizační kód.",
			"Reload": "Načíst znovu",
			"Signing in to Microsoft...": "Přihlašování k účtu Microsoft...",
			"Signing in to your account...": "Přihlašování k vašemu účtu...",
			"The environment `{0}` is not a valid environment.": "Prostředí {0} není platné prostředí.",
			"Would you like to try a different way to sign in to your Microsoft account? ({0})": "Chcete vyzkoušet jiný způsob přihlášení k účtu Microsoft? ({0})",
			"Yes": "Ano",
			"You have been signed out because reading stored authentication information failed.": "Byli jste odhlášeni, protože se nepovedlo načíst uložené ověřovací informace.",
			"You must also specify a custom environment in order to use the custom environment auth provider.": "Pokud chcete použít vlastního zprostředkovatele ověřování prostředí, musíte zadat i vlastní prostředí."
		},
		"package": {
			"description": "Zprostředkovatel ověřování společnosti Microsoft",
			"displayName": "Učet Microsoft",
			"microsoft-authentication.implementation.description": "Implementace ověřování, která se použije pro přihlašování pomocí účtu Microsoft",
			"microsoft-authentication.implementation.enumDescriptions.classic": "K přihlášení pomocí účtu Microsoft použijte klasický postup ověřování.",
			"microsoft-authentication.implementation.enumDescriptions.msal": "Přihlaste se k účtu Microsoft pomocí knihovny MSAL (Microsoft Authentication Library).",
			"microsoft-sovereign-cloud.customEnvironment.activeDirectoryEndpointUrl.description": "Koncový bod Active Directory pro vlastní suverénní cloud.",
			"microsoft-sovereign-cloud.customEnvironment.activeDirectoryResourceId.description": "ID prostředku Active Directory pro vlastní suverénní cloud.",
			"microsoft-sovereign-cloud.customEnvironment.description": "Vlastní konfigurace suverénního cloudu, která se má použít s poskytovatelem ověřování suverénního cloudu Microsoftu. Pro používání této funkce se vyžaduje tato konfigurace a nastavení `#microsoft-sovereign-cloud.environment#` nastavené na custom.",
			"microsoft-sovereign-cloud.customEnvironment.managementEndpointUrl.description": "Koncový bod správy pro vlastní suverénní cloud.",
			"microsoft-sovereign-cloud.customEnvironment.name.description": "Název vlastního suverénního cloudu.",
			"microsoft-sovereign-cloud.customEnvironment.portalUrl.description": "Adresa URL portálu pro vlastní suverénní cloud.",
			"microsoft-sovereign-cloud.customEnvironment.resourceManagerEndpointUrl.description": "Koncový bod správce prostředků pro vlastní suverénní cloud.",
			"microsoft-sovereign-cloud.environment.description": "Suverénní cloud, který se má použít k ověřování. Pokud vyberete možnost custom, musíte také nastavit nastavení `#microsoft-sovereign-cloud.customEnvironment#`.",
			"microsoft-sovereign-cloud.environment.enumDescriptions.AzureChinaCloud": "Azure (Čína)",
			"microsoft-sovereign-cloud.environment.enumDescriptions.AzureUSGovernment": "Azure pro vládu USA",
			"microsoft-sovereign-cloud.environment.enumDescriptions.custom": "Vlastní suverénní cloud Microsoftu",
			"signIn": "Přihlásit se",
			"signOut": "Odhlásit se"
		}
	}
}