{
	"": [
		"--------------------------------------------------------------------------------------------",
		"Copyright (c) Microsoft Corporation. All rights reserved.",
		"Licensed under the MIT License. See License.txt in the project root for license information.",
		"--------------------------------------------------------------------------------------------",
		"Do not edit this file. It is machine generated."
	],
	"version": "1.0.0",
	"contents": {
		"bundle": {
			"\"store\" a boolean test for later evaluation in a guard or if().": "Bir koruyucuda veya () koşulu için daha sonra değerlendirme yapmak için bir Boole testi \"store\" et.",
			"'from' expected": "'from' bekleniyor",
			"'in' expected": "'in' bekleniyor",
			"'through' or 'to' expected": "'through' veya 'to' bekleniyor",
			"'{0}'": "'{0}'",
			"( expected": "( bekleniyor",
			") expected": ") bekleniyor",
			"<undefined>": "<undefined>",
			"@font-face": "@font-face",
			"@font-face rule must define 'src' and 'font-family' properties": "@font-face kuralı 'src' ve 'font-family' özelliklerini tanımlamalıdır",
			"@keyframes {0}": "@keyframes {0}",
			"A list of properties that are not validated against the `unknownProperties` rule.": "'unknownProperties' kuralına göre doğrulanmamış özellikler listesi.",
			"Adds quotes to a string.": "Dizeye tırnak işaretleri ekler.",
			"Also define the standard property '{0}' for compatibility": "Uyumluluk için '{0}' standart özelliğini de tanımla",
			"Always define standard rule '@keyframes' when defining keyframes.": "Ana kareler tanımlanırken '@keyframes' standart kuralını her zaman tanımlayın.",
			"Always include all vendor specific properties: Missing: {0}": "Satıcıya özgü tüm özellikleri her zaman dahil et: Eksik: {0}",
			"Always include all vendor specific rules: Missing: {0}": "Satıcıya özgü tüm kuralları her zaman dahil et: Eksik: {0}",
			"Appends a single value onto the end of a list.": "Bir liste sonuna bir tek değer ekler.",
			"Appends selectors to one another without spaces in between.": "Seçicileri aralarında boşluk olmadan bir diğerinin sonuna ekler.",
			"Avoid using !important. It is an indication that the specificity of the entire CSS has gotten out of control and needs to be refactored.": "!important kullanmaktan kaçının. Bu, CSS'nin tüm özgül değerlerinin denetimden çıktığını ve yeniden düzenleme yapılması gerektiğini gösterir.",
			"Avoid using 'float'. Floats lead to fragile CSS that is easy to break if one aspect of the layout changes.": "'float' kullanmaktan kaçının. Float kullanımları, düzenin bir yönünün değişmesi durumunda kolayca bozulabilen kırılgan bir CSS ortaya çıkarır.",
			"Causes one or more rules to be emitted at the root of the document.": "Bir veya daha fazla kuralın belgenin köküne yayımlanmasına neden olur.",
			"Changes one or more properties of a color.": "Bir rengin bir veya daha fazla özelliğini değiştirir.",
			"Changes the alpha component for a color.": "Bir rengin alfa bileşenini değiştirir.",
			"Changes the hue of a color.": "Bir rengin tonunu değiştirir.",
			"Character entity representing '{0}'": "'{0}' öğesini temsil eden karakter varlığı",
			"Character entity representing '{0}', unicode equivalent '{1}'": "'{0}' karakterini temsil eden karakter varlığı, '{1}' unicode eşdeğeri",
			"Closing bracket expected.": "Kapatma köşeli ayracı bekleniyor.",
			"Closing bracket missing.": "Kapatma köşeli ayracı eksik.",
			"Combines several lists into a single multidimensional list.": "Birkaç listeyi tek bir çok boyutlu liste olarak birleştirir.",
			"Configure": "Yapılandır",
			"Converts a color into the format understood by IE filters.": "Rengi IE filtreleri tarafından anlaşılan biçime dönüştürür.",
			"Converts a color to grayscale.": "Rengi gri tonlamaya dönüştürür.",
			"Converts a string to lower case.": "Dizeyi küçük harfe dönüştürür.",
			"Converts a string to upper case.": "Bir dizeyi büyük harfe dönüştürür.",
			"Converts a unitless number to a percentage.": "Birimsiz sayıyı bir yüzdeye dönüştürür.",
			"Creates a Color from hue, saturation, and lightness values.": "Ton, doygunluk ve ışık değerlerinden bir Renk oluşturur.",
			"Creates a Color from hue, saturation, lightness, and alpha values.": "Ton, doygunluk, ışık ve alfa değerlerinden bir Renk oluşturur.",
			"Creates a Color from hue, white, and black values.": "Ton, beyaz ve siyah değerlerinden bir Renk oluşturur.",
			"Creates a Color from lightness, a, and b values.": "Işık, a ve b değerlerinden bir Renk oluşturur.",
			"Creates a Color from lightness, chroma, and hue values.": "Işık, renk ve ton değerlerinden bir Renk oluşturur.",
			"Creates a Color from red, green, and blue values.": "Kırmızı, yeşil ve mavi değerlerinden bir Renk oluşturur.",
			"Creates a Color from red, green, blue, and alpha values.": "Kırmızı, yeşil, mavi ve alfa değerlerinden bir Renk oluşturur.",
			"Creates a Color from the hue, saturation, and lightness values of another Color.": "Başka bir Rengin ton, doygunluk ve ışık değerlerinden bir Renk oluşturur.",
			"Creates a Color from the hue, white, and black values of another Color.": "Başka bir Rengin ton, beyaz ve siyah değerlerinden bir Renk oluşturur.",
			"Creates a Color from the lightness, a, and b values of another Color.": "Başka bir Rengin ışık, a ve b değerlerinden bir Renk oluşturur.",
			"Creates a Color from the lightness, chroma, and hue values of another Color.": "Başka bir Rengin ışık, renk ve ton değerlerinden bir Renk oluşturur.",
			"Creates a Color from the red, green, and blue values of another Color.": "Başka bir Rengin kırmızı, yeşil ve mavi değerlerinden bir Renk oluşturur.",
			"Creates a Color in a specific color space from red, green, and blue values.": "Belirli bir renk alanında kırmızı, yeşil ve mavi değerlerinden bir Renk oluşturur.",
			"Creates a Color in a specific color space from the red, green, and blue values of another Color.": "Belirli bir renk alanında başka bir Rengin kırmızı, yeşil ve mavi değerlerinden bir Renk oluşturur.",
			"Defines complex operations that can be re-used throughout stylesheets.": "Stil sayfaları boyunca yeniden kullanılabilecek karmaşık işlemleri tanımlar.",
			"Defines styles that can be re-used throughout the stylesheet with `@include`.": "`@include` değerine sahip stil sayfası boyunca yeniden kullanılabilen stilleri belirler.",
			"Do not use duplicate style definitions": "Yinelenen stil tanımları kullanmayın",
			"Do not use empty rulesets": "Boş kural kümeleri kullanmayın",
			"Do not use width or height when using padding or border": "Doldurma veya kenarlık kullanırken genişlik veya yükseklik kullanmayın",
			"Dynamically calls a Sass function.": "Sass işlevini dinamik olarak çağırır.",
			"Each loop that sets `$var` to each item in the list or map, then outputs the styles it contains using that value of `$var`.": "`$var` değerini listedeki veya eşlemedeki her öğeye ayarlayıp içerdiği stilleri bu `$var` değerini kullanarak çıkaran her döngü.",
			"End tag name expected.": "Bitiş etiketi adı bekleniyor.",
			"Exposes the details of Sass’s inner workings.": "Sass iç çalışmalarının ayrıntılarını kullanıma sunar.",
			"Extends $extendee with $extender within $selector.": "$selector içinde $extender öğesine sahip $extendee öğesini genişletir.",
			"Extracts a substring from $string.": "$string öğesinden bir alt dize ayıklar.",
			"Finds the maximum of several numbers.": "Birkaç sayının en yüksek değerini bulur.",
			"Finds the minimum of several numbers.": "Birkaç sayının en düşük değerini bulur.",
			"Fluidly scales one or more properties of a color.": "Bir rengin bir veya daha fazla özelliğini akıcı bir şekilde ölçeklendirir.",
			"Folding Region End": "Katlama Bölgesi Sonu",
			"Folding Region Start": "Katlama Bölgesi Başlangıcı",
			"For loop that repeatedly outputs a set of styles for each `$var` in the `from/through` or `from/to` clause.": "`from/through` veya `from/to` yan tümcesindeki her `$var` için tekrar tekrar bir stil kümesi çıkaran for döngüsü.",
			"Generates new colors based on existing ones, making it easy to build color themes.": "Mevcut renklere göre yeni renkler üretir ve böylece renk temaları oluşturmanızı kolaylaştırır.",
			"Gets the blue component of a color.": "Bir rengin mavi bileşenini alır.",
			"Gets the green component of a color.": "Bir rengin yeşil bileşenini alır.",
			"Gets the hue component of a color.": "Bir rengin ton bileşenini alır.",
			"Gets the lightness component of a color.": "Bir rengin ışık bileşenini alır.",
			"Gets the opacity component of a color.": "Bir rengin opaklık bileşenini alır.",
			"Gets the red component of a color.": "Bir rengin kırmızı bileşenini alır.",
			"Gets the saturation component of a color.": "Bir rengin doygunluk bileşenini alır.",
			"HTML Language Server": "HTML Dili Sunucusu",
			"Hex colors must consist of three, four, six or eight hex numbers": "Onaltılık renkler üç, dört, altı veya sekiz onaltılık sayılardan oluşmalıdır",
			"IE hacks are only necessary when supporting IE7 and older": "IE kodlaması yalnızca IE7 ve daha eski sürümler desteklenirken gereklidir",
			"Import statements do not load in parallel": "İçeri aktarma deyimleri paralel olarak yüklenmez",
			"Includes the body if the expression does not evaluate to `false` or `null`.": "İfade `false` veya `null` olarak değerlendirilmezse gövdeyi içerir.",
			"Includes the styles defined by another mixin into the current rule.": "Geçerli kurala başka bir mixin tarafından tanımlanan stilleri içerir.",
			"Increases or decreases one or more components of a color.": "Bir rengin bir veya daha fazla bileşenini artırır veya azaltır.",
			"Inherits the styles of another selector.": "Başka bir seçicinin stillerini devralır.",
			"Inserts $insert into $string at $index.": "$index konumunda $string değerine $insert öğesini ekler.",
			"Invalid number of parameters": "Geçersiz parametre sayısı",
			"Joins together two lists into one.": "İki listeyi birleştirerek bir liste oluşturur.",
			"Lets you access and modify values in lists.": "Listelerde değerlere erişmenizi ve bu değerleri değiştirmenizi sağlar.",
			"Loads a Sass stylesheet and makes its mixins, functions, and variables available when this stylesheet is loaded with the @use rule.": "Bir Sass stil sayfası yükler ve bu stil sayfası @use kuralıyla yüklendiğinde mixin kullanımlarını, işlevlerini ve değişkenlerini kullanılabilir kılar.",
			"Loads mixins, functions, and variables from other Sass stylesheets as 'modules', and combines CSS from multiple stylesheets together.": "Diğer Sass stil sayfalarındaki mixin kullanımlarını, işlevleri ve değişkenleri 'modules' olarak yükler ve birden çok stil sayfasındaki CSS'yi birleştirir.",
			"Makes a color darker.": "Rengi daha koyu hale getirir.",
			"Makes a color less saturated.": "Bir rengin doygunluğunu azaltır.",
			"Makes a color lighter.": "Rengi daha açık hale getirir.",
			"Makes a color more opaque.": "Rengi daha mat hale getirir.",
			"Makes a color more saturated.": "Bir rengi daha doygun hale getirir.",
			"Makes a color more transparent.": "Rengi daha saydam yapar.",
			"Makes it easy to combine, search, or split apart strings.": "Dizeleri birleştirmeyi, aramayı veya bölmeyi kolaylaştırır.",
			"Makes it possible to look up the value associated with a key in a map, and much more.": "Eşlemedeki bir anahtarla ilişkili değeri aramanızı ve daha fazlasını yapmanızı mümkün kılar.",
			"Merges two maps together into a new map.": "İki eşlemeyi birleştirerek yeni bir eşleme oluşturur.",
			"Mix two colors together in a polar color space.": "İki rengi polar renk alanında bir araya getirir.",
			"Mix two colors together in a rectangular color space.": "İki rengi dikdörtgen renk alanında bir araya getirir.",
			"Mixes two colors together.": "İki rengi birbiriyle karıştırır.",
			"Nests selector beneath one another like they would be nested in the stylesheet.": "Seçiciyi, stil sayfasında iç içe geçmiş olduğu gibi iç içe geçirir.",
			"No unit for zero needed": "Sıfır için birim gerekli değil",
			"Parses a selector into the format returned by &.": "Seçiciyi, & tarafından döndürülen biçime ayrıştırır.",
			"Prints the value of an expression to the standard error output stream. Useful for debugging complicated Sass files.": "Bir ifadenin değerini standart hata çıkış akışına yazdırır. Karmaşık Sass dosyalarında hata ayıklamak için faydalıdır.",
			"Prints the value of an expression to the standard error output stream. Useful for libraries that need to warn users of deprecations or recovering from minor mixin usage mistakes. Warnings can be turned off with the `--quiet` command-line option or the `:quiet` Sass option.": "İfadenin değerini standart hata çıkışı akışına yazdırır. Kullanımdan kaldırma veya mixin kullanımıyla ilgili küçük hatalardan kurtarma konusunda kullanıcıları uyarması gereken kitaplıklar için faydalıdır. Uyarılar `--quiet` komut satırı seçeneği veya `:quiet` Sass seçeneğiyle kapatılabilir.",
			"Property is ignored due to the display.": "Görüntü nedeniyle özellik yoksayıldı.",
			"Property is ignored due to the display. With 'display: block', vertical-align should not be used.": "display öğesindeki değer nedeniyle özellik yoksayıldı. 'display: block' değeriyle birlikte vertical-align kullanılmamalıdır.",
			"Provides access to Sass’s powerful selector engine.": "Sass'in güçlü seçici altyapısına erişim sağlar.",
			"Provides functions that operate on numbers.": "Sayılarda çalışan işlevleri sağlar.",
			"Removes quotes from a string.": "Dizeden tırnak işaretlerini kaldırır.",
			"Rename to '{0}'": "'{0}' olarak yeniden adlandırın",
			"Replaces $original with $replacement within $selector.": "$original öğesini $selector içinde $replacement ile değiştirir.",
			"Replaces the nth item in a list.": "Bir listedeki n. öğeyi değiştirir.",
			"Returns a list of all keys in a map.": "Eşlemedeki tüm anahtarların listesini döndürür.",
			"Returns a list of all values in a map.": "Eşlemedeki tüm değerlerin listesini döndürür.",
			"Returns a new map with keys removed.": "Anahtarları kaldırılmış yeni bir eşleme döndürür.",
			"Returns a random number.": "Rastgele bir sayı döndürür.",
			"Returns a specific item in a list.": "Listedeki belirli bir öğeyi döndürür.",
			"Returns the absolute value of a number.": "Sayının mutlak değerini döndürür.",
			"Returns the complement of a color.": "Bir rengin tümleyenini döndürür.",
			"Returns the index of the first occurance of $substring in $string.": "$string içindeki ilk $substring oluşumunun dizinini döndürür.",
			"Returns the inverse of a color.": "Bir rengin ters değerini döndürür.",
			"Returns the keywords passed to a function that takes variable arguments.": "Değişken bağımsız değişkenlerini alan bir işleve geçirilen anahtar sözcükleri döndürür.",
			"Returns the length of a list.": "Bir listenin uzunluğunu döndürür.",
			"Returns the number of characters in a string.": "Dizedeki karakter sayısını verir.",
			"Returns the position of a value within a list.": "Bir listedeki değerin konumunu döndürür.",
			"Returns the separator of a list.": "Bir listenin ayıracını döndürür.",
			"Returns the simple selectors that comprise a compound selector.": "Bileşik seçici oluşturan basit seçicileri döndürür.",
			"Returns the string representation of a value as it would be represented in Sass.": "Bir değerin dize gösterimini Sass'de temsil edildiği şekilde döndürür.",
			"Returns the type of a value.": "Değerin türünü döndürür.",
			"Returns the unit(s) associated with a number.": "Bir sayıyla ilişkili birimleri döndürür.",
			"Returns the value in a map associated with a given key.": "Belirtilen anahtarla ilişkili bir eşlemedeki değeri döndürür.",
			"Returns whether $super matches all the elements $sub does, and possibly more.": "$super değerinin, $sub değerinin eşleştiği tüm öğelerle ve muhtemelen daha fazlasıyla eşleşip eşleşmediğini döndürür.",
			"Returns whether a feature exists in the current Sass runtime.": "Bir özelliğin geçerli Sass çalışma zamanında mevcut olup olmadığını döndürür.",
			"Returns whether a function with the given name exists.": "Belirtilen ada sahip bir işlevin mevcut olup olmadığını döndürür.",
			"Returns whether a map has a value associated with a given key.": "Eşlemenin belirtilen bir anahtarla ilişkili bir değere sahip olup olmadığını döndürür.",
			"Returns whether a mixin with the given name exists.": "Belirtilen ada sahip bir mixinin mevcut olup olmadığını döndürür.",
			"Returns whether a number has units.": "Bir sayının birimlere sahip olup olmadığını döndürür.",
			"Returns whether a variable with the given name exists in the current scope.": "Belirtilen ada sahip bir değişkenin geçerli kapsamda mevcut olup olmadığını döndürür.",
			"Returns whether a variable with the given name exists in the global scope.": "Belirtilen ada sahip bir değişkenin genel kapsamda mevcut olup olmadığını döndürür.",
			"Returns whether two numbers can be added, subtracted, or compared.": "İki sayının eklenebilir, çıkarılabilir veya karşılaştırılabilir olup olmadığını döndürür.",
			"Rounds a number down to the previous whole number.": "Bir sayıyı önceki tamsayıya yuvarlar.",
			"Rounds a number to the nearest whole number.": "Bir sayıyı en yakın tamsayıya yuvarlar.",
			"Rounds a number up to the next whole number.": "Bir sayıyı sonraki tamsayıya yuvarlar.",
			"Sass documentation": "Sass belgeleri",
			"Selector Specificity": "Seçici Özgüllük",
			"Selectors should not contain IDs because these rules are too tightly coupled with the HTML.": "Bu kurallar HTML ile çok sıkı olarak birleştirilmiş olduğundan, seçiciler kimlik içermemelidir.",
			"Simple HTML5 starting point": "Basit HTML5 başlangıç noktası",
			"Start tag name expected.": "Başlangıç etiketi adı bekleniyor.",
			"Tag name must directly follow the open bracket.": "Etiket adının, doğrudan açık köşeli ayracı izlemesi gerekir.",
			"The universal selector (*) is known to be slow": "Evrensel seçicinin (*) yavaş olduğu bilinir",
			"Throws the value of an expression as a fatal error with stack trace. Useful for validating arguments to mixins and functions.": "Bir ifadenin değerini yığın izlemesinde önemli bir hata olarak oluşturur. Karışımlara ve işlevlere yönelik bağımsız değişkenleri doğrulamada faydalıdır.",
			"URI expected": "URI bekleniyor",
			"URL encodes a string": "URL bir dizeyi kodlar",
			"Unexpected character in tag.": "Etikette beklenmeyen karakter.",
			"Unifies two selectors to produce a selector that matches elements matched by both.": "Her ikisiyle eşleşen öğelerle eşleşen bir seçici oluşturmak için iki seçiciyi birleştirir.",
			"Unknown at-rule.": "Bilinmeyen at-rule.",
			"Unknown property.": "Bilinmeyen özellik.",
			"Unknown property: '{0}'": "Bilinmeyen özellik: '{0}'",
			"Unknown vendor specific property.": "Bilinmeyen satıcıya özgü özellik.",
			"VS Code now has built-in support for auto-renaming tags. Do you want to enable it?": "VS Code artık otomatik yeniden adlandırma etiketleri için yerleşik desteğe sahiptir. Etkinleştirmek istiyor musunuz?",
			"When using a vendor-specific prefix also include the standard property": "Satıcıya özgü ön ek kullanırken standart özelliği de ekleyin.",
			"When using a vendor-specific prefix make sure to also include all other vendor-specific properties": "Satıcıya özgü ön ek kullanırken satıcıya özel diğer tüm özellikleri de dahil ettiğinizden emin olun",
			"While loop that takes an expression and repeatedly outputs the nested styles until the statement evaluates to `false`.": "Bir ifade alan ve deyim, `false` olarak hesaplanana kadar iç içe stilleri tekrar tekrar çıkaran while döngüsü.",
			"[ expected": "[ bekleniyor",
			"] expected": "] bekleniyor",
			"absolute value of a number": "Bir sayının mutlak değeri",
			"arccosine - inverse of cosine function": "arkkosinüs - kosinüs işlevinin tersi",
			"arcsine - inverse of sine function": "arksinüs - sinüs işlevinin tersi",
			"arctangent - inverse of tangent function": "arktanjant - tanjant işlevinin tersi",
			"argument from '{0}'": "'{0}' konumundaki bağımsız değişken",
			"at-rule or selector expected": "at-rule veya seçici bekleniyor",
			"at-rule unknown": "at-rule bilinmiyor",
			"bind the evaluation of a ruleset to each member of a list.": "kural kümesinin değerlendirmesini bir listedeki her üyeye bağlayın.",
			"calculates square root of a number": "sayının karekökünü hesaplar",
			"colon expected": "iki nokta üst üste bekleniyor",
			"comma expected": "virgül bekleniyor",
			"condition expected": "koşul bekleniyor",
			"converts numbers from one type into another": "sayıları bir türden başka bir türe dönüştürür",
			"converts to a %, e.g. 0.5 > 50%": "Bir % değerine ör. 0.5 > %50 olarak dönüştürür",
			"cosine function": "kosinüs işlevi",
			"creates a #AARRGGBB": "#AARRGGBB oluşturur",
			"creates a color": "renk oluşturur",
			"dot expected": "nokta bekleniyor",
			"escape string content": "kaçış dizesi içeriği",
			"expression expected": "ifade bekleniyor.",
			"first argument modulus second argument": "birinci bağımsız değişken modül ikinci bağımsız değişken",
			"first argument raised to the power of the second argument": "ikinci bağımsız değişken ilk bağımsız değişkenin kuvvetine yükseltildi",
			"generate a list spanning a range of values": "bir değer aralığını kapsayan bir liste oluştur",
			"identifier expected": "tanımlayıcı bekleniyor",
			"identifier or variable expected": "tanımlayıcı veya değişken bekleniyor",
			"identifier or wildcard expected": "tanımlayıcı veya joker karakter bekleniyor",
			"inline-block is ignored due to the float. If 'float' has a value other than 'none', the box is floated and 'display' is treated as 'block'": "inline-block, float nedeniyle yoksayıldı. 'float' değeri 'none' dışında bir değere sahipse, alan kaydırılır ve 'display' değeri 'block' olarak kabul edilir",
			"inlines a resource and falls back to `url()`": "bir kaynağı satır içine alır ve `url()` değerine geri döner",
			"media query expected": "medya sorgusu bekleniyor",
			"number expected": "sayı bekleniyor",
			"operator expected": "işleç bekleniyor",
			"page directive or declaraton expected": "sayfa yönergesi veya bildirimi bekleniyor",
			"parses a string to a color": "dizeyi bir renge ayrıştırır",
			"percentage expected": "beklenen yüzde",
			"property value expected": "özellik değeri bekleniyor",
			"remove or change the unit of a dimension": "boyutun birimini kaldır veya değiştir",
			"return `@color` 10% points darker": "`@color` öğesini %10 puan daha koyu döndür",
			"return `@color` 10% points less saturated": "`@color` öğesini %10 puan daha düşük doygunlukla döndür",
			"return `@color` 10% points less transparent": "`@color` öğesini %10 puan daha düşük saydamlıkla döndür",
			"return `@color` 10% points lighter": "`@color` öğesini %10 puan daha açık döndür",
			"return `@color` 10% points more saturated": "`@color` öğesini %10 puan daha yüksek doygunlukla döndür",
			"return `@color` 10% points more transparent": "`@color` öğesini %10 puan daha yüksek saydamlıkla döndür",
			"return `@color` with 50% transparency": "`@color` öğesini %50 saydamlıkla döndür",
			"return `@color` with a 10 degree larger in hue": "`@color` öğesini tonda 10 derece daha büyük olarak döndür",
			"return `@darkcolor` if `@color1 is> 43% luma` otherwise return `@lightcolor`, see notes": "`@color1 is> 43% luma` ise `@darkcolor` döndür, aksi halde `@lightcolor` döndür, notlara bakın",
			"return a mix of `@color1` and `@color2`": "`@color1` ve `@color2` karışımı döndür",
			"returns a grey, 100% desaturated color": "gri, doygunluğu %100 azaltılmış renk döndürür",
			"returns a value at the specified position in the list": "listede belirtilen konumdaki bir değeri döndürür",
			"returns one of two values depending on a condition.": "bir koşula bağlı olarak iki değerden birini döndürür.",
			"returns pi": "pi değerini döndürür",
			"returns the `alpha` channel of `@color`": "`@color` için `alpha` kanalını döndürür",
			"returns the `blue` channel of `@color`": "`@color` için `blue` kanalını döndürür",
			"returns the `green` channel of `@color`": "`@color` için `green` kanalını döndürür",
			"returns the `hue` channel of `@color` in the HSL space": "HSL alanında `@color` için `hue` kanalını döndürür",
			"returns the `hue` channel of `@color` in the HSV space": "HSV alanında `@color` öğesinin `hue` kanalını döndürür",
			"returns the `lightness` channel of `@color` in the HSL space": "HSL alanında `@color` için `lightness` kanalını döndürür",
			"returns the `luma` value (perceptual brightness) of `@color`": "`@color` için `luma` değerini (algısal parlaklık) döndürür",
			"returns the `red` channel of `@color`": "`@color` için `red` kanalını döndürür",
			"returns the `saturation` channel of `@color` in the HSL space": "HSL alanında `@color` öğesinin `saturation` kanalını döndürür",
			"returns the `saturation` channel of `@color` in the HSV space": "HSV alanında `@color` için `saturation` kanalını döndürür",
			"returns the `value` channel of `@color` in the HSV space": "HSV alanında `@color` için `value` kanalını döndürür",
			"returns the lowest of one or more values": "bir veya daha fazla değerin en küçüğünü döndürür",
			"returns the number of elements in a value list": "değer listesindeki öğe sayısını döndürür",
			"rounds a number to a number of places": "bir sayıyı farklı yerlerde bir sayıya yuvarlar",
			"rounds down to an integer": "alt tamsayıya yuvarlar",
			"rounds up to an integer": "bir tamsayıya yuvarlar",
			"selector expected": "seçici bekleniyor",
			"semi-colon expected": "noktalı virgül bekleniyor",
			"sine function": "sinüs işlevi",
			"string literal expected": "sabit değerli dize bekleniyor",
			"string replace": "dize değiştirme",
			"tangent function": "tanjant işlevi",
			"term expected": "terim bekleniyor",
			"unknown keyword": "bilinmeyen anahtar sözcük",
			"uri or string expected": "uri veya dize bekleniyor",
			"variable name expected": "değişken adı bekleniyor",
			"variable value expected": "değişken değeri bekleniyor",
			"whitespace expected": "boşluk bekleniyor",
			"wildcard expected": "joker karakter bekleniyor",
			"{ expected": "{ bekleniyor",
			"{0}, '{1}'": "{0}, '{1}'",
			"} expected": "} bekleniyor"
		},
		"package": {
			"description": "HTML ve Handlebar dosyaları için zengin dil desteği sağlar",
			"displayName": "HTML Dil Özellikleri",
			"html.autoClosingTags": "HTML etiketlerinin otomatik kapatılmasını etkinleştir/devre dışı bırak.",
			"html.autoCreateQuotes": "HTML öznitelik ataması için otomatik tırnak işaretleri oluşturmayı etkinleştirin/devre dışı bırakın. Tırnak işaretlerinin türü '#html.completion.attributeDefaultValue#' ile yapılandırılabilir.",
			"html.completion.attributeDefaultValue": "Tamamlama kabul edildiğinde öznitelikler için varsayılan değeri kontrol eder.",
			"html.completion.attributeDefaultValue.doublequotes": "Öznitelik değeri \"\" olarak ayarlandı.",
			"html.completion.attributeDefaultValue.empty": "Öznitelik değeri ayarlanmadı.",
			"html.completion.attributeDefaultValue.singlequotes": "Öznitelik değeri '' olarak ayarlandı.",
			"html.customData.desc": "[Özel veri biçimine](https://github.com/microsoft/vscode-html-languageservice/blob/master/docs/customData.md) uyan JSON dosyalarına işaret eden göreli dosya yollarının listesi.\r\n\r\nVS Code, JSON dosyalarında belirttiğiniz özel HTML etiketleri, öznitelikleri ve öznitelik değerleri için HTML desteğini geliştirmek üzere başlangıç sırasında özel veriler yükler.\r\n\r\nDosya yolları çalışma alanına göre değişir ve yalnızca çalışma alanı klasörünün ayarları dikkate alınır.",
			"html.format.contentUnformatted.desc": "İçeriğin yeniden biçimlendirilmemesi gereken, virgülle ayrılmış etiketler listesi. `null`, varsayılan değer olarak `pre` etiketini alır.",
			"html.format.enable.desc": "Varsayılan HTML biçimlendiricisini etkinleştir/devre dışı bırak.",
			"html.format.extraLiners.desc": "Öncesinde fazladan bir yeni satır olması gereken virgülle ayrılmış etiket listesi. `null`, varsayılan olarak `\"head, body, /html\"` değerini alır.",
			"html.format.indentHandlebars.desc": "`{{#foo}}` ve `{{/foo}}` öğelerini biçimlendir ve girintile.",
			"html.format.indentInnerHtml.desc": "`<head>` ve `<body>` bölümlerini girintile.",
			"html.format.maxPreserveNewLines.desc": "Tek bir öbekte korunacak maksimum satır sonu sayısı. Sınırsız için `null` kullanın.",
			"html.format.preserveNewLines.desc": "Öğelerden önceki mevcut satır sonlarının korunup korunmayacağını denetler. Yalnızca öğelerden önce kullanıldığında; etiketlerin içinde veya metinde çalışmaz.",
			"html.format.templating.desc": "Django, erb, handlebars ve php şablon oluşturma dil etiketlerine uyun.",
			"html.format.unformatted.desc": "Yeniden biçimlendirilmemesi gereken virgülle ayrılmış etiket listesi. `null`, varsayılan olarak https://www.w3.org/TR/html5/dom.html#phrasing-content sayfasında listelenen tüm etiketleri alır.",
			"html.format.unformattedContentDelimiter.desc": "Metin içeriğini bu dizenin arasında birlikte tutun.",
			"html.format.wrapAttributes.alignedmultiple": "Satır uzunluğu aşıldığında kaydır; öznitelikleri dikey olarak hizala.",
			"html.format.wrapAttributes.auto": "Öznitelikleri yalnızca satır uzunluğu aşıldığında kaydır.",
			"html.format.wrapAttributes.desc": "Öznitelikleri kaydır.",
			"html.format.wrapAttributes.force": "Birincisi dışında her özniteliği kaydır.",
			"html.format.wrapAttributes.forcealign": "Birincisi dışında her özniteliği kaydır ve hizalı tut.",
			"html.format.wrapAttributes.forcemultiline": "Her özniteliği kaydır.",
			"html.format.wrapAttributes.preserve": "Özniteliklerdeki kaydırmayı koruyun.",
			"html.format.wrapAttributes.preservealigned": "Özniteliklerin kaydırmasını koru ancak hizala.",
			"html.format.wrapAttributesIndentSize.desc": "Kaydırılan öznitelikleri N karakterlerinden sonra girintile. Varsayılan girinti boyutunu kullanmak için `null` kullanın. `#html.format.wrapAttributes#` `aligned` olarak ayarlanırsa yoksayılır.",
			"html.format.wrapLineLength.desc": "Satır başına maksimum karakter sayısı (0 = devre dışı).",
			"html.hover.documentation": "Vurgulandığında etiket ve öznitelik belgelerini göster.",
			"html.hover.references": "Vurgulandığında MDN başvurularını göster.",
			"html.mirrorCursorOnMatchingTag": "Eşleşen HTML etiketinde yansıtma imlecini etkinleştir/devre dışı bırak.",
			"html.mirrorCursorOnMatchingTagDeprecationMessage": "Kullanım dışı bırakılıp yerine `editor.linkedEditing` getirildi",
			"html.suggest.html5.desc": "Yerleşik HTML dili desteğinin HTML5 etiketlerini, özelliklerini ve değerlerini önerip önermeyeceğini denetler.",
			"html.trace.server.desc": "VS Code ile HTML dil sunucusu arasındaki iletişimi izler.",
			"html.validate.scripts": "Yerleşik HTML dili desteğinin katıştırılmış betikleri doğrulayıp doğrulamayacağını denetler.",
			"html.validate.styles": "Yerleşik HTML dili desteğinin katıştırılmış stilleri doğrulayıp doğrulamayacağını denetler."
		}
	}
}