{
	"": [
		"--------------------------------------------------------------------------------------------",
		"Copyright (c) Microsoft Corporation. All rights reserved.",
		"Licensed under the MIT License. See License.txt in the project root for license information.",
		"--------------------------------------------------------------------------------------------",
		"Do not edit this file. It is machine generated."
	],
	"version": "1.0.0",
	"contents": {
		"bundle": {
			"(loading...)/Prefix displayed for hover entries while the server is still loading": "(løæðïñg...)",
			"...1 additional file not shown": "...1 æððïtïøñæl fïlë ñøt shøwñ",
			"...{0} additional files not shown": "...{0} æððïtïøñæl fïlës ñøt shøwñ",
			"1 implementation": "1 ïmplëmëñtætïøñ",
			"1 reference": "1 rëfërëñçë",
			"Acquiring typings definitions for IntelliSense./Typings refers to the *.d.ts typings files that power our IntelliSense. It should not be localized": "Æçqµïrïñg tÿpïñgs ðëfïñïtïøñs før Ïñtëllï§ëñsë.",
			"Acquiring typings.../Typings refers to the *.d.ts typings files that power our IntelliSense. It should not be localized": "Æçqµïrïñg tÿpïñgs...",
			"Add all missing imports": "Æðð æll mïssïñg ïmpørts",
			"Allow": "Ælløw",
			"Always": "Ælwæÿs",
			"An error occurred while renaming file": "Æñ ërrør øççµrrëð whïlë rëñæmïñg fïlë",
			"Analyzing '{0}' and its dependencies": "Æñælÿzïñg '{0}' æñð ïts ðëpëñðëñçïës",
			"Checking for update of JS/TS imports": "Çhëçkïñg før µpðætë øf J§/T§ ïmpørts",
			"Configure Excludes": "Çøñfïgµrë Ëxçlµðës",
			"Configure jsconfig": "Çøñfïgµrë jsçøñfïg",
			"Configure jsconfig.json": "Çøñfïgµrë jsçøñfïg.jsøñ",
			"Configure tsconfig": "Çøñfïgµrë tsçøñfïg",
			"Configure tsconfig.json": "Çøñfïgµrë tsçøñfïg.jsøñ",
			"Could not apply refactoring": "Çøµlð ñøt æpplÿ rëfæçtørïñg",
			"Could not detect a Node installation to run TS Server.": "Çøµlð ñøt ðëtëçt æ Ñøðë ïñstællætïøñ tø rµñ T§ §ërvër.",
			"Could not determine TypeScript or JavaScript project": "Çøµlð ñøt ðëtërmïñë Tÿpë§çrïpt ør Jævæ§çrïpt prøjëçt",
			"Could not determine TypeScript or JavaScript project. Unsupported file type": "Çøµlð ñøt ðëtërmïñë Tÿpë§çrïpt ør Jævæ§çrïpt prøjëçt. Üñsµppørtëð fïlë tÿpë",
			"Could not determine references": "Çøµlð ñøt ðëtërmïñë rëfërëñçës",
			"Could not install typings files for JavaScript language features. Please ensure that NPM is installed, or configure 'typescript.npm' in your user settings. Alternatively, check the [documentation]({0}) to learn more.": "Çøµlð ñøt ïñstæll tÿpïñgs fïlës før Jævæ§çrïpt læñgµægë fëætµrës. Plëæsë ëñsµrë thæt ÑPM ïs ïñstællëð, ør çøñfïgµrë 'tÿpësçrïpt.ñpm' ïñ ÿøµr µsër sëttïñgs. Æltërñætïvëlÿ, çhëçk thë [ðøçµmëñtætïøñ]({0}) tø lëærñ mørë.",
			"Could not load the TypeScript version at this path": "Çøµlð ñøt løæð thë Tÿpë§çrïpt vërsïøñ æt thïs pæth",
			"Could not open TS Server log file": "Çøµlð ñøt øpëñ T§ §ërvër løg fïlë",
			"Disable logging": "Ðïsæþlë løggïñg",
			"Disables semantic checking in a JavaScript file. Must be at the top of a file.": "Ðïsæþlës sëmæñtïç çhëçkïñg ïñ æ Jævæ§çrïpt fïlë. Mµst þë æt thë tøp øf æ fïlë.",
			"Dismiss": "Ðïsmïss",
			"Don't Show Again": "Ðøñ't §høw Ægæïñ",
			"Don't show again": "Ðøñ't shøw ægæïñ",
			"Enable logging and restart TS server": "Ëñæþlë løggïñg æñð rëstært T§ sërvër",
			"Enables semantic checking in a JavaScript file. Must be at the top of a file.": "Ëñæþlës sëmæñtïç çhëçkïñg ïñ æ Jævæ§çrïpt fïlë. Mµst þë æt thë tøp øf æ fïlë.",
			"Enter file path": "Ëñtër fïlë pæth",
			"Enter new file path...": "Ëñtër ñëw fïlë pæth...",
			"Extract to constant": "Ëxtræçt tø çøñstæñt",
			"Extract to function": "Ëxtræçt tø fµñçtïøñ",
			"Failed to resolve {0} as module": "Fæïlëð tø rësølvë {0} æs møðµlë",
			"Fetching data for better TypeScript IntelliSense": "Fëtçhïñg ðætæ før þëttër Tÿpë§çrïpt Ïñtëllï§ëñsë",
			"File is not part of a JavaScript project. View the [jsconfig.json documentation]({0}) to learn more.": "Fïlë ïs ñøt pært øf æ Jævæ§çrïpt prøjëçt. Vïëw thë [jsçøñfïg.jsøñ ðøçµmëñtætïøñ]({0}) tø lëærñ mørë.",
			"File is not part of a TypeScript project. View the [tsconfig.json documentation]({0}) to learn more.": "Fïlë ïs ñøt pært øf æ Tÿpë§çrïpt prøjëçt. Vïëw thë [tsçøñfïg.jsøñ ðøçµmëñtætïøñ]({0}) tø lëærñ mørë.",
			"File is not part opened folders": "Fïlë ïs ñøt pært øpëñëð følðërs",
			"Find file references failed. No resource provided.": "Fïñð fïlë rëfërëñçës fæïlëð. Ñø rësøµrçë prøvïðëð.",
			"Find file references failed. Requires TypeScript 4.2+.": "Fïñð fïlë rëfërëñçës fæïlëð. Rëqµïrës Tÿpë§çrïpt 4.2+.",
			"Find file references failed. Unknown file type.": "Fïñð fïlë rëfërëñçës fæïlëð. Üñkñøwñ fïlë tÿpë.",
			"Find file references failed. Unsupported file type.": "Fïñð fïlë rëfërëñçës fæïlëð. Üñsµppørtëð fïlë tÿpë.",
			"Finding file references": "Fïñðïñg fïlë rëfërëñçës",
			"Finding source definitions": "Fïñðïñg søµrçë ðëfïñïtïøñs",
			"Fix all fixable JS/TS issues": "Fïx æll fïxæþlë J§/T§ ïssµës",
			"Follow link": "Følløw lïñk",
			"Go to Source Definition failed. No resource provided.": "Gø tø §øµrçë Ðëfïñïtïøñ fæïlëð. Ñø rësøµrçë prøvïðëð.",
			"Go to Source Definition failed. Requires TypeScript 4.7+.": "Gø tø §øµrçë Ðëfïñïtïøñ fæïlëð. Rëqµïrës Tÿpë§çrïpt 4.7+.",
			"Go to Source Definition failed. Unknown file type.": "Gø tø §øµrçë Ðëfïñïtïøñ fæïlëð. Üñkñøwñ fïlë tÿpë.",
			"Go to Source Definition failed. Unsupported file type.": "Gø tø §øµrçë Ðëfïñïtïøñ fæïlëð. Üñsµppørtëð fïlë tÿpë.",
			"Initializing '{0}'": "Ïñïtïælïzïñg '{0}'",
			"JS/TS IntelliSense Status": "J§/T§ Ïñtëllï§ëñsë §tætµs",
			"JSDoc comment": "J§Ðøç çømmëñt",
			"Learn More": "£ëærñ Mørë",
			"Learn more about JS/TS refactorings": "£ëærñ mørë æþøµt J§/T§ rëfæçtørïñgs",
			"Learn more about managing TypeScript versions": "£ëærñ mørë æþøµt mæñægïñg Tÿpë§çrïpt vërsïøñs",
			"Loading IntelliSense status": "£øæðïñg Ïñtëllï§ëñsë stætµs",
			"Move to File": "Møvë tø Fïlë",
			"Never": "Ñëvër",
			"Never in this Workspace": "Ñëvër ïñ thïs Wørkspæçë",
			"No": "Ñø",
			"No jsconfig": "Ñø jsçøñfïg",
			"No opened folders": "Ñø øpëñëð følðërs",
			"No source definitions found.": "Ñø søµrçë ðëfïñïtïøñs føµñð.",
			"No tsconfig": "Ñø tsçøñfïg",
			"Not now": "Ñøt ñøw",
			"Open config file": "Øpëñ çøñfïg fïlë",
			"Organize Imports": "Ørgæñïzë Ïmpørts",
			"Partial Mode": "Pærtïæl Møðë",
			"Paste with imports": "Pæstë wïth ïmpørts",
			"Please open a folder in VS Code to use a TypeScript or JavaScript project": "Plëæsë øpëñ æ følðër ïñ V§ Çøðë tø µsë æ Tÿpë§çrïpt ør Jævæ§çrïpt prøjëçt",
			"Please report an issue against Yarn PnP": "Plëæsë rëpørt æñ ïssµë ægæïñst Ýærñ PñP",
			"Please update your TypeScript version": "Plëæsë µpðætë ÿøµr Tÿpë§çrïpt vërsïøñ",
			"Project Wide IntelliSense not available": "Prøjëçt Wïðë Ïñtëllï§ëñsë ñøt ævæïlæþlë",
			"Remove Unused Imports": "Rëmøvë Üñµsëð Ïmpørts",
			"Remove all unused code": "Rëmøvë æll µñµsëð çøðë",
			"Report Issue": "Rëpørt Ïssµë",
			"Report issue against Yarn PnP": "Rëpørt ïssµë ægæïñst Ýærñ PñP",
			"Select Version": "§ëlëçt Vërsïøñ",
			"Select code action to apply": "§ëlëçt çøðë æçtïøñ tø æpplÿ",
			"Select existing file...": "§ëlëçt ëxïstïñg fïlë...",
			"Select move destination": "§ëlëçt møvë ðëstïñætïøñ",
			"Select the TypeScript version used for JavaScript and TypeScript language features": "§ëlëçt thë Tÿpë§çrïpt vërsïøñ µsëð før Jævæ§çrïpt æñð Tÿpë§çrïpt læñgµægë fëætµrës",
			"Sort Imports": "§ørt Ïmpørts",
			"Suppresses @ts-check errors on the next line of a file, expecting at least one to exist.": "§µpprëssës @ts-çhëçk ërrørs øñ thë ñëxt lïñë øf æ fïlë, ëxpëçtïñg æt lëæst øñë tø ëxïst.",
			"Suppresses @ts-check errors on the next line of a file.": "§µpprëssës @ts-çhëçk ërrørs øñ thë ñëxt lïñë øf æ fïlë.",
			"TS Server has not started logging.": "T§ §ërvër hæs ñøt stærtëð løggïñg.",
			"TS Server logging is currently enabled which may impact performance.": "T§ §ërvër løggïñg ïs çµrrëñtlÿ ëñæþlëð whïçh mæÿ ïmpæçt përførmæñçë.",
			"TS Server logging is off. Please set 'typescript.tsserver.log' and restart the TS server to enable logging": "T§ §ërvër løggïñg ïs øff. Plëæsë sët 'tÿpësçrïpt.tssërvër.løg' æñð rëstært thë T§ sërvër tø ëñæþlë løggïñg",
			"The JS/TS language service crashed 5 times in the last 5 Minutes.": "Thë J§/T§ læñgµægë sërvïçë çræshëð 5 tïmës ïñ thë læst 5 Mïñµtës.",
			"The JS/TS language service crashed 5 times in the last 5 Minutes.\nThis may be caused by a plugin contributed by one of these extensions: {0}\nPlease try disabling these extensions before filing an issue against VS Code.": "Thë J§/T§ læñgµægë sërvïçë çræshëð 5 tïmës ïñ thë læst 5 Mïñµtës.\nThïs mæÿ þë çæµsëð þÿ æ plµgïñ çøñtrïþµtëð þÿ øñë øf thësë ëxtëñsïøñs: {0}\nPlëæsë trÿ ðïsæþlïñg thësë ëxtëñsïøñs þëførë fïlïñg æñ ïssµë ægæïñst V§ Çøðë.",
			"The JS/TS language service crashed.": "Thë J§/T§ læñgµægë sërvïçë çræshëð.",
			"The JS/TS language service crashed.\nThis may be caused by a plugin contributed by one of these extensions: {0}.\nPlease try disabling these extensions before filing an issue against VS Code.": "Thë J§/T§ læñgµægë sërvïçë çræshëð.\nThïs mæÿ þë çæµsëð þÿ æ plµgïñ çøñtrïþµtëð þÿ øñë øf thësë ëxtëñsïøñs: {0}.\nPlëæsë trÿ ðïsæþlïñg thësë ëxtëñsïøñs þëførë fïlïñg æñ ïssµë ægæïñst V§ Çøðë.",
			"The JS/TS language service immediately crashed 5 times. The service will not be restarted.": "Thë J§/T§ læñgµægë sërvïçë ïmmëðïætëlÿ çræshëð 5 tïmës. Thë sërvïçë wïll ñøt þë rëstærtëð.",
			"The JS/TS language service immediately crashed 5 times. The service will not be restarted.\nThis may be caused by a plugin contributed by one of these extensions: {0}.\nPlease try disabling these extensions before filing an issue against VS Code.": "Thë J§/T§ læñgµægë sërvïçë ïmmëðïætëlÿ çræshëð 5 tïmës. Thë sërvïçë wïll ñøt þë rëstærtëð.\nThïs mæÿ þë çæµsëð þÿ æ plµgïñ çøñtrïþµtëð þÿ øñë øf thësë ëxtëñsïøñs: {0}.\nPlëæsë trÿ ðïsæþlïñg thësë ëxtëñsïøñs þëførë fïlïñg æñ ïssµë ægæïñst V§ Çøðë.",
			"The current selection cannot be extracted": "Thë çµrrëñt sëlëçtïøñ çæññøt þë ëxtræçtëð",
			"The path {0} doesn't point to a valid Node installation to run TS Server. Falling back to bundled Node.": "Thë pæth {0} ðøësñ't pøïñt tø æ vælïð Ñøðë ïñstællætïøñ tø rµñ T§ §ërvër. Fællïñg þæçk tø þµñðlëð Ñøðë.",
			"The path {0} doesn't point to a valid tsserver install. Falling back to bundled TypeScript version.": "Thë pæth {0} ðøësñ't pøïñt tø æ vælïð tssërvër ïñstæll. Fællïñg þæçk tø þµñðlëð Tÿpë§çrïpt vërsïøñ.",
			"The workspace is using a version of the TypeScript Server that has been patched by Yarn PnP. This patching is a common source of bugs.": "Thë wørkspæçë ïs µsïñg æ vërsïøñ øf thë Tÿpë§çrïpt §ërvër thæt hæs þëëñ pætçhëð þÿ Ýærñ PñP. Thïs pætçhïñg ïs æ çømmøñ søµrçë øf þµgs.",
			"The workspace is using an old version of TypeScript ({0}).\n\nBefore reporting an issue, please update the workspace to use TypeScript {1} or newer to make sure the bug has not already been fixed.": "Thë wørkspæçë ïs µsïñg æñ ølð vërsïøñ øf Tÿpë§çrïpt ({0}).\n\nßëførë rëpørtïñg æñ ïssµë, plëæsë µpðætë thë wørkspæçë tø µsë Tÿpë§çrïpt {1} ør ñëwër tø mækë sµrë thë þµg hæs ñøt ælrëæðÿ þëëñ fïxëð.",
			"This workspace contains a TypeScript version. Would you like to use the workspace TypeScript version for TypeScript and JavaScript language features?": "Thïs wørkspæçë çøñtæïñs æ Tÿpë§çrïpt vërsïøñ. Wøµlð ÿøµ lïkë tø µsë thë wørkspæçë Tÿpë§çrïpt vërsïøñ før Tÿpë§çrïpt æñð Jævæ§çrïpt læñgµægë fëætµrës?",
			"This workspace wants to use the Node installation at '{0}' to run TS Server. Would you like to use it?": "Thïs wørkspæçë wæñts tø µsë thë Ñøðë ïñstællætïøñ æt '{0}' tø rµñ T§ §ërvër. Wøµlð ÿøµ lïkë tø µsë ït?",
			"To enable project-wide JavaScript/TypeScript language features, exclude folders with many files, like: {0}": "Tø ëñæþlë prøjëçt-wïðë Jævæ§çrïpt/Tÿpë§çrïpt læñgµægë fëætµrës, ëxçlµðë følðërs wïth mæñÿ fïlës, lïkë: {0}",
			"To enable project-wide JavaScript/TypeScript language features, exclude large folders with source files that you do not work on.": "Tø ëñæþlë prøjëçt-wïðë Jævæ§çrïpt/Tÿpë§çrïpt læñgµægë fëætµrës, ëxçlµðë lærgë følðërs wïth søµrçë fïlës thæt ÿøµ ðø ñøt wørk øñ.",
			"TypeScript Server Log": "Tÿpë§çrïpt §ërvër £øg",
			"TypeScript Task in tasks.json contains \"\\\\\". TypeScript tasks tsconfig must use \"/\"": "Tÿpë§çrïpt Tæsk ïñ tæsks.jsøñ çøñtæïñs \"\\\\\". Tÿpë§çrïpt tæsks tsçøñfïg mµst µsë \"/\"",
			"TypeScript Version": "Tÿpë§çrïpt Vërsïøñ",
			"TypeScript language server exited with error. Error message is: {0}": "Tÿpë§çrïpt læñgµægë sërvër ëxïtëð wïth ërrør. Ërrør mëssægë ïs: {0}",
			"TypeScript: Configure Excludes": "Tÿpë§çrïpt: Çøñfïgµrë Ëxçlµðës",
			"Update imports for '{0}'?": "Üpðætë ïmpørts før '{0}'?",
			"Update imports for the following {0} files?": "Üpðætë ïmpørts før thë følløwïñg {0} fïlës?",
			"Use VS Code's Version": "Üsë V§ Çøðë's Vërsïøñ",
			"Use Workspace Version": "Üsë Wørkspæçë Vërsïøñ",
			"VS Code's tsserver was deleted by another application such as a misbehaving virus detection tool. Please reinstall VS Code.": "V§ Çøðë's tssërvër wæs ðëlëtëð þÿ æñøthër æpplïçætïøñ sµçh æs æ mïsþëhævïñg vïrµs ðëtëçtïøñ tøøl. Plëæsë rëïñstæll V§ Çøðë.",
			"Yes": "Ýës",
			"build - {0}": "þµïlð - {0}",
			"destination files": "ðëstïñætïøñ fïlës",
			"invalid version": "ïñvælïð vërsïøñ",
			"watch - {0}": "wætçh - {0}",
			"{0} (Fix all in file)": "{0} (Fïx æll ïñ fïlë)",
			"{0} implementations": "{0} ïmplëmëñtætïøñs",
			"{0} references": "{0} rëfërëñçës"
		},
		"package": {
			"configuration.expandableHover": "Ëñæþlë/ðïsæþlë ëxpæñðïñg øñ høvër.",
			"configuration.implicitProjectConfig.checkJs": "Ëñæþlë/ðïsæþlë sëmæñtïç çhëçkïñg øf Jævæ§çrïpt fïlës. Ëxïstïñg `jsçøñfïg.jsøñ` ør `tsçøñfïg.jsøñ` fïlës øvërrïðë thïs sëttïñg.",
			"configuration.implicitProjectConfig.experimentalDecorators": "Ëñæþlë/ðïsæþlë `ëxpërïmëñtælÐëçørætørs` ïñ Jævæ§çrïpt fïlës thæt ærë ñøt pært øf æ prøjëçt. Ëxïstïñg `jsçøñfïg.jsøñ` ør `tsçøñfïg.jsøñ` fïlës øvërrïðë thïs sëttïñg.",
			"configuration.implicitProjectConfig.module": "§ëts thë møðµlë sÿstëm før thë prøgræm. §ëë mørë: https://www.tÿpësçrïptlæñg.ørg/tsçøñfïg#møðµlë.",
			"configuration.implicitProjectConfig.strictFunctionTypes": "Ëñæþlë/ðïsæþlë [strïçt fµñçtïøñ tÿpës](https://www.tÿpësçrïptlæñg.ørg/tsçøñfïg#strïçtFµñçtïøñTÿpës) ïñ Jævæ§çrïpt æñð Tÿpë§çrïpt fïlës thæt ærë ñøt pært øf æ prøjëçt. Ëxïstïñg `jsçøñfïg.jsøñ` ør `tsçøñfïg.jsøñ` fïlës øvërrïðë thïs sëttïñg.",
			"configuration.implicitProjectConfig.strictNullChecks": "Ëñæþlë/ðïsæþlë [strïçt ñµll çhëçks](https://www.tÿpësçrïptlæñg.ørg/tsçøñfïg#strïçtÑµllÇhëçks) ïñ Jævæ§çrïpt æñð Tÿpë§çrïpt fïlës thæt ærë ñøt pært øf æ prøjëçt. Ëxïstïñg `jsçøñfïg.jsøñ` ør `tsçøñfïg.jsøñ` fïlës øvërrïðë thïs sëttïñg.",
			"configuration.implicitProjectConfig.target": "§ët tærgët Jævæ§çrïpt læñgµægë vërsïøñ før ëmïttëð Jævæ§çrïpt æñð ïñçlµðë lïþrærÿ ðëçlærætïøñs. §ëë mørë: https://www.tÿpësçrïptlæñg.ørg/tsçøñfïg#tærgët.",
			"configuration.inlayHints.enumMemberValues.enabled": "Ëñæþlë/ðïsæþlë ïñlæÿ hïñts før mëmþër vælµës ïñ ëñµm ðëçlærætïøñs:\r\n```tÿpësçrïpt\r\n\r\nëñµm MÿVælµë {\r\n\tÆ /* = 0 */;\r\n\tß /* = 1 */;\r\n}\r\n \r\n```",
			"configuration.inlayHints.functionLikeReturnTypes.enabled": "Ëñæþlë/ðïsæþlë ïñlæÿ hïñts før ïmplïçït rëtµrñ tÿpës øñ fµñçtïøñ sïgñætµrës:\r\n```tÿpësçrïpt\r\n\r\nfµñçtïøñ føø() /* :ñµmþër */ {\r\n\trëtµrñ Ðætë.ñøw();\r\n} \r\n \r\n```",
			"configuration.inlayHints.parameterNames.enabled": "Ëñæþlë/ðïsæþlë ïñlæÿ hïñts før pæræmëtër ñæmës:\r\n```tÿpësçrïpt\r\n\r\npærsëÏñt(/* str: */ '123', /* ræðïx: */ 8)\r\n \r\n```",
			"configuration.inlayHints.parameterNames.suppressWhenArgumentMatchesName": "§µpprëss pæræmëtër ñæmë hïñts øñ ærgµmëñts whøsë tëxt ïs ïðëñtïçæl tø thë pæræmëtër ñæmë.",
			"configuration.inlayHints.parameterTypes.enabled": "Ëñæþlë/ðïsæþlë ïñlæÿ hïñts før ïmplïçït pæræmëtër tÿpës:\r\n```tÿpësçrïpt\r\n\r\nël.æððËvëñt£ïstëñër('çlïçk', ë /* :MøµsëËvëñt */ => ...)\r\n \r\n```",
			"configuration.inlayHints.propertyDeclarationTypes.enabled": "Ëñæþlë/ðïsæþlë ïñlæÿ hïñts før ïmplïçït tÿpës øñ prøpërtÿ ðëçlærætïøñs:\r\n```tÿpësçrïpt\r\n\r\nçlæss Føø {\r\n\tprøp /* :ñµmþër */ = Ðætë.ñøw();\r\n}\r\n \r\n```",
			"configuration.inlayHints.variableTypes.enabled": "Ëñæþlë/ðïsæþlë ïñlæÿ hïñts før ïmplïçït værïæþlë tÿpës:\r\n```tÿpësçrïpt\r\n\r\nçøñst føø /* :ñµmþër */ = Ðætë.ñøw();\r\n \r\n```",
			"configuration.inlayHints.variableTypes.suppressWhenTypeMatchesName": "§µpprëss tÿpë hïñts øñ værïæþlës whøsë ñæmë ïs ïðëñtïçæl tø thë tÿpë ñæmë.",
			"configuration.javascript.checkJs.checkJs.deprecation": "Thïs sëttïñg hæs þëëñ ðëprëçætëð ïñ fævør øf `js/ts.ïmplïçïtPrøjëçtÇøñfïg.çhëçkJs`.",
			"configuration.javascript.checkJs.experimentalDecorators.deprecation": "Thïs sëttïñg hæs þëëñ ðëprëçætëð ïñ fævør øf `js/ts.ïmplïçïtPrøjëçtÇøñfïg.ëxpërïmëñtælÐëçørætørs`.",
			"configuration.preferGoToSourceDefinition": "Mækës `Gø tø Ðëfïñïtïøñ` ævøïð tÿpë ðëçlærætïøñ fïlës whëñ pøssïþlë þÿ trïggërïñg `Gø tø §øµrçë Ðëfïñïtïøñ` ïñstëæð. Thïs ælløws `Gø tø §øµrçë Ðëfïñïtïøñ` tø þë trïggërëð wïth thë møµsë gëstµrë.",
			"configuration.suggest.autoImports": "Ëñæþlë/ðïsæþlë æµtø ïmpørt sµggëstïøñs.",
			"configuration.suggest.classMemberSnippets.enabled": "Ëñæþlë/ðïsæþlë sñïppët çømplëtïøñs før çlæss mëmþërs.",
			"configuration.suggest.completeFunctionCalls": "Çømplëtë fµñçtïøñs wïth thëïr pæræmëtër sïgñætµrë.",
			"configuration.suggest.completeJSDocs": "Ëñæþlë/ðïsæþlë sµggëstïøñ tø çømplëtë J§Ðøç çømmëñts.",
			"configuration.suggest.includeAutomaticOptionalChainCompletions": "Ëñæþlë/ðïsæþlë shøwïñg çømplëtïøñs øñ pøtëñtïællÿ µñðëfïñëð vælµës thæt ïñsërt æñ øptïøñæl çhæïñ çæll. Rëqµïrës strïçt ñµll çhëçks tø þë ëñæþlëð.",
			"configuration.suggest.includeCompletionsForImportStatements": "Ëñæþlë/ðïsæþlë æµtø-ïmpørt-stÿlë çømplëtïøñs øñ pærtïællÿ-tÿpëð ïmpørt stætëmëñts.",
			"configuration.suggest.jsdoc.generateReturns": "Ëñæþlë/ðïsæþlë gëñërætïñg `@rëtµrñs` æññøtætïøñs før J§Ðøç tëmplætës.",
			"configuration.suggest.names": "Ëñæþlë/ðïsæþlë ïñçlµðïñg µñïqµë ñæmës frøm thë fïlë ïñ Jævæ§çrïpt sµggëstïøñs. Ñøtë thæt ñæmë sµggëstïøñs ærë ælwæÿs ðïsæþlëð ïñ Jævæ§çrïpt çøðë thæt ïs sëmæñtïçællÿ çhëçkëð µsïñg `@ts-çhëçk` ør `çhëçkJs`.",
			"configuration.suggest.objectLiteralMethodSnippets.enabled": "Ëñæþlë/ðïsæþlë sñïppët çømplëtïøñs før mëthøðs ïñ øþjëçt lïtëræls.",
			"configuration.suggest.paths": "Ëñæþlë/ðïsæþlë sµggëstïøñs før pæths ïñ ïmpørt stætëmëñts æñð rëqµïrë çælls.",
			"configuration.surveys.enabled": "Ëñæþlëð/ðïsæþlë øççæsïøñæl sµrvëÿs thæt hëlp µs ïmprøvë V§ Çøðë's Jævæ§çrïpt æñð Tÿpë§çrïpt sµppørt.",
			"configuration.tsserver.experimental.enableProjectDiagnostics": "Ëñæþlës prøjëçt wïðë ërrør rëpørtïñg.",
			"configuration.tsserver.maxTsServerMemory": "Thë mæxïmµm æmøµñt øf mëmørÿ (ïñ Mß) tø ælløçætë tø thë Tÿpë§çrïpt sërvër prøçëss. Tø µsë æ mëmørÿ lïmït grëætër thæñ 4 Gß, µsë `#tÿpësçrïpt.tssërvër.ñøðëPæth#` tø rµñ T§ §ërvër wïth æ çµstøm Ñøðë ïñstællætïøñ.",
			"configuration.tsserver.nodePath": "Rµñ T§ §ërvër øñ æ çµstøm Ñøðë ïñstællætïøñ. Thïs çæñ þë æ pæth tø æ Ñøðë ëxëçµtæþlë, ør 'ñøðë' ïf ÿøµ wæñt V§ Çøðë tø ðëtëçt æ Ñøðë ïñstællætïøñ.",
			"configuration.tsserver.useSeparateSyntaxServer": "Ëñæþlë/ðïsæþlë spæwñïñg æ sëpærætë Tÿpë§çrïpt sërvër thæt çæñ mørë qµïçklÿ rëspøñð tø sÿñtæx rëlætëð øpërætïøñs, sµçh æs çælçµlætïñg følðïñg ør çømpµtïñg ðøçµmëñt sÿmþøls.",
			"configuration.tsserver.useSeparateSyntaxServer.deprecation": "Thïs sëttïñg hæs þëëñ ðëprëçætëð ïñ fævør øf `tÿpësçrïpt.tssërvër.µsë§ÿñtæx§ërvër`.",
			"configuration.tsserver.useSyntaxServer": "Çøñtrøls ïf Tÿpë§çrïpt læµñçhës æ ðëðïçætëð sërvër tø mørë qµïçklÿ hæñðlë sÿñtæx rëlætëð øpërætïøñs, sµçh æs çømpµtïñg çøðë følðïñg.",
			"configuration.tsserver.useSyntaxServer.always": "Üsë æ lïghtër wëïght sÿñtæx sërvër tø hæñðlë æll Ïñtëllï§ëñsë øpërætïøñs. Thïs sÿñtæx sërvër çæñ øñlÿ prøvïðë Ïñtëllï§ëñsë før øpëñëð fïlës.",
			"configuration.tsserver.useSyntaxServer.auto": "§pæwñ þøth æ fµll sërvër æñð æ lïghtër wëïght sërvër ðëðïçætëð tø sÿñtæx øpërætïøñs. Thë sÿñtæx sërvër ïs µsëð tø spëëð µp sÿñtæx øpërætïøñs æñð prøvïðë Ïñtëllï§ëñsë whïlë prøjëçts ærë løæðïñg.",
			"configuration.tsserver.useSyntaxServer.never": "Ðøñ't µsë æ ðëðïçætëð sÿñtæx sërvër. Üsë æ sïñglë sërvër tø hæñðlë æll Ïñtëllï§ëñsë øpërætïøñs.",
			"configuration.tsserver.useVsCodeWatcher": "Üsë V§ Çøðë's fïlë wætçhërs ïñstëæð øf Tÿpë§çrïpt's. Rëqµïrës µsïñg Tÿpë§çrïpt 5.4+ ïñ thë wørkspæçë.",
			"configuration.tsserver.useVsCodeWatcher.deprecation": "Plëæsë µsë thë `#tÿpësçrïpt.tssërvër.wætçhØptïøñs#` sëttïñg ïñstëæð.",
			"configuration.tsserver.watchOptions": "Çøñfïgµrë whïçh wætçhïñg strætëgïës shøµlð þë µsëð tø këëp træçk øf fïlës æñð ðïrëçtørïës.",
			"configuration.tsserver.watchOptions.fallbackPolling": "Whëñ µsïñg fïlë sÿstëm ëvëñts, thïs øptïøñ spëçïfïës thë pøllïñg strætëgÿ thæt gëts µsëð whëñ thë sÿstëm rµñs øµt øf ñætïvë fïlë wætçhërs æñð/ør ðøësñ't sµppørt ñætïvë fïlë wætçhërs.",
			"configuration.tsserver.watchOptions.fallbackPolling.dynamicPriorityPolling ": "Üsë æ ðÿñæmïç qµëµë whërë lëss-frëqµëñtlÿ møðïfïëð fïlës wïll þë çhëçkëð lëss øftëñ.",
			"configuration.tsserver.watchOptions.fallbackPolling.fixedPollingInterval": "Çhëçk ëvërÿ fïlë før çhæñgës sëvëræl tïmës æ sëçøñð æt æ fïxëð ïñtërvæl.",
			"configuration.tsserver.watchOptions.fallbackPolling.priorityPollingInterval": "Çhëçk ëvërÿ fïlë før çhæñgës sëvëræl tïmës æ sëçøñð, þµt µsë hëµrïstïçs tø çhëçk çërtæïñ tÿpës øf fïlës lëss frëqµëñtlÿ thæñ øthërs.",
			"configuration.tsserver.watchOptions.synchronousWatchDirectory": "Ðïsæþlë ðëfërrëð wætçhïñg øñ ðïrëçtørïës. Ðëfërrëð wætçhïñg ïs µsëfµl whëñ løts øf fïlë çhæñgës mïght øççµr æt øñçë (ë.g. æ çhæñgë ïñ ñøðë_møðµlës frøm rµññïñg ñpm ïñstæll), þµt ÿøµ mïght wæñt tø ðïsæþlë ït wïth thïs flæg før sømë lëss-çømmøñ sëtµps.",
			"configuration.tsserver.watchOptions.vscode": "Üsë V§ Çøðë's fïlë wætçhërs ïñstëæð øf Tÿpë§çrïpt's. Rëqµïrës µsïñg Tÿpë§çrïpt 5.4+ ïñ thë wørkspæçë.",
			"configuration.tsserver.watchOptions.watchDirectory": "§trætëgÿ før høw ëñtïrë ðïrëçtørÿ trëës ærë wætçhëð µñðër sÿstëms thæt læçk rëçµrsïvë fïlë-wætçhïñg fµñçtïøñælïtÿ.",
			"configuration.tsserver.watchOptions.watchDirectory.dynamicPriorityPolling": "Üsë æ ðÿñæmïç qµëµë whërë lëss-frëqµëñtlÿ møðïfïëð ðïrëçtørïës wïll þë çhëçkëð lëss øftëñ.",
			"configuration.tsserver.watchOptions.watchDirectory.fixedChunkSizePolling": "Pølls ðïrëçtørïës ïñ çhµñks æt rëgµlær ïñtërvæl.",
			"configuration.tsserver.watchOptions.watchDirectory.fixedPollingInterval": "Çhëçk ëvërÿ ðïrëçtørÿ før çhæñgës sëvëræl tïmës æ sëçøñð æt æ fïxëð ïñtërvæl.",
			"configuration.tsserver.watchOptions.watchDirectory.useFsEvents": "Ættëmpt tø µsë thë øpërætïñg sÿstëm/fïlë sÿstëm's ñætïvë ëvëñts før ðïrëçtørÿ çhæñgës.",
			"configuration.tsserver.watchOptions.watchFile": "§trætëgÿ før høw ïñðïvïðµæl fïlës ærë wætçhëð.",
			"configuration.tsserver.watchOptions.watchFile.dynamicPriorityPolling": "Üsë æ ðÿñæmïç qµëµë whërë lëss-frëqµëñtlÿ møðïfïëð fïlës wïll þë çhëçkëð lëss øftëñ.",
			"configuration.tsserver.watchOptions.watchFile.fixedChunkSizePolling": "Pølls fïlës ïñ çhµñks æt rëgµlær ïñtërvæl.",
			"configuration.tsserver.watchOptions.watchFile.fixedPollingInterval": "Çhëçk ëvërÿ fïlë før çhæñgës sëvëræl tïmës æ sëçøñð æt æ fïxëð ïñtërvæl.",
			"configuration.tsserver.watchOptions.watchFile.priorityPollingInterval": "Çhëçk ëvërÿ fïlë før çhæñgës sëvëræl tïmës æ sëçøñð, þµt µsë hëµrïstïçs tø çhëçk çërtæïñ tÿpës øf fïlës lëss frëqµëñtlÿ thæñ øthërs.",
			"configuration.tsserver.watchOptions.watchFile.useFsEvents": "Ættëmpt tø µsë thë øpërætïñg sÿstëm/fïlë sÿstëm's ñætïvë ëvëñts før fïlë çhæñgës.",
			"configuration.tsserver.watchOptions.watchFile.useFsEventsOnParentDirectory": "Ættëmpt tø µsë thë øpërætïñg sÿstëm/fïlë sÿstëm's ñætïvë ëvëñts tø lïstëñ før çhæñgës øñ æ fïlë's çøñtæïñïñg ðïrëçtørïës. Thïs çæñ µsë fëwër fïlë wætçhërs, þµt mïght þë lëss æççµrætë.",
			"configuration.tsserver.web.projectWideIntellisense.enabled": "Ëñæþlë/ðïsæþlë prøjëçt-wïðë Ïñtëllï§ëñsë øñ wëþ. Rëqµïrës thæt V§ Çøðë ïs rµññïñg ïñ æ trµstëð çøñtëxt.",
			"configuration.tsserver.web.projectWideIntellisense.suppressSemanticErrors": "§µpprëssës sëmæñtïç ërrørs øñ wëþ ëvëñ whëñ prøjëçt wïðë Ïñtëllï§ëñsë ïs ëñæþlëð. Thïs ïs ælwæÿs øñ whëñ prøjëçt wïðë Ïñtëllï§ëñsë ïs ñøt ëñæþlëð ør ævæïlæþlë. §ëë `#tÿpësçrïpt.tssërvër.wëþ.prøjëçtWïðëÏñtëllïsëñsë.ëñæþlëð#`",
			"configuration.tsserver.web.typeAcquisition.enabled": "Ëñæþlë/ðïsæþlë pæçkægë æçqµïsïtïøñ øñ thë wëþ. Thïs ëñæþlës Ïñtëllï§ëñsë før ïmpørtëð pæçkægës. Rëqµïrës `#tÿpësçrïpt.tssërvër.wëþ.prøjëçtWïðëÏñtëllïsëñsë.ëñæþlëð#`. Çµrrëñtlÿ ñøt sµppørtëð før §æfærï.",
			"configuration.typescript": "Tÿpë§çrïpt",
			"configuration.updateImportsOnPaste": "Ëñæþlë µpðætïñg ïmpørts whëñ pæstïñg çøðë. Rëqµïrës Tÿpë§çrïpt 5.7+.\r\n\r\nßÿ ðëfæµlt thïs shøws æ øptïøñ tø µpðætë ïmpørts æftër pæstïñg. Ýøµ çæñ µsë thë `#ëðïtør.pæstëÆs.prëfërëñçës#` sëttïñg tø µpðætë ïmpørts æµtømætïçællÿ whëñ pæstïñg: `\"ëðïtør.pæstëÆs.prëfërëñçës\": [ \"tëxt.µpðætëÏmpørts.jsts\" ]`.",
			"description": "Prøvïðës rïçh læñgµægë sµppørt før Jævæ§çrïpt æñð Tÿpë§çrïpt.",
			"displayName": "Tÿpë§çrïpt æñð Jævæ§çrïpt £æñgµægë Fëætµrës",
			"format.indentSwitchCase": "Ïñðëñt çæsë çlæµsës ïñ swïtçh stætëmëñts. Rëqµïrës µsïñg Tÿpë§çrïpt 5.1+ ïñ thë wørkspæçë.",
			"format.insertSpaceAfterCommaDelimiter": "Ðëfïñës spæçë hæñðlïñg æftër æ çømmæ ðëlïmïtër.",
			"format.insertSpaceAfterConstructor": "Ðëfïñës spæçë hæñðlïñg æftër thë çøñstrµçtør këÿwørð.",
			"format.insertSpaceAfterFunctionKeywordForAnonymousFunctions": "Ðëfïñës spæçë hæñðlïñg æftër fµñçtïøñ këÿwørð før æñøñÿmøµs fµñçtïøñs.",
			"format.insertSpaceAfterKeywordsInControlFlowStatements": "Ðëfïñës spæçë hæñðlïñg æftër këÿwørðs ïñ æ çøñtrøl fløw stætëmëñt.",
			"format.insertSpaceAfterOpeningAndBeforeClosingEmptyBraces": "Ðëfïñës spæçë hæñðlïñg æftër øpëñïñg æñð þëførë çløsïñg ëmptÿ þræçës.",
			"format.insertSpaceAfterOpeningAndBeforeClosingJsxExpressionBraces": "Ðëfïñës spæçë hæñðlïñg æftër øpëñïñg æñð þëførë çløsïñg J§X ëxprëssïøñ þræçës.",
			"format.insertSpaceAfterOpeningAndBeforeClosingNonemptyBraces": "Ðëfïñës spæçë hæñðlïñg æftër øpëñïñg æñð þëførë çløsïñg ñøñ-ëmptÿ þræçës.",
			"format.insertSpaceAfterOpeningAndBeforeClosingNonemptyBrackets": "Ðëfïñës spæçë hæñðlïñg æftër øpëñïñg æñð þëførë çløsïñg ñøñ-ëmptÿ þræçkëts.",
			"format.insertSpaceAfterOpeningAndBeforeClosingNonemptyParenthesis": "Ðëfïñës spæçë hæñðlïñg æftër øpëñïñg æñð þëførë çløsïñg ñøñ-ëmptÿ pærëñthësïs.",
			"format.insertSpaceAfterOpeningAndBeforeClosingTemplateStringBraces": "Ðëfïñës spæçë hæñðlïñg æftër øpëñïñg æñð þëførë çløsïñg tëmplætë strïñg þræçës.",
			"format.insertSpaceAfterSemicolonInForStatements": "Ðëfïñës spæçë hæñðlïñg æftër æ sëmïçøløñ ïñ æ før stætëmëñt.",
			"format.insertSpaceAfterTypeAssertion": "Ðëfïñës spæçë hæñðlïñg æftër tÿpë æssërtïøñs ïñ Tÿpë§çrïpt.",
			"format.insertSpaceBeforeAndAfterBinaryOperators": "Ðëfïñës spæçë hæñðlïñg æftër æ þïñærÿ øpërætør.",
			"format.insertSpaceBeforeFunctionParenthesis": "Ðëfïñës spæçë hæñðlïñg þëførë fµñçtïøñ ærgµmëñt pærëñthësës.",
			"format.placeOpenBraceOnNewLineForControlBlocks": "Ðëfïñës whëthër æñ øpëñ þræçë ïs pµt øñtø æ ñëw lïñë før çøñtrøl þløçks ør ñøt.",
			"format.placeOpenBraceOnNewLineForFunctions": "Ðëfïñës whëthër æñ øpëñ þræçë ïs pµt øñtø æ ñëw lïñë før fµñçtïøñs ør ñøt.",
			"format.semicolons": "Ðëfïñës hæñðlïñg øf øptïøñæl sëmïçøløñs.",
			"format.semicolons.ignore": "Ðøñ't ïñsërt ør rëmøvë æñÿ sëmïçøløñs.",
			"format.semicolons.insert": "Ïñsërt sëmïçøløñs æt stætëmëñt ëñðs.",
			"format.semicolons.remove": "Rëmøvë µññëçëssærÿ sëmïçøløñs.",
			"inlayHints.parameterNames.all": "Ëñæþlë pæræmëtër ñæmë hïñts før lïtëræl æñð ñøñ-lïtëræl ærgµmëñts.",
			"inlayHints.parameterNames.literals": "Ëñæþlë pæræmëtër ñæmë hïñts øñlÿ før lïtëræl ærgµmëñts.",
			"inlayHints.parameterNames.none": "Ðïsæþlë pæræmëtër ñæmë hïñts.",
			"javascript.format.enable": "Ëñæþlë/ðïsæþlë ðëfæµlt Jævæ§çrïpt førmættër.",
			"javascript.goToProjectConfig.title": "Gø tø Prøjëçt Çøñfïgµrætïøñ (jsçøñfïg / tsçøñfïg)",
			"javascript.preferences.jsxAttributeCompletionStyle.auto": "Ïñsërt `={}` ør `=\"\"` æftër ættrïþµtë ñæmës þæsëð øñ thë prøp tÿpë. §ëë `#jævæsçrïpt.prëfërëñçës.qµøtë§tÿlë#` tø çøñtrøl thë tÿpë øf qµøtës µsëð før strïñg ættrïþµtës.",
			"javascript.preferences.organizeImports": "Æðvæñçëð prëfërëñçës thæt çøñtrøl høw ïmpørts ærë ørðërëð.",
			"javascript.referencesCodeLens.enabled": "Ëñæþlë/ðïsæþlë rëfërëñçës Çøðë£ëñs ïñ Jævæ§çrïpt fïlës.",
			"javascript.referencesCodeLens.showOnAllFunctions": "Ëñæþlë/ðïsæþlë rëfërëñçës Çøðë£ëñs øñ æll fµñçtïøñs ïñ Jævæ§çrïpt fïlës.",
			"javascript.suggestionActions.enabled": "Ëñæþlë/ðïsæþlë sµggëstïøñ ðïægñøstïçs før Jævæ§çrïpt fïlës ïñ thë ëðïtør.",
			"javascript.validate.enable": "Ëñæþlë/ðïsæþlë Jævæ§çrïpt vælïðætïøñ.",
			"reloadProjects.title": "Rëløæð Prøjëçt",
			"taskDefinition.tsconfig.description": "Thë tsçøñfïg fïlë thæt ðëfïñës thë T§ þµïlð.",
			"typescript.autoClosingTags": "Ëñæþlë/ðïsæþlë æµtømætïç çløsïñg øf J§X tægs.",
			"typescript.check.npmIsInstalled": "Çhëçk ïf ñpm ïs ïñstællëð før [Æµtømætïç Tÿpë Æçqµïsïtïøñ](https://çøðë.vïsµælstµðïø.çøm/ðøçs/ñøðëjs/wørkïñg-wïth-jævæsçrïpt#_tÿpïñgs-æñð-æµtømætïç-tÿpë-æçqµïsïtïøñ).",
			"typescript.disableAutomaticTypeAcquisition": "Ðïsæþlës [æµtømætïç tÿpë æçqµïsïtïøñ](https://çøðë.vïsµælstµðïø.çøm/ðøçs/ñøðëjs/wørkïñg-wïth-jævæsçrïpt#_tÿpïñgs-æñð-æµtømætïç-tÿpë-æçqµïsïtïøñ). Æµtømætïç tÿpë æçqµïsïtïøñ fëtçhës `@tÿpës` pæçkægës frøm ñpm tø ïmprøvë Ïñtëllï§ëñsë før ëxtërñæl lïþrærïës.",
			"typescript.enablePromptUseWorkspaceTsdk": "Ëñæþlës prømptïñg øf µsërs tø µsë thë Tÿpë§çrïpt vërsïøñ çøñfïgµrëð ïñ thë wørkspæçë før Ïñtëllïsëñsë.",
			"typescript.findAllFileReferences": "Fïñð Fïlë Rëfërëñçës",
			"typescript.format.enable": "Ëñæþlë/ðïsæþlë ðëfæµlt Tÿpë§çrïpt førmættër.",
			"typescript.goToProjectConfig.title": "Gø tø Prøjëçt Çøñfïgµrætïøñ (tsçøñfïg)",
			"typescript.goToSourceDefinition": "Gø tø §øµrçë Ðëfïñïtïøñ",
			"typescript.implementationsCodeLens.enabled": "Ëñæþlë/ðïsæþlë ïmplëmëñtætïøñs Çøðë£ëñs. Thïs Çøðë£ëñs shøws thë ïmplëmëñtërs øf æñ ïñtërfæçë.",
			"typescript.implementationsCodeLens.showOnInterfaceMethods": "Ëñæþlë/ðïsæþlë ïmplëmëñtætïøñs Çøðë£ëñs øñ ïñtërfæçë mëthøðs.",
			"typescript.locale": "§ëts thë løçælë µsëð tø rëpørt Jævæ§çrïpt æñð Tÿpë§çrïpt ërrørs. Ðëfæµlts tø µsë V§ Çøðë's løçælë.",
			"typescript.locale.auto": "Üsë V§ Çøðë's çøñfïgµrëð ðïsplæÿ læñgµægë.",
			"typescript.npm": "§pëçïfïës thë pæth tø thë ñpm ëxëçµtæþlë µsëð før [Æµtømætïç Tÿpë Æçqµïsïtïøñ](https://çøðë.vïsµælstµðïø.çøm/ðøçs/ñøðëjs/wørkïñg-wïth-jævæsçrïpt#_tÿpïñgs-æñð-æµtømætïç-tÿpë-æçqµïsïtïøñ).",
			"typescript.openTsServerLog.title": "Øpëñ T§ §ërvër løg",
			"typescript.preferences.autoImportFileExcludePatterns": "§pëçïfÿ gløþ pættërñs øf fïlës tø ëxçlµðë frøm æµtø ïmpørts. Rëlætïvë pæths ærë rësølvëð rëlætïvë tø thë wørkspæçë røøt. Pættërñs ærë ëvælµætëð µsïñg tsçøñfïg.jsøñ [`ëxçlµðë`](https://www.tÿpësçrïptlæñg.ørg/tsçøñfïg#ëxçlµðë) sëmæñtïçs.",
			"typescript.preferences.autoImportSpecifierExcludeRegexes": "§pëçïfÿ rëgµlær ëxprëssïøñs tø ëxçlµðë æµtø ïmpørts wïth mætçhïñg ïmpørt spëçïfïërs. Ëxæmplës:\r\n\r\n- `^ñøðë:`\r\n- `lïþ/ïñtërñæl` (slæshës ðøñ't ñëëð tø þë ësçæpëð...)\r\n- `/lïþ\\/ïñtërñæl/ï` (...µñlëss ïñçlµðïñg sµrrøµñðïñg slæshës før `ï` ør `µ` flægs)\r\n- `^løðæsh$` (øñlÿ ælløw sµþpæth ïmpørts frøm løðæsh)",
			"typescript.preferences.importModuleSpecifier": "Prëfërrëð pæth stÿlë før æµtø ïmpørts.",
			"typescript.preferences.importModuleSpecifier.nonRelative": "Prëfërs æ ñøñ-rëlætïvë ïmpørt þæsëð øñ thë `þæsëÜrl` ør `pæths` çøñfïgµrëð ïñ ÿøµr `jsçøñfïg.jsøñ` / `tsçøñfïg.jsøñ`.",
			"typescript.preferences.importModuleSpecifier.projectRelative": "Prëfërs æ ñøñ-rëlætïvë ïmpørt øñlÿ ïf thë rëlætïvë ïmpørt pæth wøµlð lëævë thë pæçkægë ør prøjëçt ðïrëçtørÿ.",
			"typescript.preferences.importModuleSpecifier.relative": "Prëfërs æ rëlætïvë pæth tø thë ïmpørtëð fïlë løçætïøñ.",
			"typescript.preferences.importModuleSpecifier.shortest": "Prëfërs æ ñøñ-rëlætïvë ïmpørt øñlÿ ïf øñë ïs ævæïlæþlë thæt hæs fëwër pæth sëgmëñts thæñ æ rëlætïvë ïmpørt.",
			"typescript.preferences.importModuleSpecifierEnding": "Prëfërrëð pæth ëñðïñg før æµtø ïmpørts.",
			"typescript.preferences.importModuleSpecifierEnding.auto": "Üsë prøjëçt sëttïñgs tø sëlëçt æ ðëfæµlt.",
			"typescript.preferences.importModuleSpecifierEnding.index": "§hørtëñ `./çømpøñëñt/ïñðëx.js` tø `./çømpøñëñt/ïñðëx`.",
			"typescript.preferences.importModuleSpecifierEnding.js": "Ðø ñøt shørtëñ pæth ëñðïñgs; ïñçlµðë thë `.js` ør `.ts` ëxtëñsïøñ.",
			"typescript.preferences.importModuleSpecifierEnding.label.js": ".js / .ts",
			"typescript.preferences.importModuleSpecifierEnding.minimal": "§hørtëñ `./çømpøñëñt/ïñðëx.js` tø `./çømpøñëñt`.",
			"typescript.preferences.includePackageJsonAutoImports": "Ëñæþlë/ðïsæþlë sëærçhïñg `pæçkægë.jsøñ` ðëpëñðëñçïës før ævæïlæþlë æµtø ïmpørts.",
			"typescript.preferences.includePackageJsonAutoImports.auto": "§ëærçh ðëpëñðëñçïës þæsëð øñ ëstïmætëð përførmæñçë ïmpæçt.",
			"typescript.preferences.includePackageJsonAutoImports.off": "Ñëvër sëærçh ðëpëñðëñçïës.",
			"typescript.preferences.includePackageJsonAutoImports.on": "Ælwæÿs sëærçh ðëpëñðëñçïës.",
			"typescript.preferences.jsxAttributeCompletionStyle": "Prëfërrëð stÿlë før J§X ættrïþµtë çømplëtïøñs.",
			"typescript.preferences.jsxAttributeCompletionStyle.auto": "Ïñsërt `={}` ør `=\"\"` æftër ættrïþµtë ñæmës þæsëð øñ thë prøp tÿpë. §ëë `#tÿpësçrïpt.prëfërëñçës.qµøtë§tÿlë#` tø çøñtrøl thë tÿpë øf qµøtës µsëð før strïñg ættrïþµtës.",
			"typescript.preferences.jsxAttributeCompletionStyle.braces": "Ïñsërt `={}` æftër ættrïþµtë ñæmës.",
			"typescript.preferences.jsxAttributeCompletionStyle.none": "Øñlÿ ïñsërt ættrïþµtë ñæmës.",
			"typescript.preferences.organizeImports": "Æðvæñçëð prëfërëñçës thæt çøñtrøl høw ïmpørts ærë ørðërëð.",
			"typescript.preferences.organizeImports.accentCollation": "Rëqµïrës `ørgæñïzëÏmpørts.µñïçøðëÇøllætïøñ: 'µñïçøðë'`. Çømpærë çhæræçtërs wïth ðïæçrïtïçæl mærks æs µñëqµæl tø þæsë çhæræçtër.",
			"typescript.preferences.organizeImports.caseFirst": "Rëqµïrës `ørgæñïzëÏmpørts.µñïçøðëÇøllætïøñ: 'µñïçøðë'`, æñð `ørgæñïzëÏmpørts.çæsë§ëñsïtïvïtÿ` ïs ñøt `çæsëÏñsëñsïtïvë`. Ïñðïçætës whëthër µppër-çæsë wïll sørt þëførë løwër-çæsë.",
			"typescript.preferences.organizeImports.caseFirst.default": "Ðëfæµlt ørðër gïvëñ þÿ `løçælë`.",
			"typescript.preferences.organizeImports.caseFirst.lower": "£øwër-çæsë çømës þëførë µppër-çæsë. Ë.g.` æ, Æ, z, Z`.",
			"typescript.preferences.organizeImports.caseFirst.upper": "Üppër-çæsë çømës þëførë løwër-çæsë. Ë.g. ` Æ, æ, ß, þ`.",
			"typescript.preferences.organizeImports.caseSensitivity": "§pëçïfïës høw ïmpørts shøµlð þë sørtëð wïth rëgærðs tø çæsë-sëñsïtïvïtÿ. Ïf `æµtø` ør µñspëçïfïëð, wë wïll ðëtëçt thë çæsë-sëñsïtïvïtÿ për fïlë",
			"typescript.preferences.organizeImports.caseSensitivity.auto": "Ðëtëçt çæsë-sëñsïtïvïtÿ før ïmpørt sørtïñg.",
			"typescript.preferences.organizeImports.caseSensitivity.insensitive": "§ørt ïmpørts çæsë-ïñsëñsïtïvëlÿ.",
			"typescript.preferences.organizeImports.caseSensitivity.sensitive": "§ørt ïmpørts çæsë-sëñsïtïvëlÿ.",
			"typescript.preferences.organizeImports.locale": "Rëqµïrës `ørgæñïzëÏmpørts.µñïçøðëÇøllætïøñ: 'µñïçøðë'`. Øvërrïðës thë løçælë µsëð før çøllætïøñ. §pëçïfÿ `æµtø` tø µsë thë ÜÏ løçælë.",
			"typescript.preferences.organizeImports.numericCollation": "Rëqµïrës `ørgæñïzëÏmpørts.µñïçøðëÇøllætïøñ: 'µñïçøðë'`. §ørt ñµmërïç strïñgs þÿ ïñtëgër vælµë.",
			"typescript.preferences.organizeImports.typeOrder": "§pëçïfÿ høw tÿpë-øñlÿ ñæmëð ïmpørts shøµlð þë sørtëð.",
			"typescript.preferences.organizeImports.typeOrder.auto": "Ðëtëçt whërë tÿpë-øñlÿ ñæmëð ïmpørts shøµlð þë sørtëð.",
			"typescript.preferences.organizeImports.typeOrder.first": "Tÿpë øñlÿ ñæmëð ïmpørts ærë sørtëð tø thë þëgïññïñg øf thë ïmpørt lïst. Ë.g. `ïmpørt { tÿpë Æ, tÿpë Ý, ß, Z } frøm 'møðµlë';`",
			"typescript.preferences.organizeImports.typeOrder.inline": "Ñæmëð ïmpørts ærë sørtëð þÿ ñæmë øñlÿ. Ë.g. `ïmpørt { tÿpë Æ, ß, tÿpë Ý, Z } frøm 'møðµlë';`",
			"typescript.preferences.organizeImports.typeOrder.last": "Tÿpë øñlÿ ñæmëð ïmpørts ærë sørtëð tø thë ëñð øf thë ïmpørt lïst. Ë.g. `ïmpørt { ß, Z, tÿpë Æ, tÿpë Ý } frøm 'møðµlë';`",
			"typescript.preferences.organizeImports.unicodeCollation": "§pëçïfÿ whëthër tø sørt ïmpørts µsïñg Üñïçøðë ør Ørðïñæl çøllætïøñ.",
			"typescript.preferences.organizeImports.unicodeCollation.ordinal": "§ørt ïmpørts µsïñg thë ñµmërïç vælµë øf ëæçh çøðë pøïñt.",
			"typescript.preferences.organizeImports.unicodeCollation.unicode": "§ørt ïmpørts µsïñg thë Üñïçøðë çøðë çøllætïøñ.",
			"typescript.preferences.preferTypeOnlyAutoImports": "Ïñçlµðë thë `tÿpë` këÿwørð ïñ æµtø-ïmpørts whëñëvër pøssïþlë. Rëqµïrës µsïñg Tÿpë§çrïpt 5.3+ ïñ thë wørkspæçë.",
			"typescript.preferences.quoteStyle": "Prëfërrëð qµøtë stÿlë tø µsë før Qµïçk Fïxës.",
			"typescript.preferences.quoteStyle.auto": "Ïñfër qµøtë tÿpë frøm ëxïstïñg çøðë",
			"typescript.preferences.quoteStyle.double": "Ælwæÿs µsë ðøµþlë qµøtës: `\"`",
			"typescript.preferences.quoteStyle.single": "Ælwæÿs µsë sïñglë qµøtës: `'`",
			"typescript.preferences.renameMatchingJsxTags": "Whëñ øñ æ J§X tæg, trÿ tø rëñæmë thë mætçhïñg tæg ïñstëæð øf rëñæmïñg thë sÿmþøl. Rëqµïrës µsïñg Tÿpë§çrïpt 5.1+ ïñ thë wørkspæçë.",
			"typescript.preferences.renameShorthandProperties.deprecationMessage": "Thë sëttïñg 'tÿpësçrïpt.prëfërëñçës.rëñæmë§hørthæñðPrøpërtïës' hæs þëëñ ðëprëçætëð ïñ fævør øf 'tÿpësçrïpt.prëfërëñçës.µsëÆlïæsësFørRëñæmës'",
			"typescript.preferences.useAliasesForRenames": "Ëñæþlë/ðïsæþlë ïñtrøðµçïñg ælïæsës før øþjëçt shørthæñð prøpërtïës ðµrïñg rëñæmës.",
			"typescript.problemMatchers.tsc.label": "Tÿpë§çrïpt prøþlëms",
			"typescript.problemMatchers.tscWatch.label": "Tÿpë§çrïpt prøþlëms (wætçh møðë)",
			"typescript.referencesCodeLens.enabled": "Ëñæþlë/ðïsæþlë rëfërëñçës Çøðë£ëñs ïñ Tÿpë§çrïpt fïlës.",
			"typescript.referencesCodeLens.showOnAllFunctions": "Ëñæþlë/ðïsæþlë rëfërëñçës Çøðë£ëñs øñ æll fµñçtïøñs ïñ Tÿpë§çrïpt fïlës.",
			"typescript.removeUnusedImports": "Rëmøvë Üñµsëð Ïmpørts",
			"typescript.reportStyleChecksAsWarnings": "Rëpørt stÿlë çhëçks æs wærñïñgs.",
			"typescript.restartTsServer": "Rëstært T§ §ërvër",
			"typescript.selectTypeScriptVersion.title": "§ëlëçt Tÿpë§çrïpt Vërsïøñ...",
			"typescript.sortImports": "§ørt Ïmpørts",
			"typescript.suggest.enabled": "Ëñæþlëð/ðïsæþlë æµtøçømplëtë sµggëstïøñs.",
			"typescript.suggestionActions.enabled": "Ëñæþlë/ðïsæþlë sµggëstïøñ ðïægñøstïçs før Tÿpë§çrïpt fïlës ïñ thë ëðïtør.",
			"typescript.tsc.autoDetect": "Çøñtrøls æµtø ðëtëçtïøñ øf tsç tæsks.",
			"typescript.tsc.autoDetect.build": "Øñlÿ çrëætë sïñglë rµñ çømpïlë tæsks.",
			"typescript.tsc.autoDetect.off": "Ðïsæþlë thïs fëætµrë.",
			"typescript.tsc.autoDetect.on": "Çrëætë þøth þµïlð æñð wætçh tæsks.",
			"typescript.tsc.autoDetect.watch": "Øñlÿ çrëætë çømpïlë æñð wætçh tæsks.",
			"typescript.tsdk.desc": "§pëçïfïës thë følðër pæth tø thë tssërvër æñð `lïþ*.ð.ts` fïlës µñðër æ Tÿpë§çrïpt ïñstæll tø µsë før Ïñtëllï§ëñsë, før ëxæmplë: `./ñøðë_møðµlës/tÿpësçrïpt/lïþ`.\r\n\r\n- Whëñ spëçïfïëð æs æ µsër sëttïñg, thë Tÿpë§çrïpt vërsïøñ frøm `tÿpësçrïpt.tsðk` æµtømætïçællÿ rëplæçës thë þµïlt-ïñ Tÿpë§çrïpt vërsïøñ.\r\n- Whëñ spëçïfïëð æs æ wørkspæçë sëttïñg, `tÿpësçrïpt.tsðk` ælløws ÿøµ tø swïtçh tø µsë thæt wørkspæçë vërsïøñ øf Tÿpë§çrïpt før Ïñtëllï§ëñsë wïth thë `Tÿpë§çrïpt: §ëlëçt Tÿpë§çrïpt vërsïøñ` çømmæñð.\r\n\r\n§ëë thë [Tÿpë§çrïpt ðøçµmëñtætïøñ](https://çøðë.vïsµælstµðïø.çøm/ðøçs/tÿpësçrïpt/tÿpësçrïpt-çømpïlïñg#_µsïñg-ñëwër-tÿpësçrïpt-vërsïøñs) før mørë ðëtæïl æþøµt mæñægïñg Tÿpë§çrïpt vërsïøñs.",
			"typescript.tsserver.enableRegionDiagnostics": "Ëñæþlës rëgïøñ-þæsëð ðïægñøstïçs ïñ Tÿpë§çrïpt. Rëqµïrës µsïñg Tÿpë§çrïpt 5.6+ ïñ thë wørkspæçë.",
			"typescript.tsserver.enableTracing": "Ëñæþlës træçïñg T§ sërvër përførmæñçë tø æ ðïrëçtørÿ. Thësë træçë fïlës çæñ þë µsëð tø ðïægñøsë T§ §ërvër përførmæñçë ïssµës. Thë løg mæÿ çøñtæïñ fïlë pæths, søµrçë çøðë, æñð øthër pøtëñtïællÿ sëñsïtïvë ïñførmætïøñ frøm ÿøµr prøjëçt.",
			"typescript.tsserver.log": "Ëñæþlës løggïñg øf thë T§ sërvër tø æ fïlë. Thïs løg çæñ þë µsëð tø ðïægñøsë T§ §ërvër ïssµës. Thë løg mæÿ çøñtæïñ fïlë pæths, søµrçë çøðë, æñð øthër pøtëñtïællÿ sëñsïtïvë ïñførmætïøñ frøm ÿøµr prøjëçt.",
			"typescript.tsserver.pluginPaths": "Æððïtïøñæl pæths tø ðïsçøvër Tÿpë§çrïpt £æñgµægë §ërvïçë plµgïñs.",
			"typescript.tsserver.pluginPaths.item": "Ëïthër æñ æþsølµtë ør rëlætïvë pæth. Rëlætïvë pæth wïll þë rësølvëð ægæïñst wørkspæçë følðër(s).",
			"typescript.tsserver.trace": "Ëñæþlës træçïñg øf mëssægës sëñt tø thë T§ sërvër. Thïs træçë çæñ þë µsëð tø ðïægñøsë T§ §ërvër ïssµës. Thë træçë mæÿ çøñtæïñ fïlë pæths, søµrçë çøðë, æñð øthër pøtëñtïællÿ sëñsïtïvë ïñførmætïøñ frøm ÿøµr prøjëçt.",
			"typescript.updateImportsOnFileMove.enabled": "Ëñæþlë/ðïsæþlë æµtømætïç µpðætïñg øf ïmpørt pæths whëñ ÿøµ rëñæmë ør møvë æ fïlë ïñ V§ Çøðë.",
			"typescript.updateImportsOnFileMove.enabled.always": "Ælwæÿs µpðætë pæths æµtømætïçællÿ.",
			"typescript.updateImportsOnFileMove.enabled.never": "Ñëvër rëñæmë pæths æñð ðøñ't prømpt.",
			"typescript.updateImportsOnFileMove.enabled.prompt": "Prømpt øñ ëæçh rëñæmë.",
			"typescript.validate.enable": "Ëñæþlë/ðïsæþlë Tÿpë§çrïpt vælïðætïøñ.",
			"typescript.workspaceSymbols.excludeLibrarySymbols": "Ëxçlµðë sÿmþøls thæt çømë frøm lïþrærÿ fïlës ïñ `Gø tø §ÿmþøl ïñ Wørkspæçë` rësµlts. Rëqµïrës µsïñg Tÿpë§çrïpt 5.3+ ïñ thë wørkspæçë.",
			"typescript.workspaceSymbols.scope": "Çøñtrøls whïçh fïlës ærë sëærçhëð þÿ [Gø tø §ÿmþøl ïñ Wørkspæçë](https://çøðë.vïsµælstµðïø.çøm/ðøçs/ëðïtør/ëðïtïñgëvølvëð#_øpëñ-sÿmþøl-þÿ-ñæmë).",
			"typescript.workspaceSymbols.scope.allOpenProjects": "§ëærçh æll øpëñ Jævæ§çrïpt ør Tÿpë§çrïpt prøjëçts før sÿmþøls.",
			"typescript.workspaceSymbols.scope.currentProject": "Øñlÿ sëærçh før sÿmþøls ïñ thë çµrrëñt Jævæ§çrïpt ør Tÿpë§çrïpt prøjëçt.",
			"virtualWorkspaces": "Ïñ vïrtµæl wørkspæçës, rësølvïñg æñð fïñðïñg rëfërëñçës æçrøss fïlës ïs ñøt sµppørtëð.",
			"walkthroughs.nodejsWelcome.debugJsFile.altText": "Ðëþµg æñð rµñ ÿøµr Jævæ§çrïpt çøðë ïñ Ñøðë.js wïth Vïsµæl §tµðïø Çøðë.",
			"walkthroughs.nodejsWelcome.debugJsFile.description": "Øñçë ÿøµ'vë ïñstællëð Ñøðë.js, ÿøµ çæñ rµñ Jævæ§çrïpt prøgræms æt æ tërmïñæl þÿ ëñtërïñg ``ñøðë ÿøµr-fïlë-ñæmë.js``\r\nÆñøthër ëæsÿ wæÿ tø rµñ Ñøðë.js prøgræms ïs þÿ µsïñg V§ Çøðë's ðëþµggër whïçh lëts ÿøµ rµñ ÿøµr çøðë, pæµsë æt ðïffërëñt pøïñts, æñð hëlp ÿøµ µñðërstæñð whæt's gøïñg øñ stëp-þÿ-stëp.\r\n[§tært Ðëþµggïñg](çømmæñð:jævæsçrïpt-wælkthrøµgh.çømmæñðs.ðëþµgJsFïlë)",
			"walkthroughs.nodejsWelcome.debugJsFile.title": "Rµñ æñð Ðëþµg ÿøµr Jævæ§çrïpt",
			"walkthroughs.nodejsWelcome.description": "Mækë thë møst øf Vïsµæl §tµðïø Çøðë's fïrst-çlæss Jævæ§çrïpt ëxpërïëñçë.",
			"walkthroughs.nodejsWelcome.downloadNode.forLinux.description": "Ñøðë.js ïs æñ ëæsÿ wæÿ tø rµñ Jævæ§çrïpt çøðë. Ýøµ çæñ µsë ït tø qµïçklÿ þµïlð çømmæñð-lïñë æpps æñð sërvërs. Ït ælsø çømës wïth ñpm, æ pæçkægë mæñægër whïçh mækës rëµsïñg æñð shærïñg Jævæ§çrïpt çøðë ëæsÿ.\r\n[Ïñstæll Ñøðë.js](https://ñøðëjs.ørg/ëñ/ðøwñløæð/pæçkægë-mæñægër/)",
			"walkthroughs.nodejsWelcome.downloadNode.forLinux.title": "Ïñstæll Ñøðë.js",
			"walkthroughs.nodejsWelcome.downloadNode.forMacOrWindows.description": "Ñøðë.js ïs æñ ëæsÿ wæÿ tø rµñ Jævæ§çrïpt çøðë. Ýøµ çæñ µsë ït tø qµïçklÿ þµïlð çømmæñð-lïñë æpps æñð sërvërs. Ït ælsø çømës wïth ñpm, æ pæçkægë mæñægër whïçh mækës rëµsïñg æñð shærïñg Jævæ§çrïpt çøðë ëæsÿ.\r\n[Ïñstæll Ñøðë.js](https://ñøðëjs.ørg/ëñ/ðøwñløæð/)",
			"walkthroughs.nodejsWelcome.downloadNode.forMacOrWindows.title": "Ïñstæll Ñøðë.js",
			"walkthroughs.nodejsWelcome.learnMoreAboutJs.altText": "£ëærñ mørë æþøµt Jævæ§çrïpt æñð Ñøðë.js ïñ Vïsµæl §tµðïø Çøðë.",
			"walkthroughs.nodejsWelcome.learnMoreAboutJs.description": "Wæñt tø gët mørë çømførtæþlë wïth Jævæ§çrïpt, Ñøðë.js, æñð V§ Çøðë? ßë sµrë tø çhëçk øµt øµr ðøçs!\r\nWë'vë gøt løts øf rësøµrçës før lëærñïñg [Jævæ§çrïpt](https://çøðë.vïsµælstµðïø.çøm/ðøçs/ñøðëjs/wørkïñg-wïth-jævæsçrïpt) æñð [Ñøðë.js](https://çøðë.vïsµælstµðïø.çøm/ðøçs/ñøðëjs/ñøðëjs-tµtørïæl).\r\n\r\n[£ëærñ Mørë](https://çøðë.vïsµælstµðïø.çøm/ðøçs/ñøðëjs/ñøðëjs-tµtørïæl)",
			"walkthroughs.nodejsWelcome.learnMoreAboutJs.title": "Ëxplørë Mørë",
			"walkthroughs.nodejsWelcome.makeJsFile.description": "£ët's wrïtë øµr fïrst Jævæ§çrïpt fïlë. Wë'll hævë tø çrëætë æ ñëw fïlë æñð sævë ït wïth thë ``.js`` ëxtëñsïøñ æt thë ëñð øf thë fïlë ñæmë.\r\n[Çrëætë æ Jævæ§çrïpt Fïlë](çømmæñð:jævæsçrïpt-wælkthrøµgh.çømmæñðs.çrëætëJsFïlë)",
			"walkthroughs.nodejsWelcome.makeJsFile.title": "Çrëætë æ Jævæ§çrïpt Fïlë",
			"walkthroughs.nodejsWelcome.title": "Gët stærtëð wïth Jævæ§çrïpt æñð Ñøðë.js",
			"workspaceTrust": "Thë ëxtëñsïøñ rëqµïrës wørkspæçë trµst whëñ thë wørkspæçë vërsïøñ ïs µsëð þëçæµsë ït ëxëçµtës çøðë spëçïfïëð þÿ thë wørkspæçë."
		}
	}
}