{
	"": [
		"--------------------------------------------------------------------------------------------",
		"Copyright (c) Microsoft Corporation. All rights reserved.",
		"Licensed under the MIT License. See License.txt in the project root for license information.",
		"--------------------------------------------------------------------------------------------",
		"Do not edit this file. It is machine generated."
	],
	"version": "1.0.0",
	"contents": {
		"bundle": {
			"...1 additional file not shown": "...1 fichier supplémentaire non affiché",
			"...{0} additional files not shown": "...{0} fichiers supplémentaires non affichés",
			"Allow all content and script execution. Not recommended": "Autorisez tout le contenu et l’exécution des scripts. Non recommandé",
			"Allow insecure content": "Autoriser le contenu non sécurisé",
			"Allow insecure local content": "Autoriser le contenu local non sécurisé",
			"Always": "Toujours",
			"An unexpected error occurred while restoring the Markdown preview.": "Une erreur inattendue s’est produite lors de la restauration de l’aperçu Markdown.",
			"Checking for Markdown links to update": "Recherche de liaisons Markdown à mettre à jour",
			"Content Disabled Security Warning": "Avertissement de sécurité de contenu désactivé",
			"Could not load 'markdown.styles': {0}": "Impossible de charger 'markdown.styles' : {0}",
			"Could not open {0}": "Impossible d'ouvrir {0}",
			"Disable": "Désactiver",
			"Disable preview security warning in this workspace": "Désactiver l'aperçu d'avertissements de sécurité pour cet espace de travail",
			"Does not affect the content security level": "N'affecte pas le niveau de sécurité de contenu",
			"Enable loading content over http": "Activer le chargement de contenu sur http",
			"Enable loading content over http served from localhost": "Activer le chargement de contenu http servi par localhost",
			"Enable preview security warnings in this workspace": "Activer l'aperçu d'avertissements de sécurité pour cet espace de travail",
			"Exclude '{0}' from link validation.": "Excluez '{0}' de la validation de lien.",
			"Extract to link definition": "Extraire vers la définition de lien",
			"File does not exist at path: {0}": "Le fichier n’existe pas dans le chemin d’accès : {0}",
			"Find file references failed. No resource provided.": "Échec de la recherche des références de fichiers. Aucune ressource fournie.",
			"Finding file references": "Recherche des références de fichiers",
			"Follow link": "Suivre le lien",
			"Go to link definition": "Accéder à la définition de lien",
			"Header does not exist in file: {0}": "L’en-tête n’existe pas dans le fichier : {0}",
			"Insert Markdown Audio": "Insérer un audio Markdown",
			"Insert Markdown Image": "Insérer une image Markdown",
			"Insert Markdown Images": "Insérer des images Markdown",
			"Insert Markdown Images and Links": "Insérer des images et des liens Markdown",
			"Insert Markdown Link": "Insérer un lien Markdown",
			"Insert Markdown Links": "Insérer des liens Markdown",
			"Insert Markdown Media": "Insérer un média Markdown",
			"Insert Markdown Media and Images": "Insérer des médias et des images Markdown",
			"Insert Markdown Media and Links": "Insérer des médias et des liens Markdown",
			"Insert Markdown Video": "Insérer une vidéo Markdown",
			"Insert image": "Insérer une image",
			"Insert link": "Insérer un lien",
			"Link definition for '{0}' already exists": "La définition de lien de « {0} » existe déjà",
			"Link definition is unused": "La définition de lien n’est pas utilisée",
			"Link is already a reference": "Le lien est déjà une référence",
			"Link is also defined here": "Le lien est également défini ici",
			"Link to '# {0}' in '{1}'": "Lien vers « # {0} » dans « {1} »",
			"Link to '{0}'": "Lien vers « {0} »",
			"Markdown Language Server": "Serveur de langage Markdown",
			"Media": "Média",
			"More Information": "Informations",
			"Never": "Jamais",
			"No": "Non",
			"No header found: '{0}'": "En-tête introuvable : « {0} »",
			"No link definition found: '{0}'": "Définition de lien introuvable : '{0}'",
			"Not on link": "Pas sur le lien",
			"Only load secure content": "Charger uniquement le contenu sécurisé.",
			"Paste and update pasted links": "Coller et mettre à jour les liens collés",
			"Potentially unsafe or insecure content has been disabled in the Markdown preview. Change the Markdown preview security setting to allow insecure content or enable scripts": "Le contenu potentiellement dangereux ou non sécurisé a été désactivé dans l'aperçu Markdown. Changez les paramètres de sécurité de l'aperçu Markdown pour autoriser le contenu non sécurisé ou activer les scripts",
			"Preview {0}": "Prévisualiser {0}",
			"Reference link '{0}'": "Lien de référence « {0} »",
			"Remove duplicate link definition": "Supprimer la définition de lien en double",
			"Remove unused link definition": "Supprimer la définition de lien inutilisée",
			"Renaming is not supported here. Try renaming a header or link.": "Le changement de nom n’est pas pris en charge ici. Essayez de renommer un en-tête ou un lien.",
			"Select security settings for Markdown previews in this workspace": "Sélectionner les paramètres de sécurité pour les aperçus Markdown dans cet espace de travail",
			"Some content has been disabled in this document": "Du contenu a été désactivé dans ce document",
			"Strict": "Strict",
			"Update Markdown links for '{0}'?": "Voulez-vous mettre à jour les liaisons Markdown pour '{0}'?",
			"Update Markdown links for the following {0} files?": "Mettre à jour les liens Markdown pour les fichiers {0} suivants ?",
			"Yes": "Oui",
			"[Preview] {0}": "[Aperçu] {0}",
			"{0} cannot be found": "{0} est introuvable"
		},
		"package": {
			"configuration.copyIntoWorkspace.mediaFiles": "Essayez de copier des fichiers image et vidéo externes dans l’espace de travail.",
			"configuration.copyIntoWorkspace.never": "Ne pas copier les fichiers externes dans l’espace de travail.",
			"configuration.markdown.copyFiles.destination": "Configure le chemin d’accès et le nom de fichier des fichiers créés par copier/coller ou glisser-déplacer. Il s’agit d’une carte de globs qui correspondent à un chemin d’accès de document Markdown au chemin de destination où le nouveau fichier doit être créé.\r\n\r\nLe chemin d’accès de destination peut utiliser les variables suivantes :\r\n\r\n– « ${documentDirName} » – Chemin d’accès absolu au répertoire parent du document Markdown, par exemple, « /Users/me/myProject/docs ».\r\n– « ${documentRelativeDirName} » – Chemin d’accès relatif au répertoire parent du document Markdown, par exemple « docs ». Cette valeur est identique à « ${documentDirName} » si le fichier ne fait pas partie d’un espace de travail.\r\n– « ${documentFileName} » – Nom de fichier complet du document Markdown, par exemple, « README.md ».\r\n– « ${documentBaseName} » – Nom de base du document Markdown, par exemple, « README ».\r\n– « ${documentExtName} » – Extension du document Markdown, par exemple « md ».\r\n– « ${documentFilePath} » – Chemin absolu du document Markdown, par exemple, « /Users/me/myProject/docs/README.md ».\r\n– « ${documentRelativeFilePath} » – Chemin relatif du document Markdown, par exemple « docs/README.md ». Cette valeur est identique à « ${documentFilePath} » si le fichier ne fait pas partie d’un espace de travail.\r\n– « ${documentWorkspaceFolder} » – Dossier d’espace de travail pour le document Markdown, par exemple, « /Users/me/myProject ». Cette valeur est identique à « ${documentDirName} » si le fichier ne fait pas partie d’un espace de travail.\r\n– « ${fileName} » – Nom du fichier supprimé, par exemple « image.png ».\r\n– « ${fileExtName} » – Extension du fichier supprimé, par exemple « png ».",
			"configuration.markdown.copyFiles.overwriteBehavior": "Contrôle si les fichiers créés par dépôt ou collage doivent remplacer les fichiers existants.",
			"configuration.markdown.copyFiles.overwriteBehavior.nameIncrementally": "S’il existe déjà un fichier portant le même nom, ajoutez un numéro au nom de fichier, par exemple : `image.png` devient `image-1.png`.",
			"configuration.markdown.copyFiles.overwriteBehavior.overwrite": "Si un fichier portant le même nom existe déjà, il est écrasé.",
			"configuration.markdown.editor.drop.copyIntoWorkspace": "Contrôle si les fichiers en dehors de l’espace de travail déposés dans un éditeur Markdown doivent être copiés dans l’espace de travail.\r\n\r\nUtilisez ` #markdown.copyFiles.destination#` pour configurer l’emplacement de création des fichiers copiés.",
			"configuration.markdown.editor.drop.enabled": "Activez la suppression de fichiers dans un éditeur Markdown tout en maintenant la touche Maj enfoncée. Nécessite l’activation de ' #editor.dropIntoEditor.enabled#'.",
			"configuration.markdown.editor.drop.enabled.always": "Toujours insérer des liens Markdown.",
			"configuration.markdown.editor.drop.enabled.never": "Ne jamais créer de liens Markdown.",
			"configuration.markdown.editor.drop.enabled.smart": "Créez intelligemment des liens Markdown par défaut lorsqu’ils ne sont pas placés dans un bloc de code ou un autre élément spécial. Utilisez le widget drop pour basculer entre le collage en texte brut ou en tant que liens Markdown.",
			"configuration.markdown.editor.filePaste.audioSnippet": "Extrait de code utilisé lors de l’ajout de fichiers audio à Markdown. Cet extrait de code peut utiliser les variables suivantes :\r\n- « ${src} » — Chemin résolu du fichier audio.\r\n- « ${title} » — Titre utilisé pour le fichier audio. Un espace réservé d’extrait de code est automatiquement créé pour cette variable.",
			"configuration.markdown.editor.filePaste.copyIntoWorkspace": "Contrôle si les fichiers en dehors de l’espace de travail collés dans un éditeur Markdown doivent être copiés dans l’espace de travail.\r\n\r\nUtilisez ` #markdown.copyFiles.destination#` pour configurer l’emplacement de création des fichiers copiés.",
			"configuration.markdown.editor.filePaste.enabled": "Permet de coller des fichiers dans un éditeur Markdown pour créer des liens Markdown. Nécessite l’activation de `#editor.pasteAs.enabled#`.",
			"configuration.markdown.editor.filePaste.enabled.always": "Toujours insérer des liens Markdown.",
			"configuration.markdown.editor.filePaste.enabled.never": "Ne jamais créer de liens Markdown.",
			"configuration.markdown.editor.filePaste.enabled.smart": "Créez des liens Markdown de manière intelligente par défaut lorsque vous ne les collez pas dans un bloc de code ou dans un autre élément spécial. Utilisez le widget coller pour basculer entre le collage en texte brut ou sous forme de liens Markdown.",
			"configuration.markdown.editor.filePaste.videoSnippet": "Extrait de code utilisé lors de l’ajout de vidéos à Markdown. Cet extrait de code peut utiliser les variables suivantes :\r\n- « ${src} » — Chemin résolu du fichier vidéo.\r\n- « ${title}» — Titre utilisé pour la vidéo. Un espace réservé d’extrait de code est automatiquement créé pour cette variable.",
			"configuration.markdown.editor.pasteUrlAsFormattedLink.enabled": "Contrôle si des liens Markdown sont créés lorsque des URL sont collées dans un éditeur Markdown. Nécessite l’activation de « #editor.pasteAs.enabled# ».",
			"configuration.markdown.editor.updateLinksOnPaste.enabled": "Activez/désactivez une option de collage qui met à jour les liens et la référence dans le texte copié et collé entre les éditeurs Markdown.\r\n\r\nPour utiliser cette fonctionnalité, après avoir collé du texte contenant des liens pouvant être mis à jour, il vous suffit de cliquer sur le widget Coller et de sélectionner Coller et mettre à jour les liens collés.",
			"configuration.markdown.links.openLocation.beside": "Ouvrez les liens à côté de l'éditeur actif.",
			"configuration.markdown.links.openLocation.currentGroup": "Ouvrez les liens dans le groupe d'éditeurs actif.",
			"configuration.markdown.links.openLocation.description": "Contrôle l'emplacement où doivent s'ouvrir les liens dans les fichiers Markdown.",
			"configuration.markdown.occurrencesHighlight.enabled": "Activer la mise en surbrillance des occurrences de lien dans le document actif.",
			"configuration.markdown.preferredMdPathExtensionStyle": "Contrôle si les extensions de fichier (par exemple « .md ») sont ajoutées ou non pour les liens vers les fichiers Markdown. Ce paramètre est utilisé lorsque des chemins de fichiers sont ajoutés par des outils tels que la complétion de chemins ou le renommage de fichiers.",
			"configuration.markdown.preferredMdPathExtensionStyle.auto": "Pour les chemins existants, essayez de conserver le style d’extension de fichier. Pour les nouveaux chemins d’accès, ajoutez des extensions de fichier.",
			"configuration.markdown.preferredMdPathExtensionStyle.includeExtension": "Préférez inclure l’extension de fichier. Par exemple, les complétions de chemin d’accès à un fichier nommé « file.md » insèrent « file.md ».",
			"configuration.markdown.preferredMdPathExtensionStyle.removeExtension": "Préférez supprimer l’extension de fichier. Par exemple, les complétions de chemin d’accès à un fichier nommé 'file.md' insère 'file' sans '.md'.",
			"configuration.markdown.preview.openMarkdownLinks.description": "Contrôle la façon dont les liens vers d'autres fichiers Markdown doivent s'ouvrir dans l'aperçu Markdown.",
			"configuration.markdown.preview.openMarkdownLinks.inEditor": "Tente d'ouvrir les liens dans l'éditeur.",
			"configuration.markdown.preview.openMarkdownLinks.inPreview": "Tente d'ouvrir les liens dans l'aperçu Markdown.",
			"configuration.markdown.suggest.paths.enabled.description": "Activez les suggestions de chemin d’accès lors de l’écriture de liens dans des fichiers Markdown.",
			"configuration.markdown.suggest.paths.includeWorkspaceHeaderCompletions": "Activez les suggestions des en-têtes dans d’autres fichiers Markdown dans l’espace de travail actuel. L’acceptation de l’une de ces suggestions insère le chemin complet de l’en-tête dans ce fichier, par exemple : `[texte du lien](/path/to/file.md#header)`.",
			"configuration.markdown.suggest.paths.includeWorkspaceHeaderCompletions.never": "Désactivez les suggestions d’en-tête d’espace de travail.",
			"configuration.markdown.suggest.paths.includeWorkspaceHeaderCompletions.onDoubleHash": "Activez les suggestions d’en-tête d’espace de travail après avoir tapé `##` dans un chemin d’accès, par exemple : `[texte du lien](##`.",
			"configuration.markdown.suggest.paths.includeWorkspaceHeaderCompletions.onSingleOrDoubleHash": "Activez les suggestions d’en-tête d’espace de travail après avoir tapé `##` ou `#` dans un chemin d’accès, par exemple : `[texte du lien](#` ou `[texte du lien](##`.",
			"configuration.markdown.updateLinksOnFileMove.enableForDirectories": "Activer la mise à jour des liens lorsqu’un répertoire est déplacé ou renommé dans l’espace de travail.",
			"configuration.markdown.updateLinksOnFileMove.enabled": "Essayez de mettre à jour les liens dans les fichiers Markdown lorsqu’un fichier est renommé/déplacé dans l’espace de travail. Utilisez '#markdown.updateLinksOnFileMove.include#' pour configurer les fichiers qui déclenchent les mises à jour de lien.",
			"configuration.markdown.updateLinksOnFileMove.enabled.always": "Toujours mettre à jour les liaisons automatiquement",
			"configuration.markdown.updateLinksOnFileMove.enabled.never": "N’essayez jamais de mettre à jour la liaison et n’invitez pas.",
			"configuration.markdown.updateLinksOnFileMove.enabled.prompt": "Invite à chaque déplacement de fichier",
			"configuration.markdown.updateLinksOnFileMove.include": "Modèles Glob qui spécifie les fichiers qui déclenchent les mises à jour automatiques des liens. Pour plus d’informations sur cette fonctionnalité, consultez « #markdown.updateLinksOnFileMove.enabled# ».",
			"configuration.markdown.updateLinksOnFileMove.include.property": "Modèle glob auquel faire correspondre les chemins d’accès aux fichiers. Affectez la valeur true pour activer le modèle.",
			"configuration.markdown.validate.duplicateLinkDefinitions.description": "Validez les définitions dupliquées dans le fichier actif.",
			"configuration.markdown.validate.enabled.description": "Activez tous les rapports d’erreurs dans les fichiers Markdown.",
			"configuration.markdown.validate.fileLinks.enabled.description": "Validez les liens vers d’autres fichiers dans les fichiers Markdown, par exemple `[link](/path/to/file.md)`. Cette opération vérifie que les fichiers cibles existent. Nécessite l’activation de `#markdown.validate.enabled#`.",
			"configuration.markdown.validate.fileLinks.markdownFragmentLinks.description": "Validez la partie fragment des liens vers des en-têtes dans d’autres fichiers dans les fichiers Markdown, par exemple : '[link](/path/to/file.md#header)'. Hérite la valeur de paramètre de '#markdown.validate.fragmentLinks.enabled#' par défaut.",
			"configuration.markdown.validate.fragmentLinks.enabled.description": "Validez les liens de fragment vers les en-têtes dans le fichier Markdown actuel, par exemple : `[link](#header)`. Nécessite l’activation de `#markdown.validate.enabled#`.",
			"configuration.markdown.validate.ignoredLinks.description": "Configurez les liens qui ne doivent pas être validés. Par exemple, le fait d’ajouter « /about » ne valide pas le lien «[about](/about) », tandis que le glob « /assets/**/*.svg » vous permet d’ignorer la validation de tout lien vers les fichiers « .svg » sous le répertoire « assets ».",
			"configuration.markdown.validate.referenceLinks.enabled.description": "Validez les liens de référence dans les fichiers Markdown, par exemple : `[link][ref]`. Nécessite l’activation de `#markdown.validate.enabled#`.",
			"configuration.markdown.validate.unusedLinkDefinitions.description": "Validez les définitions de lien inutilisées dans le fichier actif.",
			"configuration.pasteUrlAsFormattedLink.always": "Toujours insérer des liens Markdown.",
			"configuration.pasteUrlAsFormattedLink.never": "Ne jamais créer de liens Markdown.",
			"configuration.pasteUrlAsFormattedLink.smart": "Créez des liens Markdown de manière intelligente par défaut lorsque vous ne les collez pas dans un bloc de code ou dans un autre élément spécial. Utilisez le widget coller pour basculer entre le collage en texte brut ou sous forme de liens Markdown.",
			"configuration.pasteUrlAsFormattedLink.smartWithSelection": "Créez des liens Markdown de manière intelligente par défaut lorsque vous avez sélectionné du texte et ne collez pas dans un bloc de code ou dans un autre élément spécial. Utilisez le widget coller pour basculer entre le collage en texte brut ou sous forme de liens Markdown.",
			"description": "Fournit une prise en charge riche de langage pour Markdown",
			"displayName": "Fonctionnalités de langage Markdown",
			"markdown.copyImage.title": "Copier l’image",
			"markdown.editor.insertImageFromWorkspace": "Insérer une image à partir de l’espace de travail",
			"markdown.editor.insertLinkFromWorkspace": "Insérer un lien vers un fichier dans l’espace de travail",
			"markdown.findAllFileReferences": "Rechercher les références de fichiers",
			"markdown.preview.breaks.desc": "Définit la façon dont les sauts de ligne sont rendus dans l'aperçu Markdown. Le définir sur « true » crée un « <br> » pour les nouvelles lignes à l'intérieur des paragraphes.",
			"markdown.preview.doubleClickToSwitchToEditor.desc": "Double-cliquez dans l'aperçu Markdown pour passer à l'éditeur.",
			"markdown.preview.fontFamily.desc": "Contrôle la famille de polices utilisée dans l'aperçu Markdown.",
			"markdown.preview.fontSize.desc": "Contrôle la taille de police en pixels utilisée dans l'aperçu Markdown.",
			"markdown.preview.lineHeight.desc": "Contrôle la hauteur de ligne utilisée dans l'aperçu Markdown. Ce nombre est relatif à la taille de police.",
			"markdown.preview.linkify": "Convertissez du texte de type URL en liens dans la préversion de Markdown.",
			"markdown.preview.markEditorSelection.desc": "Marque la sélection actuelle de l'éditeur dans l'aperçu Markdown.",
			"markdown.preview.refresh.title": "Actualiser l'aperçu",
			"markdown.preview.scrollEditorWithPreview.desc": "Quand un aperçu Markdown défile, la vue de l'éditeur est mise à jour.",
			"markdown.preview.scrollPreviewWithEditor.desc": "Quand la fenêtre de l'éditeur Markdown défile, la vue de l'aperçu est mise à jour.",
			"markdown.preview.title": "Ouvrir l'aperçu",
			"markdown.preview.toggleLock.title": "Activer/désactiver le verrouillage de l'aperçu",
			"markdown.preview.typographer": "Activez le remplacement indépendant du langage et l’aplanissement des guillemets dans la préversion de Markdown.",
			"markdown.previewSide.title": "Ouvrir l'aperçu sur le côté",
			"markdown.server.log.desc": "Contrôle le niveau de journalisation du serveur de langage Markdown.",
			"markdown.showLockedPreviewToSide.title": "Ouvrir l'aperçu verrrouillé sur le côté",
			"markdown.showPreviewSecuritySelector.title": "Changer les paramètres de sécurité de l'aperçu",
			"markdown.showSource.title": "Afficher la source",
			"markdown.styles.dec": "Liste d'URL ou de chemins locaux de feuilles de style CSS à utiliser dans l'aperçu Markdown. Les chemins relatifs sont interprétés par rapport au dossier ouvert dans l'Explorateur. Si aucun dossier n'est ouvert, ils sont interprétés par rapport à l'emplacement du fichier Markdown. Tous les signes '\\' doivent être écrits sous la forme '\\\\'.",
			"markdown.trace.extension.desc": "Active la journalisation du débogage pour l'extension Markdown.",
			"markdown.trace.server.desc": "Trace la communication entre VS Code et le serveur de langage Markdown.",
			"workspaceTrust": "Requis pour le chargement des styles configurés dans l’espace de travail."
		}
	}
}