{
	"": [
		"--------------------------------------------------------------------------------------------",
		"Copyright (c) Microsoft Corporation. All rights reserved.",
		"Licensed under the MIT License. See License.txt in the project root for license information.",
		"--------------------------------------------------------------------------------------------",
		"Do not edit this file. It is machine generated."
	],
	"version": "1.0.0",
	"contents": {
		"bundle": {
			"\"{0}\" has fingerprint \"{1}\"": "\"{0}\" содержит отпечаток \"{1}\"",
			"$(info) Remote \"{0}\" has no tags.": "$(info) Удаленный объект \"{0}\" не имеет тегов.",
			"$(info) This repository has no stashes.": "$(info) Этот репозиторий не содержит тегов.",
			"$(info) This repository has no tags.": "$(info) У этого репозитория нет тегов.",
			"A branch named \"{0}\" already exists": "Ветвь с именем \"{0}\" уже существует",
			"A git repository was found in the parent folders of the workspace or the open file(s). Would you like to open the repository?": "В родительских папках рабочей области или открытых файлах найден репозиторий Git. Вы хотите открыть репозиторий?",
			"Absolute paths not supported in \"git.scanRepositories\" setting.": "Абсолютные пути в параметре \"git.scanRepositories\" не поддерживаются.",
			"Add Remote": "Добавить удаленный репозиторий",
			"Add a new remote...": "Добавить новый удаленный репозиторий...",
			"Add remote from URL": "Добавить удаленный репозиторий по URL-адресу",
			"Add remote from {0}": "Добавить удаленный репозиторий из {0}",
			"Add to Workspace": "Добавить в рабочую область",
			"All Changes ({0} ↔ {1})": "Все изменения ({0} ↔ {1})",
			"All Repositories": "Все репозитории",
			"Always": "Всегда",
			"Always Pull": "Всегда получать",
			"Always Replace Local Tag(s)": "Всегда заменять локальные теги",
			"Are you sure you want to DELETE {0} files?\nThis is IRREVERSIBLE!\nThese files will be FOREVER LOST if you proceed.": "Вы действительно хотите удалить файлы ({0})?\nЭта операция является необратимой!\nВосстановить эти файлы будет невозможно.",
			"Are you sure you want to DELETE {0}?\nThis is IRREVERSIBLE!\nThis file will be FOREVER LOST if you proceed.": "Вы действительно хотите удалить файл {0}?\nЭта операция является необратимой!\nВосстановить этот файл будет невозможно.",
			"Are you sure you want to continue connecting?": "Действительно продолжить подключение?",
			"Are you sure you want to create an empty commit?": "Вы действительно хотите создать пустую фиксацию?",
			"Are you sure you want to discard ALL changes in {0} files?\nThis is IRREVERSIBLE!\nYour current working set will be FOREVER LOST if you proceed.": "Вы действительно хотите отменить все изменения в файлах ({0})?\nЭта операция является необратимой!\nВосстановить ваш текущий набор изменений будет невозможно.",
			"Are you sure you want to discard changes in {0} files?": "Вы действительно хотите отменить изменения в файлах ({0})?",
			"Are you sure you want to discard changes in {0}?": "Вы действительно хотите отменить изменения в {0}?",
			"Are you sure you want to drop ALL stashes? There are {0} stashes that will be subject to pruning, and MAY BE IMPOSSIBLE TO RECOVER.": "Вы действительно хотите удалить все спрятанные записи? Имеется {0} записей, которые будут удалены, и ИХ ВОССТАНОВЛЕНИЕ МОЖЕТ БЫТЬ НЕВОЗМОЖНО.",
			"Are you sure you want to drop ALL stashes? There is 1 stash that will be subject to pruning, and MAY BE IMPOSSIBLE TO RECOVER.": "Вы действительно хотите удалить все спрятанные записи? Имеется 1 запись, которая будут удалена, и ЕЕ ВОССТАНОВЛЕНИЕ МОЖЕТ БЫТЬ НЕВОЗМОЖНО.",
			"Are you sure you want to drop the stash: {0}?": "Вы действительно хотите удалить спрятанные изменения: {0}?",
			"Are you sure you want to restore {0} files?": "Вы действительно хотите восстановить файлы ({0})?",
			"Are you sure you want to restore {0}?": "Вы действительно хотите восстановить {0}?",
			"Are you sure you want to stage {0} files with merge conflicts?": "Вы действительно хотите проиндексировать файлы ({0}) с конфликтами слияния?",
			"Are you sure you want to stage {0} with merge conflicts?": "Вы действительно хотите проиндексировать {0} с конфликтами слияния?",
			"Ask Me Later": "Спросить меня позже",
			"Branch name": "Имя ветви",
			"Branch name needs to match regex: {0}": "Имя ветви должно соответствовать регулярному выражению: {0}",
			"Can't force push refs to remote. The tip of the remote-tracking branch has been updated since the last checkout. Try running \"Pull\" first to pull the latest changes from the remote branch first.": "Не удается принудительно отправить ссылки на удаленный компьютер. Подсказка ветви удаленного отслеживания обновлена с момента последней проверки. Сначала попробуйте запустить \"Pull\" и получить последние изменения из удаленной ветви.",
			"Can't push refs to remote. Try running \"Pull\" first to integrate your changes.": "Не удается отправить ссылки в удаленный репозиторий. Сначала выберите \"Извлечь\", чтобы интегрировать изменения.",
			"Can't undo because HEAD doesn't point to any commit.": "Невозможно отменить операцию, так как HEAD не указывает ни на какой коммит.",
			"Changes": "Изменения",
			"Checking Out Branch/Tag...": "Извлечение ветви/тега...",
			"Checking Out Changes...": "Извлечение изменений...",
			"Checkout Branch/Tag...": "Извлечение ветви/тега...",
			"Choose Folder...": "Выбрать папку...",
			"Choose a folder to clone {0} into": "Выберите папку для клонирования в нее {0}",
			"Choose a repository": "Выберите репозиторий",
			"Choose which repository to clone": "Выберите репозиторий для клонирования",
			"Clear whitespace characters": "Очистить пробелы",
			"Clone from URL": "URL-адрес репозитория",
			"Clone from {0}": "Клонировать из {0}",
			"Cloning git repository \"{0}\"...": "Клонирование репозитория Git \"{0}\"...",
			"Commit": "Фиксация",
			"Commit & Push Changes": "Зафиксировать и отправить изменения",
			"Commit & Sync Changes": "Зафиксировать и синхронизировать изменения",
			"Commit Anyway": "Все равно зафиксировать",
			"Commit Changes": "Зафиксировать изменения",
			"Commit Changes on \"{0}\"": "Зафиксировать изменения в \"{0}\"",
			"Commit Changes to New Branch": "Зафиксировать изменения в новой ветви",
			"Commit Hash": "Хэш фиксации",
			"Commit message": "Сообщение о фиксации",
			"Commit operation was cancelled due to empty commit message.": "Операция фиксации была отменена из-за пустого сообщения фиксации.",
			"Commit to New Branch & Push Changes": "Зафиксировать в новой ветви и отправить изменения",
			"Commit to New Branch & Synchronize Changes": "Зафиксировать в новой ветви и синхронизировать изменения",
			"Commit to a New Branch": "Зафиксировать в новой ветви",
			"Commits without verification are not allowed, please enable them with the \"git.allowNoVerifyCommit\" setting.": "Фиксации без проверки не допускаются, включите их с помощью параметра \"git.allowNoVerifyCommit\".",
			"Committing & Pushing Changes...": "Фиксация и отправка изменений…",
			"Committing & Synchronizing Changes...": "Фиксация и синхронизация изменений...",
			"Committing Changes to New Branch...": "Фиксация изменений в новой ветви...",
			"Committing Changes...": "Фиксация изменений…",
			"Committing to New Branch & Pushing Changes...": "Фиксация в новой ветви и отправка изменений...",
			"Committing to New Branch & Synchronizing Changes...": "Фиксация в новой ветви и синхронизация изменений...",
			"Conflict: Added By Them": "Конфликт: добавлено ими",
			"Conflict: Added By Us": "Конфликт: добавлено нами",
			"Conflict: Both Added": "Конфликт: оба добавили",
			"Conflict: Both Deleted": "Конфликт: оба удалили",
			"Conflict: Both Modified": "Конфликт: оба изменили",
			"Conflict: Deleted By Them": "Конфликт: удалено ими",
			"Conflict: Deleted By Us": "Конфликт: удалено нами",
			"Continue Rebase": "Продолжить перемещение изменений из одной ветви в другую",
			"Continuing Rebase...": "Продолжается перемещение изменений из одной ветви в другую...",
			"Copy Commit Hash": "Копировать хэш фиксации",
			"Could not clone your repository as Git is not installed.": "Не удалось клонировать ваш репозиторий, так как Git не установлен.",
			"Create Empty Commit": "Создать пустую фиксацию",
			"Current": "Текущая",
			"Current commit message only contains whitespace characters": "Текущее сообщение коммита содержит только пробелы.",
			"Delete Branch": "Удалить ветвь",
			"Delete File": "Удалить файл",
			"Delete Files": "Удалить файлы",
			"Delete file": "Удалить файл",
			"Deleted": "Удалить",
			"Discard 1 File": "Отменить изменения в одном файле",
			"Discard 1 Tracked File": "Отменить изменения для одного отслеживаемого файла",
			"Discard All {0} Files": "Отменить изменения во всех файлах ({0})",
			"Discard Changes": "Отменить изменения",
			"Discard {0} Tracked Files": "Отменить изменения для отслеживаемых файлов ({0})",
			"Don't Pull": "Не получать",
			"Don't Show Again": "Больше не показывать",
			"Download Git": "Скачать Git",
			"Email": "Электронная почта",
			"Enables the following features: {0}": "Включает следующие функции: {0}",
			"Failed to authenticate to git remote.": "Не удалось выполнить проверку подлинности в удаленном Git.",
			"Failed to authenticate to git remote:\n\n{0}": "Не удалось выполнить проверку подлинности в удаленном Git:\n\n{0}",
			"File \"{0}\" was deleted by them and modified by us.\n\nWhat would you like to do?": "Файл \"{0}\" был удален ими и изменен нами.\n\nЧто вы хотели бы сделать?",
			"File \"{0}\" was deleted by us and modified by them.\n\nWhat would you like to do?": "Файл \"{0}\" был удален нами и изменен ими.\n\nЧто вы хотели бы сделать?",
			"Force Checkout": "Принудительное извлечение",
			"Force push is not allowed, please enable it with the \"git.allowForcePush\" setting.": "Принудительная отправка не разрешена. Включите ее, установив параметр \"git.allowForcePush\".",
			"Git Blame Information": "Сведения о Git Blame",
			"Git History": "Журнал Git",
			"Git error": "Ошибка Git",
			"Git local changes (working tree + index)": "Локальные изменения Git (рабочее дерево + индекс)",
			"Git local changes (working tree)": "Локальные изменения Git (рабочее дерево)",
			"Git not found. Install it or configure it using the \"git.path\" setting.": "Git не найден. Установите его или настройте с помощью параметра \"git.path\".",
			"Git repositories were found in the parent folders of the workspace or the open file(s). Would you like to open the repositories?": "В родительских папках рабочей области или открытых файлах найдены репозитории Git. Вы хотите открыть репозитории?",
			"Git: {0}": "Git: {0}",
			"HEAD version of \"{0}\" is not available.": "Версия HEAD \"{0}\" недоступна.",
			"Hard wrap all lines": "Применить жесткий перенос ко всем строкам",
			"Hard wrap line": "Применить жесткий перенос строки",
			"Ignored": "Проигнорировано",
			"Incoming": "Входящие",
			"Incoming Changes": "Входящие изменения",
			"Incoming Changes (added)": "Входящие изменения (добавлены)",
			"Incoming Changes (deleted)": "Входящие изменения (удалены)",
			"Incoming Changes (modified)": "Входящие изменения (изменены)",
			"Incoming Changes (renamed)": "Входящие изменения (переименованы)",
			"Index Added": "Добавлено в индексе",
			"Index Copied": "Скопировано в индексе",
			"Index Deleted": "Удалено в индексе",
			"Index Modified": "Изменено в индексе",
			"Index Renamed": "Переименовано в индексе",
			"Initialize Repository": "Инициализировать репозиторий",
			"Intent to Add": "Добавляемое намерение",
			"Intent to Rename": "Намерение переименовать",
			"Invalid branch name": "Недопустимое имя ветви",
			"It looks like the current branch \"{0}\" might have been rebased. Are you sure you still want to pull into it?": "Похоже, изменения из текущей ветви \"{0}\" перемещены в другую. Все равно выполнить в нее вытягивание?",
			"It looks like the current branch might have been rebased. Are you sure you still want to pull into it?": "Похоже, изменения из текущей ветви перемещены в другую. Все равно выполнить в нее вытягивание?",
			"It's not possible to change the commit message in the middle of a rebase. Please complete the rebase operation and use interactive rebase instead.": "Невозможно изменить сообщение коммита во время перебазирования. Завершите операцию перебазирования и используйте взамен интерактивное перебазирование.",
			"Keep Our Version": "Сохранить нашу версию",
			"Keep Their Version": "Сохранить их версию",
			"Learn More": "Дополнительные сведения",
			"Make sure you configure your \"user.name\" and \"user.email\" in git.": "Проверьте, настроены ли параметры \"user.name\" и \"user.email\" в git.",
			"Manage Unsafe Repositories": "Управление небезопасными репозиториями",
			"Merge Changes": "Изменения слияния",
			"Message": "Сообщение",
			"Message (commit on \"{0}\")": "Сообщение (фиксация: \"{0}\")",
			"Message ({0} to commit on \"{1}\")": "Сообщение ({0} для фиксации в \"{1}\")",
			"Message ({0} to commit)": "Сообщение ({0} для фиксации)",
			"Migrate Changes": "Миграция изменений",
			"Modified": "Изменен",
			"Never": "Никогда",
			"No": "Нет",
			"No rebase in progress.": "Перемещение изменений из одной ветви в другую не выполняется.",
			"Not Committed Yet": "Еще не зафиксировано",
			"Not Committed Yet (Staged)": "Еще не зафиксировано (промежуточный этап)",
			"OK": "ОК",
			"OK, Don't Ask Again": "ОК, больше не показывать",
			"OK, Don't Show Again": "ОК, больше не показывать",
			"Open": "Открыть",
			"Open Commit": "Открыть фиксацию",
			"Open Comparison": "Открыть сравнение",
			"Open File": "Открыть файл",
			"Open Git Log": "Открыть журнал GIT",
			"Open Merge": "Открыть слияние",
			"Open Repositories In Parent Folders": "Открывать репозитории в родительских папках",
			"Open Repository": "Открыть репозиторий",
			"Open in New Window": "Открыть в новом окне",
			"Optionally provide a stash message": "Укажите сообщение о скрытии",
			"Passphrase": "Парольная фраза",
			"Pick a branch to pull from": "Выберите ветвь для извлечения",
			"Pick a provider to publish the branch \"{0}\" to:": "Выберите поставщика, в который необходимо опубликовать ветвь \"{0}\":",
			"Pick a remote to publish the branch \"{0}\" to:": "Выберите удаленный репозиторий для публикации ветви \"{0}\":",
			"Pick a remote to pull the branch from": "Выберите удаленный репозиторий, с которого нужно получить ветвь",
			"Pick a remote to remove": "Выберите удаленный репозиторий для удаления",
			"Pick a repository to mark as safe and open": "Выберите репозиторий, чтобы пометить его как безопасный и открыть",
			"Pick a repository to open": "Выберите, какой открыть репозиторий",
			"Pick a repository to reopen": "Выберите репозиторий для повторного открытия",
			"Pick a stash to apply": "Выберите спрятанное изменение для применения",
			"Pick a stash to drop": "Выберите спрятанные данные для удаления",
			"Pick a stash to pop": "Выберите спрятанное изменение для отображения",
			"Pick a stash to view": "Выберите спрятанные данные для удаления",
			"Pick workspace folder to initialize git repo in": "Выберите папку рабочей области для инициализации репозитория Git",
			"Please check out a branch to push to a remote.": "Переключитесь на какую-либо ветвь, чтобы отправить изменения в удаленный репозиторий.",
			"Please clean your repository working tree before checkout.": "Очистите рабочее дерево репозитория перед извлечением.",
			"Please provide a commit message": "Введите сообщение фиксации.",
			"Please provide a message to annotate the tag": "Укажите сообщение для аннотирования тега",
			"Please provide a new branch name": "Укажите новое имя ветви",
			"Please provide a remote name": "Укажите удаленное имя",
			"Please provide a tag name": "Укажите имя тега",
			"Please provide the commit hash": "Укажите хэш фиксации",
			"Publish Branch": "Опубликовать ветвь",
			"Publish Branch \"{0}\"/{Locked=\"Branch\"}Do not translate \"Branch\" as it is a git term": "Опубликовать Branch \"{0}\"",
			"Publish Branch/{Locked=\"Branch\"}Do not translate \"Branch\" as it is a git term": "Опубликовать Branch",
			"Publish to {0}": "Опубликовать в {0}",
			"Publish to...": "Опубликовать в…",
			"Publishing Branch \"{0}\".../{Locked=\"Branch\"}Do not translate \"Branch\" as it is a git term": "Публикация Branch \"{0}\"...",
			"Publishing Branch.../{Locked=\"Branch\"}Do not translate \"Branch\" as it is a git term": "Публикация Branch...",
			"Pull": "Вытягивание",
			"Pull {0} and push {1} commits between {2}/{3}": "Вытягивание ({0}) и отправка ({1}) фиксаций между {2}/{3}",
			"Pull {0} commits from {1}/{2}": "Вытягивание фиксаций ({0}) из {1}/{2}",
			"Push {0} commits to {1}/{2}": "Отправка фиксаций ({0}) в {1}/{2}",
			"Rebasing": "Перебазирование",
			"Regenerate Branch Name": "Повторно создать имя ветви",
			"Remote \"{0}\" already exists.": "Удаленный репозиторий \"{0}\" уже существует.",
			"Remote branch at {0}": "Удаленная ветвь в {0}",
			"Remote name": "Удаленное имя",
			"Remote name format invalid": "Недопустимый формат имени удаленного репозитория",
			"Remote tag at {0}": "Удаленный тег в {0}",
			"Reopen Closed Repositories": "Повторно открыть закрытые репозитории",
			"Replace Local Tag(s)": "Заменить локальные теги",
			"Restore file": "Восстановить файл",
			"Restore files": "Восстановить файлы",
			"Save All & Commit Changes": "Сохранить все и зафиксировать изменения",
			"Save All & Stash": "Сохранить все и спрятать",
			"Select a branch or tag to checkout": "Выберите ветвь или тег для извлечения",
			"Select a branch or tag to merge from": "Выберите ветвь или тег для объединения",
			"Select a branch to checkout in detached mode": "Выберите ветвь для извлечения в режиме отсоединения",
			"Select a branch to delete": "Выберите ветвь для удаления",
			"Select a branch to rebase onto": "Выберите ветвь для перемещения в нее изменений",
			"Select a ref to create the branch from": "Выберите ссылку для создания ветви",
			"Select a remote tag to delete": "Выберите удаленный тег для удаления",
			"Select a remote to delete a tag from": "Выберите удаленный объект для удаления тега из",
			"Select a remote to fetch": "Выберите удаленный репозиторий для извлечения",
			"Select a tag to delete": "Выберите тег для удаления",
			"Select as Repository Destination": "Выбрать в качестве места назначения репозитория",
			"Show Changes": "Показать изменения",
			"Show Command Output": "Показать выходные данные команды",
			"Staged Changes": "Промежуточные изменения",
			"Stash & Checkout": "Спрятать и извлечь",
			"Stash Anyway": "Все равно спрятать",
			"Stash message": "Сообщение к спрятанным изменениям",
			"Stashed Changes": "Спрятанные изменения",
			"Successfully pushed.": "Отправка выполнена успешно.",
			"Synchronize Changes": "Синхронизация изменений",
			"Synchronizing Changes...": "Синхронизация изменений...",
			"Syncing. Cancelling may cause serious damages to the repository": "Выполняется синхронизация. Отмена может привести к серьезному повреждению репозитория",
			"Tag at {0}": "Тег в {0}",
			"Tag name": "Имя тега",
			"The \"{0}\" repository has {1} submodules which won't be opened automatically. You can still open each one individually by opening a file within.": "В репозитории \"{0}\" есть подмодули ({1}), которые не будут открыты автоматически. Вы можете открыть каждый подмодуль вручную, открыв соответствующий файл.",
			"The branch \"{0}\" has no remote branch. Would you like to publish this branch?": "В ветви \"{0}\" отсутствует удаленная ветвь. Опубликовать эту ветвь?",
			"The branch \"{0}\" is not fully merged. Delete anyway?": "Ветвь \"{0}\" объединена не полностью. Все равно удалить?",
			"The changes are already present in the current branch.": "Изменения уже присутствуют в актуальном канале.",
			"The current branch is not published to the remote. Would you like to publish it to access your changes elsewhere?": "Текущая ветвь не опубликована в удаленном репозитории. Опубликовать ее для доступа к изменениям в другом расположении?",
			"The following file has unsaved changes which won't be included in the commit if you proceed: {0}.\n\nWould you like to save it before committing?": "В следующем файле есть несохраненные изменения, которые не будут включены в фиксацию, если вы захотите продолжить: {0}.\n\nВы хотите сохранить этот файл перед фиксацией?",
			"The following file has unsaved changes which won't be included in the stash if you proceed: {0}.\n\nWould you like to save it before stashing?": "В следующем файле есть несохраненные изменения, которые не будут включены в спрятанные изменения, если вы захотите продолжить: {0}.\n\nВы хотите сохранить этот файл, прежде чем спрятать?",
			"The following untracked file will be DELETED FROM DISK if discarded: {0}.": "При отмене изменений для этого неотслеживаемого файла этот файл будет удален с диска: {0}.",
			"The git repositories in the current folder are potentially unsafe as the folders are owned by someone other than the current user.": "Репозитории Git в текущей папке потенциально небезопасны, так как папки принадлежит кому-то другому, а не текущему пользователю.",
			"The git repository at \"{0}\" has too many active changes, only a subset of Git features will be enabled.": "Репозиторий Git в \"{0}\" имеет очень много активных изменений. Только часть функций Git будет доступна.",
			"The git repository in the current folder is potentially unsafe as the folder is owned by someone other than the current user.": "Репозиторий Git в текущей папке потенциально небезопасен, так как папка принадлежит кому-то другому, а не текущему пользователю.",
			"The last commit was a merge commit. Are you sure you want to undo it?": "Последняя фиксация была фиксацией слияния. Вы действительно хотите отменить ее?",
			"The new branch will be \"{0}\"": "Новая ветвь будет \"{0}\"",
			"The repository does not have any changes.": "В репозитории нет изменений.",
			"The repository does not have any commits. Please make an initial commit before creating a stash.": "Репозиторий не содержит фиксаций. Перед созданием спрятанной записи выполните начальную фиксацию.",
			"The repository does not have any staged changes.": "В репозитории нет поэтапных изменений.",
			"The repository does not have any untracked changes.": "В репозитории нет неотслеживаемых изменений.",
			"The selection range does not contain any changes.": "Выбранный диапазон не содержит изменений.",
			"There are known issues with the installed Git \"{0}\". Please update to Git >= 2.27 for the git features to work correctly.": "Имеются известные проблемы с установленным {0} Git. Обновите Git до версии 2.27 или выше, чтобы функции Git работали правильно.",
			"There are merge conflicts. Resolve them before committing.": "Обнаружены конфликты слияния. Устраните их перед фиксацией.",
			"There are no available repositories": "Доступные репозитории отсутствуют",
			"There are no changes to commit.": "Нет изменений для фиксации.",
			"There are no changes to stash.": "Отсутствуют изменения, которые необходимо спрятать.",
			"There are no staged changes to commit.\n\nWould you like to stage all your changes and commit them directly?": "Нет подготовленных изменений для фиксации.\n\nХотите подготовить все свои изменения и зафиксировать их напрямую?",
			"There are no staged changes to stash.": "Нет подготовленных изменений, чтобы спрятать их.",
			"There are no stashes in the repository.": "В репозитории отсутствуют скрытые изменения.",
			"There are {0} unsaved files.\n\nWould you like to save them before committing?": "Некоторые файлы ({0}) не сохранены.\n\nВы хотите сохранить их перед фиксацией?",
			"There are {0} unsaved files.\n\nWould you like to save them before stashing?": "Некоторые файлы ({0}) не сохранены.\n\nВы хотите сохранить их, прежде чем спрятать?",
			"There are {0} untracked files which will be DELETED FROM DISK if discarded.": "Существует {0} неотслеживаемых файлов, которые будут удалены с диска в случае отмены изменений.",
			"There were merge conflicts while applying the stash.": "Обнаружены конфликты слияния при применении скрытых изменений.",
			"There were merge conflicts while cherry picking the changes. Resolve the conflicts before committing them.": "При выборочном отборе изменений обнаружены конфликты слияния. Устраните конфликты перед их фиксацией.",
			"This action will pull and push commits from and to \"{0}/{1}\".": "Это действие получает и отправляет фиксации от и к \"{0}/{1}\".",
			"This repository has no remotes configured to fetch from.": "Для этого репозитория не настроены удаленные репозитории для забора изменений.",
			"This will DELETE {0} untracked files!\nThis is IRREVERSIBLE!\nThese files will be FOREVER LOST.": "Это приведет к УДАЛЕНИЮ неотслеживаемых файлов ({0})!\nЭта операция является НЕОБРАТИМОЙ!\nВосстановить эти файлы будет НЕВОЗМОЖНО.",
			"This will create a Git repository in \"{0}\". Are you sure you want to continue?": "Это создаст репозиторий Git в \"{0}\". Вы действительно хотите продолжить?",
			"Too many changes were detected. Only the first {0} changes will be shown below.": "Обнаружено слишком много изменений. Ниже будут отображаться только первые изменения {0}.",
			"Type Changed": "Тип изменен",
			"Unable to pull from remote repository due to conflicting tag(s): {0}. Would you like to resolve the conflict by replacing the local tag(s)?": "Не удается извлечь данные из удаленного репозитория из-за конфликтующих тегов: {0}. Устранить конфликт, заменив локальные теги?",
			"Uncommitted Changes": "Незафиксированные изменения",
			"Undo merge commit": "Отменить фиксацию слияния",
			"Untracked": "Не отслеживается",
			"Untracked Changes": "Неотслеживаемые изменения",
			"Update Git": "Обновить Git",
			"View Commit": "Просмотреть фиксацию",
			"Would you like to add \"{0}\" to .gitignore?": "Вы хотите добавить \"{0}\" в файл .GITIGNORE?",
			"Would you like to open the cloned repository, or add it to the current workspace?": "Вы хотите открыть клонированный репозиторий, или добавить его в текущую рабочую область?",
			"Would you like to open the cloned repository?": "Вы хотите открыть клонированный репозиторий?",
			"Would you like to open the initialized repository, or add it to the current workspace?": "Вы хотите открыть инициализированный репозиторий, или добавить его в текущую рабочую область?",
			"Would you like to open the initialized repository?": "Вы хотите открыть инициализированный репозиторий?",
			"Would you like {0} to [periodically run \"git fetch\"]({1})?": "Вы хотите, чтобы среда {0} [периодически выполняла команду \"git fetch\"]({1})?",
			"Yes": "Да",
			"Yes, Don't Show Again": "Да, больше не показывать",
			"You": "Вы",
			"You are about to commit your changes without verification, this skips pre-commit hooks and can be undesirable.\n\nAre you sure to continue?": "Вы собираетесь зафиксировать изменения без проверки. Перехватчики перед фиксацией будут пропущены, что может быть нежелательным.\n\nПродолжить?",
			"You are about to force push your changes, this can be destructive and could inadvertently overwrite changes made by others.\n\nAre you sure to continue?": "Вы собираетесь принудительно отправить ваши изменения. Это может привести к деструктивным изменениям и к непреднамеренной перезаписи изменений, внесенных другими пользователями.\n\nВы действительно хотите продолжить?",
			"You are trying to commit to a protected branch and you might not have permission to push your commits to the remote.\n\nHow would you like to proceed?": "Вы пытаетесь выполнить фиксацию в защищенной ветви. Возможно, у вас нет разрешения на отправку фиксаций на удаленный компьютер.\n\nКак вы хотите продолжить?",
			"You seem to have git \"{0}\" installed. Code works best with git >= 2": "У вас установлен Git \"{0}\". Код лучше всего работает с Git >= 2.",
			"Your local changes would be overwritten by checkout.": "Локальные изменения будут перезаписаны при извлечении.",
			"Your repository has no remotes configured to publish to.": "Для вашего репозитория не настроены удаленные репозитории для публикации.",
			"Your repository has no remotes configured to pull from.": "Для вашего репозитория не настроены удаленные репозитории для получения данных.",
			"Your repository has no remotes configured to push to.": "Для вашего репозитория не настроены удаленные репозитории для отправки данных.",
			"Your repository has no remotes.": "Ваш репозиторий не содержит удаленные репозитории.",
			"[main] Log level: {0}": "[основное] Уровень ведения журнала: {0}",
			"[main] Skipped found git in: \"{0}\"": "[основное] Пропущен найденный Git в: \"{0}\"",
			"[main] Using git \"{0}\" from \"{1}\"": "[основное] Используется Git \"{0}\" из \"{1}\"",
			"[main] Validating found git in: \"{0}\"": "[основное] Проверка найденного Git в: \"{0}\"",
			"branches": "ветви",
			"in {0}": "через {0}",
			"no": "нет",
			"now": "сейчас",
			"remote branches": "Удаленные ветви",
			"tags": "теги",
			"yes": "да",
			"{0}\n\nThis is IRREVERSIBLE, your current working set will be FOREVER LOST.": "{0}\n\nОтменить это действие нельзя, текущие изменения будут утеряны.",
			"{0} (Deleted)": "{0} (удалено)",
			"{0} (Index)": "{0} (индекс)",
			"{0} (Intent to add)": "{0} (намерение добавить)",
			"{0} (Ours)": "{0} (наш)",
			"{0} (Theirs)": "{0} (их)",
			"{0} (Type changed)": "{0} (тип изменен)",
			"{0} (Untracked)": "{0} (не отслеживается)",
			"{0} (Working Tree)": "{0} (Рабочее дерево)",
			"{0} ({1})": "{0} ({1})",
			"{0} ({1}) ↔ {0} ({2})": "{0} ({1}) ↔ {0} ({2})",
			"{0} Checkout detached...": "{0} Извлечение в отключенном режиме...",
			"{0} Commit": "Фиксация {0}",
			"{0} Commit & Push": "Фиксация и отправка {0}",
			"{0} Commit & Sync": "Фиксация и синхронизация {0}",
			"{0} Commit (Amend)": "Фиксация {0} (исправление)",
			"{0} Continue": "Продолжить {0}",
			"{0} Create new branch from...": "{0} Создать новую ветвь из...",
			"{0} Create new branch...": "{0} Создать новую ветвь...",
			"{0} Fetch all remotes": "{0} Получить все удаленные репозитории",
			"{0} Publish Branch/{Locked=\"Branch\"}Do not translate \"Branch\" as it is a git term": "{0} Опубликовать Branch",
			"{0} Sync Changes{1}{2}": "{0} Синхронизировать изменения{1}{2}",
			"{0} characters over {1} in current line": "На {0} симв. превышен предел {1} в текущей строке",
			"{0} day": "{0} день",
			"{0} day ago": "{0} день назад",
			"{0} days": "{0} дн.",
			"{0} days ago": "{0} дн. назад",
			"{0} hour": "{0} час",
			"{0} hour ago": "{0} час назад",
			"{0} hours": "{0} ч",
			"{0} hours ago": "{0} ч назад",
			"{0} hr": "{0} ч",
			"{0} hr ago": "{0} ч назад",
			"{0} hrs": "{0} ч",
			"{0} hrs ago": "{0} ч назад",
			"{0} min": "{0} мин",
			"{0} min ago": "{0} мин назад",
			"{0} mins": "{0} мин",
			"{0} mins ago": "{0} мин назад",
			"{0} minute": "{0} мин",
			"{0} minute ago": "{0} мин назад",
			"{0} minutes": "{0} мин",
			"{0} minutes ago": "{0} мин назад",
			"{0} mo": "{0} мес.",
			"{0} mo ago": "{0} мес. назад",
			"{0} month": "{0} месяц",
			"{0} month ago": "{0} месяц назад",
			"{0} months": "{0} мес.",
			"{0} months ago": "{0} мес. назад",
			"{0} mos": "{0} мес.",
			"{0} mos ago": "{0} мес. назад",
			"{0} sec": "{0} с",
			"{0} sec ago": "{0} с назад",
			"{0} second": "{0} с",
			"{0} second ago": "{0} секунду назад",
			"{0} seconds": "{0} с",
			"{0} seconds ago": "{0} с назад",
			"{0} secs": "{0} с",
			"{0} secs ago": "{0} с назад",
			"{0} week": "{0} неделя",
			"{0} week ago": "{0} неделю назад",
			"{0} weeks": "{0} нед.",
			"{0} weeks ago": "{0} нед. назад",
			"{0} wk": "{0} нед",
			"{0} wk ago": "{0} нед. назад",
			"{0} wks": "{0} нед.",
			"{0} wks ago": "{0} нед. назад",
			"{0} year": "{0} год",
			"{0} year ago": "{0} год назад",
			"{0} years": "{0} г./лет",
			"{0} years ago": "{0} г./лет назад",
			"{0} yr": "{0} г.",
			"{0} yr ago": "{0} г. назад",
			"{0} yrs": "{0} г./лет",
			"{0} yrs ago": "{0} г./лет назад",
			"{0} ↔ {1}": "{0} ↔ {1}"
		},
		"package": {
			"colors.added": "Цвет для добавленных ресурсов.",
			"colors.blameEditorDecoration": "Цвет для оформления blame в редакторе.",
			"colors.conflict": "Цвет ресурсов с конфликтами.",
			"colors.deleted": "Цвет удаленных ресурсов.",
			"colors.ignored": "Цвет игнорируемых ресурсов.",
			"colors.incomingAdded": "Цвет для добавленного входящего ресурса.",
			"colors.incomingDeleted": "Цвет удаленного входящего ресурса.",
			"colors.incomingModified": "Цвет для измененного входящего ресурса.",
			"colors.incomingRenamed": "Цвет для переименованного входящего ресурса.",
			"colors.modified": "Цвет измененных ресурсов.",
			"colors.renamed": "Цвет для переименованных или скопированных ресурсов.",
			"colors.stageDeleted": "Цвет для удаленных ресурсов, которые были помещены на промежуточное хранение.",
			"colors.stageModified": "Цвет для измененных ресурсов, которые были помещены на промежуточное хранение.",
			"colors.submodule": "Цвет ресурсов подмодуля.",
			"colors.untracked": "Цвет неотслеживаемых ресурсов.",
			"command.addRemote": "Добавить удаленный репозиторий...",
			"command.api.getRemoteSources": "Получить удаленные источники",
			"command.api.getRepositories": "Получить репозитории",
			"command.api.getRepositoryState": "Получить состояние репозитория",
			"command.branch": "Создать ветвь...",
			"command.branchFrom": "Создать ветвь из...",
			"command.checkout": "Извлечение в...",
			"command.checkoutDetached": "Извлечь в (отключено)...",
			"command.checkoutRef": "Оформление заказа",
			"command.checkoutRefDetached": "Извлечение (в отключенном режиме)",
			"command.cherryPick": "Выборочный отбор...",
			"command.cherryPickAbort": "Прервать выборочный отбор",
			"command.cherryPickRef": "Выборочный отбор",
			"command.clean": "Отменить изменения",
			"command.cleanAll": "Отменить все изменения",
			"command.cleanAllTracked": "Удалить все отслеживаемые изменения",
			"command.cleanAllUntracked": "Удалить все неотслеживаемые изменения",
			"command.clone": "Клонировать",
			"command.cloneRecursive": "Клонировать (рекурсивно)",
			"command.close": "Закрыть репозиторий",
			"command.closeAllDiffEditors": "Закрыть все редакторы несовпадений",
			"command.closeAllUnmodifiedEditors": "Закрыть все неизмененные редакторы",
			"command.closeOtherRepositories": "Закрыть другие репозитории",
			"command.commit": "Фиксация",
			"command.commitAll": "Зафиксировать все",
			"command.commitAllAmend": "Зафиксировать все (изменение)",
			"command.commitAllAmendNoVerify": "Зафиксировать все (исправить, без проверки)",
			"command.commitAllNoVerify": "Зафиксировать все (без проверки)",
			"command.commitAllSigned": "Зафиксировать все (завершено)",
			"command.commitAllSignedNoVerify": "Зафиксировать все (завершено, без проверки)",
			"command.commitAmend": "Фиксация (исправление)",
			"command.commitAmendNoVerify": "Фиксация (исправить, без проверки)",
			"command.commitEmpty": "Отправить пустую фиксацию",
			"command.commitEmptyNoVerify": "Зафиксировать пустые (без проверки)",
			"command.commitMessageAccept": "Принять сообщение о фиксации",
			"command.commitMessageDiscard": "Отменить сообщение о фиксации",
			"command.commitNoVerify": "Зафиксировать (без проверки)",
			"command.commitSigned": "Фиксация (завершено)",
			"command.commitSignedNoVerify": "Фиксация (завершено, без проверки)",
			"command.commitStaged": "Зафиксировать промежуточно сохраненные изменения",
			"command.commitStagedAmend": "Зафиксировать промежуточные (изменение)",
			"command.commitStagedAmendNoVerify": "Зафиксировать промежуточные (исправить, без проверки)",
			"command.commitStagedNoVerify": "Зафиксировать промежуточные (без проверки)",
			"command.commitStagedSigned": "Зафиксировать промежуточные элементы (завершено)",
			"command.commitStagedSignedNoVerify": "Зафиксировать промежуточные (завершено, без проверки)",
			"command.continueInLocalClone": "Клонировать репозиторий локально и открыть на рабочем столе…",
			"command.continueInLocalClone.qualifiedName": "Продолжить работу в новом локальном клоне",
			"command.createTag": "Создать тег...",
			"command.deleteBranch": "Удалить ветвь...",
			"command.deleteRemoteTag": "Удалить удаленный тег...",
			"command.deleteTag": "Удаление тега...",
			"command.fetch": "Принесение",
			"command.fetchAll": "Забрать из всех удаленных репозиториев",
			"command.fetchPrune": "Получение (с обрезкой)",
			"command.git.acceptMerge": "Завершить слияние",
			"command.git.openMergeEditor": "Разрешить в редакторе слияния",
			"command.git.runGitMerge": "Конфликты вычислений с Git",
			"command.git.runGitMergeDiff3": "Конфликты вычислений с Git (Diff3)",
			"command.ignore": "Добавить в GITIGNORE",
			"command.init": "Инициализировать репозиторий",
			"command.manageUnsafeRepositories": "Управление небезопасными репозиториями",
			"command.merge": "Объединить...",
			"command.mergeAbort": "Прервать слияние",
			"command.openAllChanges": "Открыть все изменения",
			"command.openChange": "Открыть изменения",
			"command.openFile": "Открыть файл",
			"command.openHEADFile": "Открыть файл (HEAD)",
			"command.openRepositoriesInParentFolders": "Открывать репозитории в родительских папках",
			"command.openRepository": "Открыть репозиторий",
			"command.publish": "Опубликовать ветвь...",
			"command.pull": "Вытягивание",
			"command.pullFrom": "Получить из...",
			"command.pullRebase": "Получить (переместить изменения из одной ветви в другую)",
			"command.push": "Отправка",
			"command.pushFollowTags": "Отправить (подписаться на теги)",
			"command.pushFollowTagsForce": "Отправить (подписаться на теги, принудительно)",
			"command.pushForce": "Отправить (принудительно)",
			"command.pushTags": "Отправить теги",
			"command.pushTo": "Отправить в:",
			"command.pushToForce": "Отправить в... (принудительно)",
			"command.rebase": "Перемещение изменений из одной ветви в другую…",
			"command.rebaseAbort": "Прервать перемещение изменений из одной ветви в другую",
			"command.refresh": "Обновить",
			"command.removeRemote": "Удалить удаленный репозиторий",
			"command.rename": "Переименование",
			"command.renameBranch": "Переименовать ветвь...",
			"command.reopenClosedRepositories": "Повторно открыть закрытые репозитории…",
			"command.restoreCommitTemplate": "Восстановить шаблон коммита",
			"command.revealFileInOS.linux": "Открыть содержащую папку",
			"command.revealFileInOS.mac": "Отобразить в Finder",
			"command.revealFileInOS.windows": "Показать в проводнике",
			"command.revealInExplorer": "Показать в панели проводника",
			"command.revertChange": "Обратить изменение",
			"command.revertSelectedRanges": "Обратить выбранные диапазоны",
			"command.showOutput": "Показать выходные данные GIT",
			"command.stage": "Индексировать изменения",
			"command.stageAll": "Хранить все промежуточные изменения",
			"command.stageAllMerge": "Хранить все изменения слияния",
			"command.stageAllTracked": "Подготовить все отслеживаемые изменения",
			"command.stageAllUntracked": "Подготовить все неотслеживаемые изменения",
			"command.stageBlock": "Блок этапа",
			"command.stageChange": "Изменение стадии",
			"command.stageSelectedRanges": "Индексировать выбранные диапазоны",
			"command.stageSelection": "Выбор этапа",
			"command.stash": "Спрятать",
			"command.stashApply": "Применить спрятанное...",
			"command.stashApplyEditor": "Применить спрятанное",
			"command.stashApplyLatest": "Применить последнее спрятанное",
			"command.stashDrop": "Удалить спрятанные данные...",
			"command.stashDropAll": "Удалить все спрятанные записи...",
			"command.stashDropEditor": "Удаление спрятанных изменений",
			"command.stashIncludeUntracked": "Спрятать (включить неотслеживаемые)",
			"command.stashPop": "Извлечь спрятанное",
			"command.stashPopEditor": "Извлечь спрятанное",
			"command.stashPopLatest": "Извлечь последнее спрятанное",
			"command.stashStaged": "Прятать (промежуточные)",
			"command.stashView": "Просмотр спрятанных элементов",
			"command.sync": "Синхронизация",
			"command.syncRebase": "Синхронизация (с перебазированием)",
			"command.timelineCompareWithSelected": "Сравнить с выбранным",
			"command.timelineCopyCommitId": "Копировать идентификатор фиксации",
			"command.timelineCopyCommitMessage": "Копировать сообщение фиксации",
			"command.timelineOpenDiff": "Открыть изменения",
			"command.timelineSelectForCompare": "Выбрать для сравнения",
			"command.undoCommit": "Отменить последнюю фиксацию",
			"command.unstage": "Отменить промежуточное изменение",
			"command.unstageAll": "Отменить все промежуточные изменения",
			"command.unstageSelectedRanges": "Отменить индексацию выбранных диапазонов",
			"command.viewAllChanges": "Просмотр всех изменений",
			"command.viewChanges": "Просмотреть изменения",
			"command.viewCommit": "Просмотреть фиксацию",
			"command.viewStagedChanges": "Просмотреть подготовленные изменения",
			"command.viewUntrackedChanges": "Просмотр неотслеживаемых изменений",
			"config.allowForcePush": "Определяет, будет ли применяться принудительная отправка (с арендой или без).",
			"config.allowNoVerifyCommit": "Определяет, разрешены ли фиксации без выполнения обработчиков, запускаемых перед фиксацией, и обработчиков сообщений фиксации.",
			"config.alwaysShowStagedChangesResourceGroup": "Всегда показывать группу ресурсов \"Изменения в индексе\".",
			"config.alwaysSignOff": "Управляет флагом одобрения (signoff) для всех создаваемых коммитов.",
			"config.autoRepositoryDetection": "Определяет, как автоматически обнаруживать репозитории.",
			"config.autoRepositoryDetection.false": "Отключить автоматический поиск репозиториев.",
			"config.autoRepositoryDetection.openEditors": "Сканировать родительские папки открытых файлов.",
			"config.autoRepositoryDetection.subFolders": "Сканировать подпапки для текущей открытой папки.",
			"config.autoRepositoryDetection.true": "Сканировать подпапки для текущей открытой папки и родительские папки открытых файлов.",
			"config.autoStash": "Прятать все изменения перед вытягиванием и восстанавливать их после успешного вытягивания.",
			"config.autofetch": "Если задано значение true, фиксации будут автоматически извлекаться из удаленного репозитория по умолчанию для текущего репозитория Git. Если задано значение all, фиксации будут извлекаться из всех удаленных репозиториев.",
			"config.autofetchPeriod": "Длительность в секундах между автоматическими извлечениями из git, если включен параметр \"#git.autofetch#\".",
			"config.autorefresh": "Включено ли автоматическое обновление.",
			"config.blameEditorDecoration.enabled": "Управляет отображением сведений об авторстве в редакторе с использованием декораций редактора.",
			"config.blameEditorDecoration.template": "Шаблон для главного редактора информации. Поддерживаемые переменные:\r\n\r\n* \"hash\": фиксация hash\r\n\r\n* \"hashShort\": первые 8 символов для фиксации\r\n\r\n* \"subject\": первая строка сообщения фиксации\r\n\r\n* \"authorName\": имя автора\r\n\r\n* \"authorEmail\": автор сообщения электронной почты\r\n\r\n* \"authorDate\": дата автора\r\n\r\n* \"authorDateAgo\": разница во времени между сейчас и датой автора\r\n\r\n",
			"config.blameStatusBarItem.enabled": "Управляет отображением информации blame в строке состояния.",
			"config.blameStatusBarItem.template": "Шаблон для элемента панели состояния сведений о состоянии. Поддерживаемые переменные:\r\n\r\n* \"hash\": фиксация hash\r\n\r\n* \"hashShort\": первые 8 символов для фиксации\r\n\r\n* \"subject\": первая строка сообщения фиксации\r\n\r\n* \"authorName\": имя автора\r\n\r\n* \"authorEmail\": автор сообщения электронной почты\r\n\r\n* \"authorDate\": дата автора\r\n\r\n* \"authorDateAgo\": разница во времени между сейчас и датой автора\r\n\r\n",
			"config.branchPrefix": "Префикс, используемый при создании новой ветви.",
			"config.branchProtection": "Список защищенных ветвей. По умолчанию перед фиксацией изменений в защищенной ветви отображается запрос. Запросом можно управлять с помощью параметра `#git.branchProtectionPrompt#`.",
			"config.branchProtectionPrompt": "Управляет отображением подсказки перед фиксацией изменений в защищенной ветви.",
			"config.branchProtectionPrompt.alwaysCommit": "Всегда фиксировать изменения в защищенной ветви.",
			"config.branchProtectionPrompt.alwaysCommitToNewBranch": "Всегда фиксировать изменения в новой ветви.",
			"config.branchProtectionPrompt.alwaysPrompt": "Всегда запрашивать перед фиксацией изменений в защищенной ветви.",
			"config.branchRandomNameDictionary": "Список словарей, используемых для случайно сгенерированного названия ветки. Каждое значение представляет словарь, используемый для создания сегмента имени ветки. Поддерживаемые словари: \"прилагательные\", \"животные\", \"цвета\" и \"числа\".",
			"config.branchRandomNameDictionary.adjectives": "Случайное прилагательное",
			"config.branchRandomNameDictionary.animals": "Случайное имя животного",
			"config.branchRandomNameDictionary.colors": "Случайное имя цвета",
			"config.branchRandomNameDictionary.numbers": "Случайное число от 100 до 999",
			"config.branchRandomNameEnable": "Определяет, создается ли случайное имя при создании новой ветви.",
			"config.branchSortOrder": "Управляет порядком сортировки ветвей.",
			"config.branchValidationRegex": "Регулярное выражение для проверки новых имен ветвей.",
			"config.branchWhitespaceChar": "Символ для замены пробелов в новых именах ветвей и для разделения сегментов случайно созданного имени ветви.",
			"config.checkoutType": "Определяет, какие типы ссылок на Git отображаются в списке при выполнении команды \"Извлечь в...\".",
			"config.checkoutType.local": "Локальные ветви",
			"config.checkoutType.remote": "Удаленные ветви",
			"config.checkoutType.tags": "Теги",
			"config.closeDiffOnOperation": "Определяет, следует ли автоматически закрывать редактор несовпадений, когда изменения скрыты, зафиксированы, удалены, являются подготовленными или неподготовленными.",
			"config.commandsToLog": "Список команд Git (например, commit, push), для которых `stdout` записывается в [выходные данные Git](command:git.showOutput). Если для команды Git настроен обработчик на стороне клиента, то `stdout` обработчика на стороне клиента также будет записан в [выходные данные Git](command:git.showOutput).",
			"config.confirmEmptyCommits": "Всегда подтверждайте создание пустых фиксаций для команды \"Git: Пустая фиксация\".",
			"config.confirmForcePush": "Определяет, следует ли спрашивать подтверждение перед принудительной отправкой.",
			"config.confirmNoVerifyCommit": "Определяет, следует ли запрашивать подтверждение перед фиксацией без проверки.",
			"config.confirmSync": "Подтвердите синхронизацию репозиториев Git.",
			"config.countBadge": "Определяет индикатор событий Git.",
			"config.countBadge.all": "Учитывать все изменения.",
			"config.countBadge.off": "Отключить счетчик.",
			"config.countBadge.tracked": "Учитывать только отслеживаемые изменения.",
			"config.decorations.enabled": "Управляет тем, используются ли цвета и эмблемы Git в Проводнике и в представлении открытых редакторов.",
			"config.defaultBranchName": "Имя ветви по умолчанию (например, главная, канал связи, разработка) при инициализации нового репозитория Git. Если задано пустое значение, будет использоваться имя ветви по умолчанию, настроенное в Git. **Примечание.** Требуется Git версии 2.28.0 или более поздней версии.",
			"config.defaultCloneDirectory": "Расположение по умолчанию, в которое будет клонирован репозиторий Git.",
			"config.detectSubmodules": "Определяет, следует ли автоматически определять подмодули Git.",
			"config.detectSubmodulesLimit": "Управляет ограничением на количество обнаруженных подмодулей Git.",
			"config.discardAllScope": "Определяет, какие изменения отменяются с помощью команды `Отменить все изменения`. При значении `all` отменяются все изменения, при значении `tracked` отменяются изменения только в отслеживаемых файлах, при значении `prompt` выдается запрос подтверждения каждый раз при выполнении действия.",
			"config.enableCommitSigning": "Включает подписывание фиксации с помощью GPG, X.509 или SSH.",
			"config.enableSmartCommit": "Делать коммит из всех изменений, когда нет изменений в индексе.",
			"config.enableStatusBarSync": "Определяет, отображается ли команда синхронизации Git в строке состояния.",
			"config.enabled": "Определяет, включен ли Git.",
			"config.experimental.installGuide": "Экспериментальные улучшения для потока настройки Git.",
			"config.fetchOnPull": "Если параметр включен, то при вытягивании получаются все ветви. В противном случае получается только текущая ветвь.",
			"config.followTagsWhenSync": "Отправить все аннотированные метки при выполнении команды синхронизации.",
			"config.ignoreLegacyWarning": "Игнорирует предупреждение об устаревшей версии Git.",
			"config.ignoreLimitWarning": "Игнорирует предупреждение о том, что в репозитории слишком много изменений.",
			"config.ignoreMissingGitWarning": "Игнорирует предупреждение об отсутствии Git.",
			"config.ignoreRebaseWarning": "Пропускает предупреждение, если изменения ветви могли быть перемещены в другую ветвь при получении.",
			"config.ignoreSubmodules": "Игнорировать изменения подмодулей в дереве файлов.",
			"config.ignoreWindowsGit27Warning": "Игнорирует предупреждение, если в Windows установлен Git версий 2.25–2.26.",
			"config.ignoredRepositories": "Список репозиториев Git, которые будут проигнорированы.",
			"config.inputValidation": "Управляет тем, следует ли отображать диагностику проверки ввода для сообщений фиксации.",
			"config.inputValidationLength": "Определяет максимальную длину сообщения коммита, при превышении которой будет выдано предупреждение.",
			"config.inputValidationSubjectLength": "Управляет максимальной допустимой длиной темы сообщения фиксации, при превышении которой будет выдано предупреждение. Удалите это значение, чтобы использовалось значение параметра \"#git.inputValidationLength#\".",
			"config.mergeEditor": "Откройте редактор объединения для файлов, которые сейчас конфликтуют.",
			"config.openAfterClone": "Определяет, следует ли автоматически открывать репозиторий после клонирования.",
			"config.openAfterClone.always": "Всегда открывать в текущем окне.",
			"config.openAfterClone.alwaysNewWindow": "Всегда открывать в новом окне.",
			"config.openAfterClone.prompt": "Всегда запрашивать действие.",
			"config.openAfterClone.whenNoFolderOpen": "Открывать в текущем окне только при отсутствии открытых папок.",
			"config.openDiffOnClick": "Управляет тем, следует ли открыть редактор несовпадений при щелчке по изменению. Если этот параметр не установлен, будет открыт обычный редактор.",
			"config.openRepositoryInParentFolders": "Определяет, где следует открывать репозиторий: в родительских папках рабочих областей или открытых файлов.",
			"config.openRepositoryInParentFolders.always": "Всегда открывать репозиторий в родительских папках рабочих областей или открытых файлов.",
			"config.openRepositoryInParentFolders.never": "Никогда не открывать репозиторий в родительских папках рабочих областей или открытых файлов.",
			"config.openRepositoryInParentFolders.prompt": "Запрашивать перед открытием репозитория в родительских папках рабочих областей или открытых файлов.",
			"config.optimisticUpdate": "Управляет тем, следует ли оптимистично обновлять состояние представления \"Исходный элемент управления\" после запуска команд GIT.",
			"config.path": "Путь и имя исполняемого файла Git, например, \"C:\\Program Files\\Git\\bin\\git.exe\" (Windows). Это также может быть массив строковых значений, содержащий несколько путей для поиска.",
			"config.postCommitCommand": "Запускает команду git после успешной фиксации.",
			"config.postCommitCommand.none": "Не выполнять никаких команд после успешной фиксации.",
			"config.postCommitCommand.push": "Выполнить \"Git Push\" после успешной фиксации.",
			"config.postCommitCommand.sync": "Выполнить \"Git Pull\" и \"Git Push\" после успешной фиксации.",
			"config.promptToSaveFilesBeforeCommit": "Определяет, должен ли Git проверять несохраненные файлы перед фиксацией.",
			"config.promptToSaveFilesBeforeCommit.always": "Проверить наличие несохраненных файлов.",
			"config.promptToSaveFilesBeforeCommit.never": "Отключение этой проверки.",
			"config.promptToSaveFilesBeforeCommit.staged": "Проверять только наличие несохраненных промежуточных файлов.",
			"config.promptToSaveFilesBeforeStash": "Определяет, должен ли GIT проверять несохраненные файлы прежде чем прятать изменения.",
			"config.promptToSaveFilesBeforeStash.always": "Проверить наличие несохраненных файлов.",
			"config.promptToSaveFilesBeforeStash.never": "Отключите эту проверку.",
			"config.promptToSaveFilesBeforeStash.staged": "Проверять только наличие несохраненных промежуточных файлов.",
			"config.pruneOnFetch": "Урезать при извлечении.",
			"config.publishBeforeContinueOn": "Определяет, следует ли публиковать неопубликованное состояние Git при использовании функции продолжения работы из репозитория Git.",
			"config.publishBeforeContinueOn.always": "Всегда публиковать неопубликованное состояние Git при использовании функции продолжения работы из репозитория Git",
			"config.publishBeforeContinueOn.never": "Никогда не публиковать неопубликованное состояние Git при использовании функции продолжения работы из репозитория Git",
			"config.publishBeforeContinueOn.prompt": "Запрашивать публикацию неопубликованного состояния Git при использовании функции продолжения работы из репозитория Git",
			"config.pullBeforeCheckout": "Определяет, будет ли ветвь без исходящих фиксаций перемотана вперед перед извлечением.",
			"config.pullTags": "Получить все теги при извлечении.",
			"config.rebaseWhenSync": "Принудительно использовать перемещение изменений из одной ветви в другую вместо слияния при запуске команды sync в Git.",
			"config.rememberPostCommitCommand": "Запомнить последнюю команду Git, которая выполнялась после фиксации.",
			"config.replaceTagsWhenPull": "Автоматически заменять локальные теги удаленными тегами в случае конфликта при выполнении команды pull.",
			"config.repositoryScanIgnoredFolders": "Список папок, которые игнорируются при сканировании репозиториев Git, когда для параметра \"#git.autoRepositoryDetection#\" задано значение \"true\" или \"subFolders\".",
			"config.repositoryScanMaxDepth": "Определяет глубину, используемую при сканировании папок рабочей области для репозиториев Git, если для #git.autoRepositoryDetection# задано значение true или subFolders. Можно задать значение \"-1\" для снятия ограничений.",
			"config.requireGitUserConfig": "Позволяет определить, требовать ли явной настройки пользователя Git или разрешить Git использовать предположения, если пользователь не указан.",
			"config.scanRepositories": "Список путей для поиска репозиториев Git.",
			"config.showActionButton": "Определяет, отображается ли кнопка действия в представлении системы управления версиями.",
			"config.showActionButton.commit": "Показывать кнопку действия для фиксации изменений, когда локальной ветви есть готовые к фиксации измененные файлы.",
			"config.showActionButton.publish": "Показывать кнопку действия для публикации локальной ветви, если у нее нет удаленной ветви отслеживания.",
			"config.showActionButton.sync": "Показывать кнопку действия для синхронизации изменений, когда локализованная ветвь находится за удаленной ветвью или перед ней.",
			"config.showCommitInput": "Определяет, отображаются ли входные данные фиксации на панели управления исходным кодом Git.",
			"config.showInlineOpenFileAction": "Определяет, должно ли отображаться интерактивное действие \"Открыть файл\" в представлении \"Изменения Git\".",
			"config.showProgress": "Определяет, следует ли отображать ход выполнения для действий Git.",
			"config.showPushSuccessNotification": "Определяет, следует ли отображать уведомление об успешной отправке.",
			"config.similarityThreshold": "Определяет пороговое значение индекса сходства (т. е. число операций добавления и удаления по отношению к размеру файла), при котором изменения пары добавленных или удаленных файлов будет считаться переименованием. **Примечание.** Требуется Git версии 2.18.0 или более поздней.",
			"config.smartCommitChanges": "Определяет, какие изменения автоматически размещаются при интеллектуальной фиксации.",
			"config.smartCommitChanges.all": "Автоматически размещать все изменения.",
			"config.smartCommitChanges.tracked": "Только автоматически размещенные отслеживаемые изменения.",
			"config.statusLimit": "Определяет, как ограничить число изменений, которые можно проанализировать из команды состояния Git. Можно задать значение 0 без ограничений.",
			"config.suggestSmartCommit": "Предлагает включить интеллектуальную фиксацию (отправка всех изменений даже при отсутствии промежуточных изменений).",
			"config.supportCancellation": "Определяет, выдается ли уведомление при запуске действия синхронизации. Это уведомление позволяет пользователю отменить операцию.",
			"config.terminalAuthentication": "Определяет, следует ли включить VS Code в качестве обработчика проверки подлинности для процессов Git, порожденных во встроенном терминале. Примечание. Для изменения этого параметра необходимо перезапустить терминалы.",
			"config.terminalGitEditor": "Определяет, следует ли включить VS Code в качестве редактора GIT для процессов GIT, порожденных во встроенном терминале. Примечание. Для получения изменения в этом параметре необходимо перезапустить терминалы.",
			"config.timeline.date": "Определяет, какую дату использовать для элементов в представлении временной шкалы.",
			"config.timeline.date.authored": "Использовать дату создания",
			"config.timeline.date.committed": "Использовать дату фиксации",
			"config.timeline.showAuthor": "Определяет, показывать ли автора фиксации в представлении временной шкалы.",
			"config.timeline.showUncommitted": "Определяет, показывать ли незафиксированные изменения в представлении временной шкалы.",
			"config.untrackedChanges": "Определяет поведение неотслеживаемых изменений.",
			"config.untrackedChanges.hidden": "Неотслеживаемые изменения скрываются и исключаются из нескольких действий.",
			"config.untrackedChanges.mixed": "Все изменения — отслеживаемые и неотслеживаемые — отображаются вместе и работают одинаково.",
			"config.untrackedChanges.separate": "Неотслеживаемые изменения отображаются отдельно от представления исходного кода. Они также исключаются из нескольких действий.",
			"config.useCommitInputAsStashMessage": "Определяет, следует ли использовать сообщение из поля входных данных фиксации в качестве сообщения о спрятанных изменениях по умолчанию.",
			"config.useEditorAsCommitInput": "Управляет тем, будет ли использоваться полнотекстовый редактор для создания сообщений фиксации, если в поле ввода фиксации не указано сообщение.",
			"config.useForcePushIfIncludes": "Определяет, будет ли при принудительной отправке использоваться более безопасный вариант принудительного включения. Заметка. Для этого параметра требуется включение параметра #git.useForcePushWithLease#, а также Git версии 2.30.0 или более поздней.",
			"config.useForcePushWithLease": "Определяет, используется ли более безопасный вариант принудительной отправки с арендой.",
			"config.useIntegratedAskPass": "Определяет, следует ли перезаписать GIT_ASKPASS для использования интегрированной версии.",
			"config.verboseCommit": "Включить подробные выходные данные, если включен `#git.useEditorAsCommitInput#`.",
			"description": "Интеграция системы контроля версий Git",
			"displayName": "Git",
			"submenu.branch": "Ветвь",
			"submenu.changes": "Изменения",
			"submenu.commit": "Зафиксировать",
			"submenu.commit.amend": "Исправить",
			"submenu.commit.signoff": "Выйти",
			"submenu.explorer": "Git",
			"submenu.pullpush": "Вытягивание, отправка",
			"submenu.remotes": "Удаленный",
			"submenu.stash": "Спрятать",
			"submenu.tags": "Теги",
			"view.workbench.cloneRepository": "Репозиторий можно клонировать локально.\r\n[Клонировать репозиторий](command:git.clone 'Клонировать репозиторий после активации расширения Git')",
			"view.workbench.learnMore": "Дополнительные сведения об использовании Git и системы управления версиями в VS Code [прочитайте нашу документацию](https://aka.ms/vscode-scm).",
			"view.workbench.scm.closedRepositories": "Найдены репозитории Git, которые ранее были закрыты.\r\n[Снова откройте закрытые репозитории](command:git.reopenClosedRepositories)\r\nДополнительные сведения об использовании Git и системы управления версиями в VS Code [прочитайте нашу документацию](https://aka.ms/vscode-scm).",
			"view.workbench.scm.closedRepository": "Найден репозиторий Git, который ранее был закрыт.\r\n[Снова откройте закрытый репозиторий](command:git.reopenClosedRepositories)\r\nДополнительные сведения об использовании Git и системы управления версиями в VS Code [прочитайте нашу документацию](https://aka.ms/vscode-scm).",
			"view.workbench.scm.disabled": "Чтобы использовать функции Git, включите Git в [параметрах](command:workbench.action.openSettings?%5B%22git.enabled%22%5D).\r\nДополнительные сведения об использовании Git и системы управления версиями в VS Code [прочитайте нашу документацию](https://aka.ms/vscode-scm).",
			"view.workbench.scm.empty": "Чтобы использовать функции Git, можно открыть папку, содержащую репозиторий Git, или клонировать ее по URL-адресу.\r\n[Открыть папку](command:vscode.openFolder)\r\n[Клонировать репозиторий](command:git.clone)\r\nДополнительные сведения об использовании Git и системы управления версиями в VS Code [прочитайте нашу документацию](https://aka.ms/vscode-scm).",
			"view.workbench.scm.emptyWorkspace": "В открытой рабочей области нет папок, содержащих репозитории Git.\r\n[Добавить папку в рабочую область](command:workbench.action.addRootFolder)\r\nДополнительные сведения об использовании Git и системы управления версиями в VS Code [прочитайте нашу документацию](https://aka.ms/vscode-scm).",
			"view.workbench.scm.folder": "В открытой папке нет репозитория Git. Вы можете инициализировать репозиторий, что позволит получить доступ к возможностям системы управления версиями на платформе Git.\r\n[Инициализировать репозиторий](command:git.init?%5Btrue%5D)\r\nДополнительные сведения об использовании Git и системы управления версиями в VS Code [прочитайте нашу документацию](https://aka.ms/vscode-scm).",
			"view.workbench.scm.missing": "Установите Git, популярную систему управления версиями, чтобы отслеживать изменения кода и совместно работать с другими пользователями. Дополнительные сведения см. в [Git guides](https://aka.ms/vscode-scm).",
			"view.workbench.scm.missing.linux": "Системе управления версиями требуется установка Git.\r\n[Скачать Git для Linux](https://git-scm.com/download/linux)\r\nПосле установки выполните [перезагрузку](command:workbench.action.reloadWindow) (или [устранение неполадок](command:git.showOutput)). Возможна установка дополнительных поставщиков управления версиями [из Marketplace](command:workbench.extensions.search?%22%40category%3A%5C%22scm%20providers%5C%22%22).",
			"view.workbench.scm.missing.mac": "[Download Git for macOS](https://git-scm.com/download/mac)\r\nПосле установки выполните [reload](command:workbench.action.reloadWindow) (или [troubleshoot](command:git.showOutput)). Можно установить дополнительных поставщиков системы управления версиями [from the Marketplace](command:workbench.extensions.search?%22%40category%3A%5C%22scm%20providers%5C%22%22).",
			"view.workbench.scm.missing.windows": "[Download Git for Windows](https://git-scm.com/download/win)\r\nПосле установки выполните [reload](command:workbench.action.reloadWindow) (или [troubleshoot](command:git.showOutput)). Можно установить дополнительных поставщиков системы управления версиями [from the Marketplace](command:workbench.extensions.search?%22%40category%3A%5C%22scm%20providers%5C%22%22).",
			"view.workbench.scm.repositoriesInParentFolders": "Обнаружены репозитории Git в родительских папках рабочей области или открытых файлов.\r\n[Открыть репозиторий](command:git.openRepositoriesInParentFolders)\r\nИспользуйте параметр [git.openRepositoryInParentFolders](command:workbench.action.openSettings?%5B%22git.openRepositoryInParentFolders%22%5D), для управления тем, где открываются репозитории Git: в родительских папках рабочей области или открытых файлов. Дополнительные сведения [см. в документации](https://aka.ms/vscode-git-repository-in-parent-folders).",
			"view.workbench.scm.repositoryInParentFolders": "Обнаружен репозиторий Git в родительских папках рабочей области или открытых файлов.\r\n[Открыть репозиторий](command:git.openRepositoriesInParentFolders)\r\nИспользуйте параметр [git.openRepositoryInParentFolders](command:workbench.action.openSettings?%5B%22git.openRepositoryInParentFolders%22%5D) для управления тем, где открываются репозитории Git: в родительских папках рабочих областей или открытых файлов. Дополнительные сведения [см. в документации](https://aka.ms/vscode-git-repository-in-parent-folders).",
			"view.workbench.scm.scanFolderForRepositories": "Сканирование папки на наличие репозиториев Git...",
			"view.workbench.scm.scanWorkspaceForRepositories": "Сканирование рабочей области на наличие репозиториев Git...",
			"view.workbench.scm.unsafeRepositories": "Обнаруженные репозитории Git потенциально небезопасны, так как папки принадлежат кому-то другому, а не текущему пользователю.\r\n[Управление небезопасными репозиториями](command:git.manageUnsafeRepositories)\r\nЧтобы узнать больше о небезопасных репозиториях, [прочитайте нашу документацию](https://aka.ms/vscode-git-unsafe-repository).",
			"view.workbench.scm.unsafeRepository": "Обнаруженный репозиторий Git потенциально небезопасен, так как папка принадлежит кому-то другому, а не текущему пользователю.\r\n[Управление небезопасными репозиториями](command:git.manageUnsafeRepositories)\r\nЧтобы узнать больше о небезопасных репозиториях, [прочитайте нашу документацию](https://aka.ms/vscode-git-unsafe-repository).",
			"view.workbench.scm.workspace": "В открытой рабочей области нет папок, содержащих репозитории Git. Вы можете инициализировать репозиторий в папке, что позволит получить доступ к возможностям системы управления версиями на платформе Git.\r\n[Инициализировать репозиторий](command:git.init)\r\nДополнительные сведения об использовании Git и системы управления версиями в VS Code [прочитайте нашу документацию](https://aka.ms/vscode-scm)."
		}
	}
}