{
	"": [
		"--------------------------------------------------------------------------------------------",
		"Copyright (c) Microsoft Corporation. All rights reserved.",
		"Licensed under the MIT License. See License.txt in the project root for license information.",
		"--------------------------------------------------------------------------------------------",
		"Do not edit this file. It is machine generated."
	],
	"version": "1.0.0",
	"contents": {
		"bundle": {
			"(loading...)/Prefix displayed for hover entries while the server is still loading": "(yükleniyor...)",
			"...1 additional file not shown": "...1 ek dosya gösterilmedi",
			"...{0} additional files not shown": "...{0} ek dosya gösterilmedi",
			"1 implementation": "1 uygulama",
			"1 reference": "1 başvuru",
			"Acquiring typings definitions for IntelliSense./Typings refers to the *.d.ts typings files that power our IntelliSense. It should not be localized": "IntelliSense için tuşlama tanımları alınıyor.",
			"Acquiring typings.../Typings refers to the *.d.ts typings files that power our IntelliSense. It should not be localized": "Typings alınıyor...",
			"Add all missing imports": "Tüm eksik içeri aktarmaları ekleyin",
			"Allow": "İzin Ver",
			"Always": "Her zaman",
			"An error occurred while renaming file": "Dosya yeniden adlandırılırken bir hata oluştu",
			"Analyzing '{0}' and its dependencies": "'{0}' ve bağımlılıkları analiz ediliyor",
			"Checking for update of JS/TS imports": "JS/TS içeri aktarmalarının güncelleştirmesi denetleniyor",
			"Configure Excludes": "Dışlamaları Yapılandır",
			"Configure jsconfig": "jsconfig dosyasını yapılandır",
			"Configure jsconfig.json": "jsconfig.json dosyasını yapılandır",
			"Configure tsconfig": "tsconfig dosyasını yapılandır",
			"Configure tsconfig.json": "tsconfig.json dosyasını yapılandır",
			"Could not apply refactoring": "Yeniden düzenleme uygulanamadı",
			"Could not detect a Node installation to run TS Server.": "Could not detect a Node installation to run TS Server.",
			"Could not determine TypeScript or JavaScript project": "TypeScript veya JavaScript projesi belirlenemedi",
			"Could not determine TypeScript or JavaScript project. Unsupported file type": "TypeScript veya JavaScript projesi belirlenemedi. Dosya türü desteklenmiyor",
			"Could not determine references": "Başvurular belirlenemedi",
			"Could not install typings files for JavaScript language features. Please ensure that NPM is installed, or configure 'typescript.npm' in your user settings. Alternatively, check the [documentation]({0}) to learn more.": "JavaScript dil özellikleri için typings dosyaları yüklenemedi. Lütfen NPM'nin yüklü olduğundan emin olun veya kullanıcı ayarlarınızda 'typescript.npm' dosyasını yapılandırın. Alternatif olarak, daha fazla bilgi edinmek için [belgelere]({0}) bakın.",
			"Could not load the TypeScript version at this path": "Bu yolda TypeScript sürümü yüklenemedi",
			"Could not open TS Server log file": "TS Sunucusu günlük dosyası açılamadı",
			"Disable logging": "Günlüğe kaydetmeyi devre dışı bırak",
			"Disables semantic checking in a JavaScript file. Must be at the top of a file.": "Bir JavaScript dosyasının anlamsal kontrolünü devre dışı bırakır. Bir dosyanın en üstünde olmalıdır.",
			"Dismiss": "Kapat",
			"Don't Show Again": "Bir Daha Gösterme",
			"Don't show again": "Bir daha gösterme",
			"Enable logging and restart TS server": "Günlüğe kaydetmeyi etkinleştir ve TS sunucusunu yeniden başlat",
			"Enables semantic checking in a JavaScript file. Must be at the top of a file.": "Bir JavaScript dosyasının anlamsal kontrolünü etkinleştirir. Bir dosyanın en üstünde olmalıdır.",
			"Enter file path": "Dosya yolunu girin",
			"Enter new file path...": "Yeni dosya yolu girin...",
			"Extract to constant": "Sabite ayıkla",
			"Extract to function": "İşleve ayıkla",
			"Failed to resolve {0} as module": "{0} modül olarak çözümlenemedi",
			"Fetching data for better TypeScript IntelliSense": "Daha iyi TypeScript IntelliSense için veriler getiriliyor",
			"File is not part of a JavaScript project. View the [jsconfig.json documentation]({0}) to learn more.": "Dosya bir JavaScript projesinin parçası değil. Daha fazla bilgi edinmek için [jsconfig.json belgelerini]({0}) görüntüleyin.",
			"File is not part of a TypeScript project. View the [tsconfig.json documentation]({0}) to learn more.": "Dosya bir TypeScript projesinin parçası değil. Daha fazla bilgi edinmek için [tsconfig.json belgelerini]({0}) görüntüleyin.",
			"File is not part opened folders": "Dosya, tam açılmamış klasör değil",
			"Find file references failed. No resource provided.": "Dosya başvuruları bulunamadı. Kaynak sağlanmadı.",
			"Find file references failed. Requires TypeScript 4.2+.": "Dosya başvuruları bulunamadı. TypeScript 4.2+ gerekir.",
			"Find file references failed. Unknown file type.": "Dosya başvuruları bulunamadı. Dosya türü bilinmiyor.",
			"Find file references failed. Unsupported file type.": "Dosya başvuruları bulunamadı. Dosya türü desteklenmiyor.",
			"Finding file references": "Dosya başvuruları bulunuyor",
			"Finding source definitions": "Kaynak tanımları bulunuyor",
			"Fix all fixable JS/TS issues": "Tüm düzeltilebilir JS/TS sorunlarını düzelt",
			"Follow link": "Bağlantıyı izle",
			"Go to Source Definition failed. No resource provided.": "Kaynak Tanımına gitme işlemi başarısız oldu. Kaynak sağlanmadı.",
			"Go to Source Definition failed. Requires TypeScript 4.7+.": "Kaynak Tanımına gitme işlemi başarısız oldu. TypeScript 4.7+ gerektiriyor.",
			"Go to Source Definition failed. Unknown file type.": "Kaynak Tanımına gitme işlemi başarısız oldu. Bilinmeyen dosya türü.",
			"Go to Source Definition failed. Unsupported file type.": "Kaynak Tanımına gitme işlemi başarısız oldu. Desteklenmeyen dosya türü.",
			"Initializing '{0}'": "'{0}' başlatılıyor",
			"JS/TS IntelliSense Status": "JS/TS IntelliSense Status",
			"JSDoc comment": "JSDoc yorumu",
			"Learn More": "Daha Fazla Bilgi",
			"Learn more about JS/TS refactorings": "JS/TS yeniden düzenlemeleri hakkında daha fazla bilgi edinin",
			"Learn more about managing TypeScript versions": "TypeScript sürümlerini yönetme hakkında daha fazla bilgi edinin",
			"Loading IntelliSense status": "IntelliSense durumu yükleniyor",
			"Move to File": "Dosyaya Taşı",
			"Never": "Hiçbir zaman",
			"Never in this Workspace": "Bu Çalışma alanında hiçbir zaman",
			"No": "Hayır",
			"No jsconfig": "jsconfig yok",
			"No opened folders": "Açık klasör yok",
			"No source definitions found.": "Kaynak tanımı bulunamadı.",
			"No tsconfig": "tsconfig yok",
			"Not now": "Şimdi değil",
			"Open config file": "Yapılandırma dosyasını açma",
			"Organize Imports": "İçeri Aktarmaları Düzenle",
			"Partial Mode": "Kısmi Mod",
			"Paste with imports": "İçeri aktarmalarla yapıştır",
			"Please open a folder in VS Code to use a TypeScript or JavaScript project": "TypeScript veya JavaScript projesi kullanmak için lütfen VS Code'da bir klasör açın",
			"Please report an issue against Yarn PnP": "Lütfen sorunu Yarn PnP’ye bildirin",
			"Please update your TypeScript version": "Lütfen TypeScript sürümünüzü güncelleştirin",
			"Project Wide IntelliSense not available": "Project Wide IntelliSense kullanılamıyor",
			"Remove Unused Imports": "Kullanılmayan İçeri Aktarmaları Kaldır",
			"Remove all unused code": "Tüm kullanılmayan kodları kaldır",
			"Report Issue": "Sorun Raporla",
			"Report issue against Yarn PnP": "Sorunu Yarn PnP’ye bildir",
			"Select Version": "Sürüm Seçin",
			"Select code action to apply": "Uygulanacak kod eylemini seçin",
			"Select existing file...": "Mevcut dosyayı seçin...",
			"Select move destination": "Taşıma hedefi seçin",
			"Select the TypeScript version used for JavaScript and TypeScript language features": "JavaScript ve TypeScript dil özellikleri için kullanılacak TypeScript sürümünü seçin",
			"Sort Imports": "İçeri Aktarmaları Sırala",
			"Suppresses @ts-check errors on the next line of a file, expecting at least one to exist.": "Dosyanın bir sonraki satırındaki @ts-check hatalarını gizler, en az bir hata bulunmasını bekler.",
			"Suppresses @ts-check errors on the next line of a file.": "Bir dosyanın sonraki satırında @ts-check hatalarını bastırır.",
			"TS Server has not started logging.": "TS Sunucusu günlük kaydını başlatmadı.",
			"TS Server logging is currently enabled which may impact performance.": "TS Sunucusu günlüğe kaydetme şu anda etkin ve bu durum performansı etkileyebilir.",
			"TS Server logging is off. Please set 'typescript.tsserver.log' and restart the TS server to enable logging": "TS Sunucusu günlük kaydı kapalı. Lütfen günlük kaydını etkinleştirmek için 'typescript.tsserver.log' değerini ayarlayın ve TS sunucusunu yeniden başlatın",
			"The JS/TS language service crashed 5 times in the last 5 Minutes.": "JS/TS dil hizmeti son 5 Dakika içinde 5 kez kilitlendi.",
			"The JS/TS language service crashed 5 times in the last 5 Minutes.\nThis may be caused by a plugin contributed by one of these extensions: {0}\nPlease try disabling these extensions before filing an issue against VS Code.": "JS/TS dil hizmeti son 5 Dakika içinde 5 kez kilitlendi.\nBuna, şu uzantılardan birinin katkısıyla bir eklenti neden olmuş olabilir: {0}\nVS Code ile ilgili bir sorun bildirmeden önce lütfen bu uzantıları devre dışı bırakmayı deneyin.",
			"The JS/TS language service crashed.": "JS/TS dil hizmeti kilitlendi.",
			"The JS/TS language service crashed.\nThis may be caused by a plugin contributed by one of these extensions: {0}.\nPlease try disabling these extensions before filing an issue against VS Code.": "JS/TS dil hizmeti kilitlendi.\nBuna, şu uzantılardan birinin katkısıyla bir eklenti neden olmuş olabilir: {0}.\nVS Code ile ilgili bir sorun bildirmeden önce lütfen bu uzantıları devre dışı bırakmayı deneyin.",
			"The JS/TS language service immediately crashed 5 times. The service will not be restarted.": "JS/TS dil hizmeti 5 kez olmak üzere hemen kilitlendi. Hizmet yeniden başlatılmayacak.",
			"The JS/TS language service immediately crashed 5 times. The service will not be restarted.\nThis may be caused by a plugin contributed by one of these extensions: {0}.\nPlease try disabling these extensions before filing an issue against VS Code.": "JS/TS dil hizmeti anında 5 kez kilitlendi. Hizmet yeniden başlatılmayacak.\nBuna, şu uzantılardan birinin katkısıyla bir eklenti neden olmuş olabilir: {0}.\nVS Code ile ilgili bir sorun bildirmeden önce lütfen bu uzantıları devre dışı bırakmayı deneyin.",
			"The current selection cannot be extracted": "Geçerli seçim ayıklanamıyor",
			"The path {0} doesn't point to a valid Node installation to run TS Server. Falling back to bundled Node.": "{0} yolu, TS Sunucusunu çalıştırmak için geçerli bir Node kurulumuna işaret etmiyor. Paketlenmiş Node’a geri dönülüyor.",
			"The path {0} doesn't point to a valid tsserver install. Falling back to bundled TypeScript version.": "{0} yolu, geçerli bir tsserver yüklemesine işaret etmiyor. Paket grubu oluşturulmuş TypeScript sürümüne geri dönülüyor.",
			"The workspace is using a version of the TypeScript Server that has been patched by Yarn PnP. This patching is a common source of bugs.": "Çalışma alanı, Yarn PnP tarafından düzeltme eki uygulanmış bir TypeScript Sunucusu sürümünü kullanıyor. Bu düzeltme eki uygulama yaygın bir hata kaynağıdır.",
			"The workspace is using an old version of TypeScript ({0}).\n\nBefore reporting an issue, please update the workspace to use TypeScript {1} or newer to make sure the bug has not already been fixed.": "Çalışma alanı, TypeScript'in eski bir sürümünü ({0}) kullanıyor.\n\nBir sorun bildirmeden önce, lütfen hatanın çoktan düzeltilmediğinden emin olmak için TypeScript {1} veya daha yeni bir sürümü kullanmak üzere çalışma alanını güncelleştirin.",
			"This workspace contains a TypeScript version. Would you like to use the workspace TypeScript version for TypeScript and JavaScript language features?": "Bu çalışma alanı bir TypeScript sürümü içeriyor. TypeScript ve JavaScript dil özellikleri için çalışma alanı TypeScript sürümünü kullanmak istiyor musunuz?",
			"This workspace wants to use the Node installation at '{0}' to run TS Server. Would you like to use it?": "Bu çalışma alanı, TS Sunucusu '{0}' düğüm yüklemesini kullanmak istiyor. Kullanmak ister misiniz?",
			"To enable project-wide JavaScript/TypeScript language features, exclude folders with many files, like: {0}": "Proje genelinde JavaScript/TypeScript dil özelliklerini etkinleştirmek için şunun gibi çok sayıda dosya içeren klasörleri hariç tutun: {0}",
			"To enable project-wide JavaScript/TypeScript language features, exclude large folders with source files that you do not work on.": "Proje genelinde JavaScript/TypeScript dil özelliklerini etkinleştirmek için üzerinde çalışmadığınız kaynak dosyalar içeren büyük klasörleri dışlayın.",
			"TypeScript Server Log": "TypeScript Sunucu Günlüğü",
			"TypeScript Task in tasks.json contains \"\\\\\". TypeScript tasks tsconfig must use \"/\"": "Tasks.json içindeki TypeScript Görevi \"\\\\\" içeriyor. TypeScript görevleri tsconfig \"/\" kullanmalıdır",
			"TypeScript Version": "TypeScript Sürümü",
			"TypeScript language server exited with error. Error message is: {0}": "TypeScript dil sunucusundan hata ile çıkıldı. Hata iletisi: {0}",
			"TypeScript: Configure Excludes": "TypeScript: Dışlamaları Yapılandır",
			"Update imports for '{0}'?": "'{0}' için içeri aktarmalar güncelleştirilsin mi?",
			"Update imports for the following {0} files?": "Aşağıdaki {0} dosya için içeri aktarmalar güncelleştirilsin mi?",
			"Use VS Code's Version": "VS Code'un Sürümünü Kullan",
			"Use Workspace Version": "Çalışma Alanı Sürümünü Kullan",
			"VS Code's tsserver was deleted by another application such as a misbehaving virus detection tool. Please reinstall VS Code.": "VS Code'un tsserver'ı hatalı bir virüs tespit aracı gibi bir uygulama tarafından silindi. Lütfen VS Code'u yeniden yükleyin.",
			"Yes": "Evet",
			"build - {0}": "derleme - {0}",
			"destination files": "hedef dosyalar",
			"invalid version": "geçersiz sürüm",
			"watch - {0}": "izleme - {0}",
			"{0} (Fix all in file)": "{0} (Dosyadaki tümünü düzelt)",
			"{0} implementations": "{0} uygulama",
			"{0} references": "{0} başvuru"
		},
		"package": {
			"configuration.expandableHover": "Üzerine gelindiğinde genişletmeyi etkinleştirin/devre dışı bırakın.",
			"configuration.implicitProjectConfig.checkJs": "JavaScript dosyalarının anlamsal denetimini etkinleştirin/devre dışı bırakın. Mevcut `jsconfig.json` veya `tsconfig.json` dosyaları bu ayarı geçersiz kılar.",
			"configuration.implicitProjectConfig.experimentalDecorators": "Bir projenin parçası olmayan JavaScript dosyalarında `experimentalDecorators` seçeneğini etkinleştirin/devre dışı bırakın. Mevcut `jsconfig.json` veya `tsconfig.json` dosyaları bu ayarı geçersiz kılar.",
			"configuration.implicitProjectConfig.module": "Programın modül sistemini ayarlar. Daha fazla bilgi: https://www.typescriptlang.org/tsconfig#module.",
			"configuration.implicitProjectConfig.strictFunctionTypes": "Bir projenin parçası olmayan JavaScript ve TypeScript dosyalarında [katı işlev türlerini](https://www.typescriptlang.org/tsconfig#strictFunctionTypes) etkinleştirin/devre dışı bırakın. Mevcut `jsconfig.json` veya `tsconfig.json` dosyaları bu ayarı geçersiz kılar.",
			"configuration.implicitProjectConfig.strictNullChecks": "Bir projenin parçası olmayan JavaScript ve TypeScript dosyalarında [katı null denetimlerini](https://www.typescriptlang.org/tsconfig#strictNullChecks) etkinleştirin/devre dışı bırakın. Mevcut `jsconfig.json` veya `tsconfig.json` dosyaları bu ayarı geçersiz kılar.",
			"configuration.implicitProjectConfig.target": "Yayınlanan JavaScript için hedef JavaScript dil sürümünü ayarlayın ve kitaplık bildirimlerini dahil edin. Daha fazla bilgi: https://www.typescriptlang.org/tsconfig#target.",
			"configuration.inlayHints.enumMemberValues.enabled": "Enum bildirimlerinde üye değerleri için yerleştirme ipuçlarını etkinleştirin/devre dışı bırakın:\r\n```typescript\r\n\r\nenum MyValue {\r\n\tA /* = 0 */;\r\n\tB /* = 1 */;\r\n}\r\n \r\n```",
			"configuration.inlayHints.functionLikeReturnTypes.enabled": "İşlev imzalarındaki örtük dönüş türleri için yerleştirme ipuçlarını etkinleştirin/devre dışı bırakın:\r\n```typescript\r\n\r\nfunction foo() /* :number */ {\r\n\treturn Date.now();\r\n} \r\n \r\n```",
			"configuration.inlayHints.parameterNames.enabled": "Parametre adları için yerleştirme ipuçlarını etkinleştirin/devre dışı bırakın:\r\n```typescript\r\n\r\nparseInt(/* str: */ '123', /* radix: */ 8)\r\n \r\n```",
			"configuration.inlayHints.parameterNames.suppressWhenArgumentMatchesName": "Metni parametre adıyla aynı olan bağımsız değişkenlerde parametre adı ipuçlarını gizle.",
			"configuration.inlayHints.parameterTypes.enabled": "Örtük parametre türleri için yerleştirme ipuçlarını etkinleştirin/devre dışı bırakın:\r\n```typescript\r\n\r\nel.addEventListener('click', e /* :MouseEvent */ => ...)\r\n \r\n```",
			"configuration.inlayHints.propertyDeclarationTypes.enabled": "Özellik bildirimlerinde örtük türler için yerleştirme ipuçlarını etkinleştirin/devre dışı bırakın:\r\n```typescript\r\n\r\nclass Foo {\r\n\tprop /* :number */ = Date.now();\r\n}\r\n \r\n```",
			"configuration.inlayHints.variableTypes.enabled": "Örtük değişken türleri için yerleştirme ipuçlarını etkinleştirin/devre dışı bırakın:\r\n```typescript\r\n\r\nconst foo /* :number */ = Date.now();\r\n \r\n```",
			"configuration.inlayHints.variableTypes.suppressWhenTypeMatchesName": "Adı tür adıyla aynı olan değişkenler üzerindeki tür ipuçlarını gizle.",
			"configuration.javascript.checkJs.checkJs.deprecation": "Bu ayar kullanım dışı bırakıldı ve yerini `js/ts.implicitProjectConfig.checkJs` aldı.",
			"configuration.javascript.checkJs.experimentalDecorators.deprecation": "Bu ayar kullanım dışı bırakıldı ve yerini `js/ts.implicitProjectConfig.experimentalDecorators` aldı.",
			"configuration.preferGoToSourceDefinition": "Mümkünse, bunun yerine `Kaynak Tanımına Git` komutunu tetikleyerek `Tanıma Git` komutunun tür bildirimi dosyalarından kaçınmasını sağlar. Bu, `Kaynak Tanımına Git` komutunun fare hareketiyle tetiklenmesine olanak tanır.",
			"configuration.suggest.autoImports": "Otomatik içeri aktarma önerilerini etkinleştirin/devre dışı bırakın.",
			"configuration.suggest.classMemberSnippets.enabled": "Sınıf üyeleri için snippet tamamlamalarını etkinleştirme/devre dışı bırakma.",
			"configuration.suggest.completeFunctionCalls": "İşlevleri parametre imzasıyla tamamlayın.",
			"configuration.suggest.completeJSDocs": "JSDoc yorumlarını tamamlamak için öneriyi etkinleştirin/devre dışı bırakın.",
			"configuration.suggest.includeAutomaticOptionalChainCompletions": "İsteğe bağlı bir zincir çağrısı ekleyen potansiyel olarak tanımlanmamış değerlerde tamamlamaların gösterilmesini etkinleştirin/devre dışı bırakın. Etkinleştirilmesi için katı boş denetimler gerektirir.",
			"configuration.suggest.includeCompletionsForImportStatements": "Kısmen yazılan içe aktarma durumunda otomatik içe aktarma stili tamamlamaları etkinleştirme/devre dışı bırakma",
			"configuration.suggest.jsdoc.generateReturns": "JSDoc şablonları için \"@returns\" ek açıklamaları oluşturmayı etkinleştirin/devre dışı bırakın.",
			"configuration.suggest.names": "JavaScript önerilerinde benzersiz adları dosyadan eklemeyi etkinleştirin/devre dışı bırakın. Ad önerilerinin `@ts-check` veya `checkJs` kullanılarak anlamsal olarak denetlenen JavaScript kodunda her zaman devre dışı bırakıldığını unutmayın.",
			"configuration.suggest.objectLiteralMethodSnippets.enabled": "Nesne değişmezlerindeki yöntemler için snippet tamamlamalarını etkinleştirin/devre dışı bırak.",
			"configuration.suggest.paths": "İçeri aktarma deyimlerindeki yollar için önerileri ve çağrı gerektirmeyi etkinleştirin/devre dışı bırakın.",
			"configuration.surveys.enabled": "Zaman zaman gerçekleştirilen, VS Code'un JavaScript ve TypeScript desteğini geliştirmemize yardımcı olan anketleri etkinleştirin/devre dışı bırakın.",
			"configuration.tsserver.experimental.enableProjectDiagnostics": "Proje genelinde hata raporlaması sağlar.",
			"configuration.tsserver.maxTsServerMemory": "TypeScript sunucu işlemine ayrılacak bellek miktarı üst sınırı (MB cinsinden). 4 GB'tan büyük bir bellek sınırı kullanmak için `#typescript.tsserver.nodePath#` kullanarak TS Sunucusunu özel bir Düğüm yüklemesi ile çalıştırın.",
			"configuration.tsserver.nodePath": "TS Sunucusunu özel bir Node kurulumunda çalıştırın. Bu, çalıştırılabilir bir Node'a giden yol olabilir veya VS Code'un bir Node kurulumunu algılamasını istiyorsanız 'düğüm' olabilir.",
			"configuration.tsserver.useSeparateSyntaxServer": "Katlama hesaplama veya belge sembollerini hesaplama gibi sözdizimiyle ilgili işlemlere daha hızlı yanıt verebilen ayrı bir TypeScript sunucusu oluşturmayı etkinleştirin/devre dışı bırakın.",
			"configuration.tsserver.useSeparateSyntaxServer.deprecation": "Bu ayar 'typescript.tsserver.useSyntaxServer' için kullanım dışı bırakıldı.",
			"configuration.tsserver.useSyntaxServer": "TypeScript'in, kod katlama gibi söz dizimi ile ilgili işlemleri daha hızlı yürütmek için, ayrılmış bir sunucu başlatıp başlatmadığını kontrol eder.",
			"configuration.tsserver.useSyntaxServer.always": "Tüm IntelliSense işlemlerini yürütmek için daha hafif bir sözdizimi sunucusu kullanın. Bu sözdizimi sunucusu, yalnızca açılan dosyalar için IntelliSense özelliği sağlayabilir.",
			"configuration.tsserver.useSyntaxServer.auto": "Hem tam bir sunucu hem de sözdizimi işlemlerine ayrılmış daha hafif bir sunucu oluşturun. Sözdizimi sunucusu, sözdizimi işlemlerini hızlandırmak ve projeler yüklenirken IntelliSense sağlamak için kullanılır.",
			"configuration.tsserver.useSyntaxServer.never": "Ayrılmış bir sözdizimi sunucusu kullanmayın. Tüm IntelliSense işlemlerini yürütmek için tek sunucu kullanın.",
			"configuration.tsserver.useVsCodeWatcher": "TypeScript'in yerine VS Code'un dosya izleyicilerini kullanın. Çalışma alanında TypeScript 5.4+ kullanmayı gerektirir.",
			"configuration.tsserver.useVsCodeWatcher.deprecation": "Lütfen bunun yerine `#typescript.tsserver.watchOptions#` ayarını kullanın.",
			"configuration.tsserver.watchOptions": "Dosyaları ve dizinleri takip etmek için hangi izleme stratejilerinin kullanılması gerektiğini yapılandırın.",
			"configuration.tsserver.watchOptions.fallbackPolling": "Bu seçenek, dosya sistemi olayları kullanılırken, sistemde yerel dosya izleyicileri tükendiğinde ve/veya sistem yerel dosya izleyicilerini desteklemediğinde kullanılan yoklama stratejisini belirtir.",
			"configuration.tsserver.watchOptions.fallbackPolling.dynamicPriorityPolling ": "Daha az değiştirilen dosyaların daha az sıklıkta denetlendiği bir dinamik kuyruk kullanın.",
			"configuration.tsserver.watchOptions.fallbackPolling.fixedPollingInterval": "Her dosyayı sabit bir zaman aralığında saniyede birkaç kez değişiklikler için denetleyin.",
			"configuration.tsserver.watchOptions.fallbackPolling.priorityPollingInterval": "Her dosyayı saniyede birkaç kez değişiklikler için denetleyin, ancak bazı dosya türlerini diğerlerine göre daha az sıklıkla denetlemek için buluşsal yöntemleri kullanın.",
			"configuration.tsserver.watchOptions.synchronousWatchDirectory": "Dizinlerde ertelenmiş izlemeyi devre dışı bırakın. Çok sayıda dosya değişikliği aynı anda gerçekleşebildiğinde ertelenmiş izleme yararlıdır (örneğin npm yüklemesinden node_modules içindeki bir değişiklik), ancak daha az yaygın kurulumlar için bu bayrağı devre dışı bırakmak isteyebilirsiniz.",
			"configuration.tsserver.watchOptions.vscode": "TypeScript'in yerine VS Code'un dosya izleyicilerini kullanın. Çalışma alanında TypeScript 5.4+ kullanmayı gerektirir.",
			"configuration.tsserver.watchOptions.watchDirectory": "Özyinelemeli dosya izleme işlevi olmayan sistemler altında tüm dizin ağaçlarının izlenmesine yönelik strateji.",
			"configuration.tsserver.watchOptions.watchDirectory.dynamicPriorityPolling": "Daha az değiştirilen dizinlerin daha az sıklıkta denetlendiği dinamik bir kuyruk kullanın.",
			"configuration.tsserver.watchOptions.watchDirectory.fixedChunkSizePolling": "Düzenli aralıklarla parçalar halinde anketler dizinleri.",
			"configuration.tsserver.watchOptions.watchDirectory.fixedPollingInterval": "Her dizini sabit bir zaman aralığında saniyede birkaç kez değişiklikler için denetleyin.",
			"configuration.tsserver.watchOptions.watchDirectory.useFsEvents": "Dizin değişiklikleri için işletim sisteminin/dosya sisteminin yerel olaylarını kullanmaya çalışma.",
			"configuration.tsserver.watchOptions.watchFile": "Tek tek dosyaların izlenmesine yönelik strateji.",
			"configuration.tsserver.watchOptions.watchFile.dynamicPriorityPolling": "Daha az değiştirilen dosyaların daha az sıklıkta denetlendiği bir dinamik kuyruk kullanın.",
			"configuration.tsserver.watchOptions.watchFile.fixedChunkSizePolling": "Dosyaları düzenli aralıklarla parçalar halinde yoklar.",
			"configuration.tsserver.watchOptions.watchFile.fixedPollingInterval": "Her dosyayı sabit bir zaman aralığında saniyede birkaç kez değişiklikler için denetleyin.",
			"configuration.tsserver.watchOptions.watchFile.priorityPollingInterval": "Her dosyayı saniyede birkaç kez değişiklikler için denetleyin, ancak bazı dosya türlerini diğerlerine göre daha az sıklıkla denetlemek için buluşsal yöntemleri kullanın.",
			"configuration.tsserver.watchOptions.watchFile.useFsEvents": "Dosya değişiklikleri için işletim sisteminin/dosya sisteminin yerel olaylarını kullanmaya çalışma.",
			"configuration.tsserver.watchOptions.watchFile.useFsEventsOnParentDirectory": "Bir dosyanın bulunduğu dizinlerdeki değişiklikleri dinlemek için işletim sisteminin/dosya sisteminin yerel olaylarını kullanmaya çalışma. Bu, daha az dosya izleyicisi kullanabilir, ancak daha az doğru olabilir.",
			"configuration.tsserver.web.projectWideIntellisense.enabled": "Web üzerinde proje genelinde IntelliSense'i etkinleştirin/devre dışı bırakın. VS Code'un güvenilen bir bağlamda çalıştırılmasını gerektirir.",
			"configuration.tsserver.web.projectWideIntellisense.suppressSemanticErrors": "Proje genelinde IntelliSense etkinleştirildiğinde bile webde semantik hataları gizler. Proje genelinde IntelliSense etkinleştirilmediğinde veya kullanılabilir olduğunda bu her zaman açıktır. Bkz. `#typescript.tsserver.web.projectWideIntellisense.enabled#`",
			"configuration.tsserver.web.typeAcquisition.enabled": "Web'de paket alımını etkinleştirin/devre dışı bırakın. Bu, içeri aktarılan paketler için IntelliSense'i etkinleştirir. `#typescript.tsserver.web.projectWideIntellisense.enabled#` gerektirir. Şu anda Safari için desteklenmiyor.",
			"configuration.typescript": "TypeScript",
			"configuration.updateImportsOnPaste": "Kodu yapıştırırken içeri aktarmaları güncelleştirme özelliğini etkinleştir. TypeScript 5.7+ gerektirir.\r\n\r\nVarsayılan olarak, bu ayar yapıştırma işleminden sonra içeri aktarmaları güncelleştirmeyi sağlayan bir seçenek gösterir. Kodu yapıştırırken içeri aktarmaları otomatik olarak güncelleştirmek için `#editor.pasteAs.preferences#` ayarını kullanabilirsiniz: `\"editor.pasteAs.preferences\": [ \"text.updateImports.jsts\" ]`.",
			"description": "JavaScript ve TypeScript için zengin dil desteği sağlar.",
			"displayName": "TypeScript ve JavaScript Dil Özellikleri",
			"format.indentSwitchCase": "Geçiş deyimlerinde durum yan tümcelerini girintileyin. Çalışma alanında TypeScript 5.1+ kullanılması gerekir.",
			"format.insertSpaceAfterCommaDelimiter": "Virgül sınırlayıcısından sonra boşlukların işlenmesini tanımlar.",
			"format.insertSpaceAfterConstructor": "Oluşturucu anahtar sözcüğünden sonraki boşlukların işlenmesini tanımlar.",
			"format.insertSpaceAfterFunctionKeywordForAnonymousFunctions": "Anonim işlevler için function anahtar sözcüğünden sonra boşlukların işlenmesini tanımlar.",
			"format.insertSpaceAfterKeywordsInControlFlowStatements": "Denetim akış deyimindeki anahtar sözcüklerden sonra boşlukların işlenmesini tanımlar.",
			"format.insertSpaceAfterOpeningAndBeforeClosingEmptyBraces": "Boş küme parantezleri açıldıktan sonraki ve kapatılmadan önceki boşlukların işlenmesini tanımlar.",
			"format.insertSpaceAfterOpeningAndBeforeClosingJsxExpressionBraces": "JSX ifade küme ayraçları açıldıktan sonraki ve kapatılmadan önceki boşlukların işlenmesini tanımlar.",
			"format.insertSpaceAfterOpeningAndBeforeClosingNonemptyBraces": "Boş olmayan köşeli parantezler açıldıktan sonraki ve kapatılmadan önceki boşlukların işlenmesini tanımlar.",
			"format.insertSpaceAfterOpeningAndBeforeClosingNonemptyBrackets": "Boş olmayan ayraçlar açıldıktan sonraki ve kapatılmadan önceki boşlukların işlenmesini tanımlar.",
			"format.insertSpaceAfterOpeningAndBeforeClosingNonemptyParenthesis": "Boş olmayan parantezler açıldıktan sonraki ve kapatılmadan önceki boşlukların işlenmesini tanımlar.",
			"format.insertSpaceAfterOpeningAndBeforeClosingTemplateStringBraces": "Şablon dize ayraçları açıldıktan sonraki ve kapatılmadan önceki boşlukların işlenmesini tanımlar.",
			"format.insertSpaceAfterSemicolonInForStatements": "Bir for ifadesindeki noktalı virgülden sonra boşlukların işlenmesini tanımlar.",
			"format.insertSpaceAfterTypeAssertion": "TypeScript'te tür onaylamalardan sonraki boşlukların işlenmesini tanımlar.",
			"format.insertSpaceBeforeAndAfterBinaryOperators": "İkili işleçten sonra boşlukların işlenmesini tanımlar.",
			"format.insertSpaceBeforeFunctionParenthesis": "İşlev bağımsız değişken ayraçlarından önceki boşlukların işlenmesini tanımlar.",
			"format.placeOpenBraceOnNewLineForControlBlocks": "Açık küme ayracının, denetim blokları için yeni bir satıra yerleştirilip yerleştirilmeyeceğini tanımlar.",
			"format.placeOpenBraceOnNewLineForFunctions": "Açık küme ayracının, işlevler için yeni bir satıra yerleştirilip yerleştirilmeyeceğini tanımlar.",
			"format.semicolons": "İsteğe bağlı noktalı virgüllerin işlenmesini tanımlar.",
			"format.semicolons.ignore": "Noktalı virgül eklemeyin veya kaldırmayın.",
			"format.semicolons.insert": "Deyimlerin sonuna noktalı virgül ekleyin.",
			"format.semicolons.remove": "Gereksiz noktalı virgülleri kaldırın.",
			"inlayHints.parameterNames.all": "Parametre adı ipuçlarını sabit ve sabit olmayan bağımsız değişkenler için etkinleştir.",
			"inlayHints.parameterNames.literals": "Parametre adı ipuçlarını yalnızca sabit değişkenler için etkinleştir.",
			"inlayHints.parameterNames.none": "Parametre adı ipuçlarını devre dışı bırak.",
			"javascript.format.enable": "Varsayılan JavaScript biçimlendiricisini etkinleştirin/devre dışı bırakın.",
			"javascript.goToProjectConfig.title": "Proje Yapılandırmasına Git (jsconfig / tsconfig)",
			"javascript.preferences.jsxAttributeCompletionStyle.auto": "Özellik türüne göre öznitelik adlarından sonra '={}' veya '=\"\"' ekleyin. Dize öznitelikleri için kullanılan tırnakların türünü denetlemek için `#javascript.preferences.quoteStyle#` öğesine bakın.",
			"javascript.preferences.organizeImports": "İçeri aktarmaların nasıl sıralanacağını denetleyen gelişmiş tercihler.",
			"javascript.referencesCodeLens.enabled": "JavaScript dosyalarında CodeLens başvurularını etkinleştirin/devre dışı bırakın.",
			"javascript.referencesCodeLens.showOnAllFunctions": "JavaScript dosyalarındaki tüm işlevlerde CodeLens başvurularını etkinleştirin/devre dışı bırakın.",
			"javascript.suggestionActions.enabled": "Düzenleyicideki JavaScript dosyaları için öneri tanılamayı etkinleştirin/devre dışı bırakın.",
			"javascript.validate.enable": "JavaScript doğrulamasını etkinleştirin/devre dışı bırakın.",
			"reloadProjects.title": "Projeyi Yeniden Yükle",
			"taskDefinition.tsconfig.description": "TS derlemesini tanımlayan tsconfig dosyası.",
			"typescript.autoClosingTags": "JSX etiketlerinin otomatik kapatılmasını etkinleştirin/devre dışı bırakın.",
			"typescript.check.npmIsInstalled": "NPM'nin [Otomatik Tür Alımı](https://code.visualstudio.com/docs/nodejs/working-with-javascript#_typings-and-automatic-type-acquisition) için yüklü olup olmadığını denetle.",
			"typescript.disableAutomaticTypeAcquisition": "[Otomatik tür alımı](https://code.visualstudio.com/docs/nodejs/working-with-javascript#_typings-and-automatic-type-acquisition) devre dışı bırakılıyor. Otomatik tür alımı, dış kitaplıklara yönelik IntelliSense'i geliştirmek için npm'den '@types' paketleri alır.",
			"typescript.enablePromptUseWorkspaceTsdk": "Kullanıcıların IntelliSense için çalışma alanında yapılandırılan TypeScript sürümünü kullanmalarını isteme olanağı sağlar.",
			"typescript.findAllFileReferences": "Dosya Başvurularını Bul",
			"typescript.format.enable": "Varsayılan TypeScript biçimlendiricisini etkinleştirin/devre dışı bırakın.",
			"typescript.goToProjectConfig.title": "Proje Yapılandırmasına Git (tsconfig)",
			"typescript.goToSourceDefinition": "Kaynak Tanımına Git",
			"typescript.implementationsCodeLens.enabled": "CodeLens uygulamalarını etkinleştirin/devre dışı bırakın. Bu CodeLens bir arabirimin uygulayıcılarını gösterir.",
			"typescript.implementationsCodeLens.showOnInterfaceMethods": "Arabirim yöntemlerinde CodeLens uygulamalarını etkinleştir/devre dışı bırak.",
			"typescript.locale": "JavaScript ve TypeScript hatalarını bildirmek için kullanılan yerel ayarı belirler. Varsayılan olarak VS Code'un yerel ayarı kullanılır.",
			"typescript.locale.auto": "VS Code’un yapılandırılmış görüntüleme dilini kullanın.",
			"typescript.npm": "[Otomatik Tür Alımı](https://code.visualstudio.com/docs/nodejs/working-with-javascript#_typings-and-automatic-type-acquisition) için kullanılan npm yürütülebilir dosyasının yolunu belirtir.",
			"typescript.openTsServerLog.title": "TS Sunucusu günlüğünü aç",
			"typescript.preferences.autoImportFileExcludePatterns": "Otomatik içeri aktarmalardan dışlanacak dosyaların glob desenlerini belirt. Göreli yollar çalışma alanı köküne göre çözümlenir. Desenler, tsconfig.json ['exclude'](https://www.typescriptlang.org/tsconfig#exclude) kullanılarak değerlendirilir.",
			"typescript.preferences.autoImportSpecifierExcludeRegexes": "Eşleşen içe aktarma belirticileriyle otomatik içe aktarmaları hariç tutmak için düzenli ifadeler belirtin. Örnekler:\r\n\r\n- `^node:`\r\n- `lib/internal` (eğik çizgilerden kaçışa gerek yok...)\r\n- `/lib\\/internal/i` (...`i` veya `u` bayrakları için çevreleyen eğik çizgileri içermediği sürece)\r\n- `^lodash$` (sadece lodash'tan alt yol içe aktarımlarına izin ver)",
			"typescript.preferences.importModuleSpecifier": "Otomatik içeri aktarmalar için tercih edilen yol stili.",
			"typescript.preferences.importModuleSpecifier.nonRelative": "`jsconfig.json` / `tsconfig.json` içinde yapılandırılan ve `baseUrl` veya `paths` temelinde göreli olmayan içeri aktarmayı tercih eder.",
			"typescript.preferences.importModuleSpecifier.projectRelative": "Yalnızca göreli içe aktarma yolu paket veya proje dizininden ayrılacaksa, göreli olmayan bir içe aktarmayı tercih eder.",
			"typescript.preferences.importModuleSpecifier.relative": "İçeri aktarılan dosya konumuna göreli yolu tercih eder.",
			"typescript.preferences.importModuleSpecifier.shortest": "Yalnızca göreli içeri aktarmaya göre daha az yol segmentine sahip bir içeri aktarma varsa göreli olmayan içeri aktarmayı tercih eder.",
			"typescript.preferences.importModuleSpecifierEnding": "Otomatik içeri aktarmalar için tercih edilen yol bitişi.",
			"typescript.preferences.importModuleSpecifierEnding.auto": "Varsayılan bir değeri seçmek için proje ayarlarını kullanın.",
			"typescript.preferences.importModuleSpecifierEnding.index": "`./component/index.js` değerini `./component/index` olarak kısaltın.",
			"typescript.preferences.importModuleSpecifierEnding.js": "Yol bitişlerini kısaltmayın. `.js` veya `.ts` uzantılarını ekleyin.",
			"typescript.preferences.importModuleSpecifierEnding.label.js": ".js / .ts",
			"typescript.preferences.importModuleSpecifierEnding.minimal": "`./component/index.js` değerini `./component` olarak kısaltın.",
			"typescript.preferences.includePackageJsonAutoImports": "Kullanılabilir otomatik içeri aktarmalar için `package.json` bağımlılıklarını aramayı etkinleştirin/devre dışı bırakın.",
			"typescript.preferences.includePackageJsonAutoImports.auto": "Tahmini performans etkisini temel alarak bağımlılıkları arayın.",
			"typescript.preferences.includePackageJsonAutoImports.off": "Bağımlılıkları hiçbir zaman arama.",
			"typescript.preferences.includePackageJsonAutoImports.on": "Bağımlılıkları her zaman arayın.",
			"typescript.preferences.jsxAttributeCompletionStyle": "JSX özniteliği tamamlamaları için tercih edilen stil.",
			"typescript.preferences.jsxAttributeCompletionStyle.auto": "Özellik türüne göre öznitelik adlarından sonra '={}' veya '=\"\"' ekleyin. Dize öznitelikleri için kullanılan tırnakların türünü denetlemek için `#typescript.preferences.quoteStyle#` öğesine bakın.",
			"typescript.preferences.jsxAttributeCompletionStyle.braces": "Öznitelik adlarına '={}' ekleyin.",
			"typescript.preferences.jsxAttributeCompletionStyle.none": "Yalnızca öznitelik adları ekleyin.",
			"typescript.preferences.organizeImports": "İçeri aktarmaların nasıl sıralanacağını denetleyen gelişmiş tercihler.",
			"typescript.preferences.organizeImports.accentCollation": "`organizeImports.unicodeCollation: 'unicode'` değerini gerektirir. Aksanlı karakterleri temel karakterle eşit olmayacak şekilde karşılaştır.",
			"typescript.preferences.organizeImports.caseFirst": "`organizeImports.unicodeCollation: 'unicode'` değerini gerektirir ve `organizeImports.caseSensitivity` değeri `caseInsensitive` değildir. Büyük harflerin küçük harflerden önce sıralanıp sıralanmayacağını gösterir.",
			"typescript.preferences.organizeImports.caseFirst.default": "`locale` değerine göre belirtilen varsayılan sıralama düzeni.",
			"typescript.preferences.organizeImports.caseFirst.lower": "Küçük harfler, büyük harflerden önce gelir. Ör.` a, A, z, Z`.",
			"typescript.preferences.organizeImports.caseFirst.upper": "Büyük harfler, küçük harflerden önce gelir. Ör. ` A, a, B, b`.",
			"typescript.preferences.organizeImports.caseSensitivity": "İçeri aktarmaların büyük/küçük harf duyarlılığına göre nasıl sıralanacağını belirtir. `auto` seçiliyse veya belirtilmemişse, her dosya için büyük/küçük harf duyarlılığı algılanır",
			"typescript.preferences.organizeImports.caseSensitivity.auto": "İçeri aktarma sıralaması için büyük/küçük harf duyarlılığını algıla.",
			"typescript.preferences.organizeImports.caseSensitivity.insensitive": "İçeri aktarmaları büyük/küçük harfe duyarsız olarak sırala.",
			"typescript.preferences.organizeImports.caseSensitivity.sensitive": "İçeri aktarmaları büyük/küçük harfe duyarlı olarak sırala.",
			"typescript.preferences.organizeImports.locale": "`organizeImports.unicodeCollation: 'unicode'` değerini gerektirir. Harmanlama için kullanılan yerel ayarı geçersiz kılar. Kullanıcı arabirimi yerel ayarlarını kullanmak için `auto` değerini belirtin.",
			"typescript.preferences.organizeImports.numericCollation": "`organizeImports.unicodeCollation: 'unicode'` değerini gerektirir. Sayısal dizeleri tamsayı değerine göre sırala.",
			"typescript.preferences.organizeImports.typeOrder": "Yalnızca türü adlandırılmış içeri aktarmaların nasıl sıralanacağını belirt.",
			"typescript.preferences.organizeImports.typeOrder.auto": "Yalnızca türü adlandırılmış içeri aktarmaların nerede sıralanacağı algıla.",
			"typescript.preferences.organizeImports.typeOrder.first": "Yalnızca türü adlandırılmış içeri aktarmalar, içeri aktarma listesinin başında sıralanır. Ör. `import { type A, type Y, B, Z } from 'module';`",
			"typescript.preferences.organizeImports.typeOrder.inline": "Adlandırılmış içeri aktarmalar yalnızca ada göre sıralanır. Ör. `import { type A, B, type Y, Z } from 'module';`",
			"typescript.preferences.organizeImports.typeOrder.last": "Yalnızca türü adlandırılmış içeri aktarmalar, içeri aktarma listesinin sonunda sıralanır. Ör. `import { B, Z, type A, type Y } from 'module';`",
			"typescript.preferences.organizeImports.unicodeCollation": "İçeri aktarmaların Unicode veya Sıra harmanlama kullanılarak sıralanıp sıralanmayacağını belirt.",
			"typescript.preferences.organizeImports.unicodeCollation.ordinal": "İçeri aktarmaları her kod noktasının sayısal değerini kullanarak sırala.",
			"typescript.preferences.organizeImports.unicodeCollation.unicode": "İçeri aktarmaları Unicode kod harmanlaması kullanarak sırala.",
			"typescript.preferences.preferTypeOnlyAutoImports": "Mümkün olduğunda otomatik içeri aktarmalara 'type' anahtar sözcüğünü ekleyin. Çalışma alanında TypeScript 5.3+ kullanmayı gerektirir.",
			"typescript.preferences.quoteStyle": "Hızlı Düzeltmeler için tercih edilen alıntı stili.",
			"typescript.preferences.quoteStyle.auto": "Mevcut koddan tırnak işareti türünü çıkarsa",
			"typescript.preferences.quoteStyle.double": "Dizeler için her zaman çift tırnak kullanın: `\"`",
			"typescript.preferences.quoteStyle.single": "Her zaman tek tırnak kullan: `'`",
			"typescript.preferences.renameMatchingJsxTags": "Bir JSX etiketi üzerindeyken, sembolü yeniden adlandırmak yerine eşleşen etiketi yeniden adlandırmayı deneyin. Çalışma alanında TypeScript 5.1+ kullanmayı gerektirir.",
			"typescript.preferences.renameShorthandProperties.deprecationMessage": "'typescript.preferences.renameShorthandProperties' ayarı kullanım dışı bırakılarak 'typescript.preferences.useAliasesForRenames' ile değiştirildi",
			"typescript.preferences.useAliasesForRenames": "Yeniden adlandırmalar sırasında nesne steno özellikleri için takma adların tanıtılmasını etkinleştirin/devre dışı bırakın.",
			"typescript.problemMatchers.tsc.label": "TypeScript sorunları",
			"typescript.problemMatchers.tscWatch.label": "TypeScript sorunları (izleme modu)",
			"typescript.referencesCodeLens.enabled": "TypeScript dosyalarında CodeLens başvurularını etkinleştirin/devre dışı bırakın.",
			"typescript.referencesCodeLens.showOnAllFunctions": "TypeScript dosyalarındaki tüm işlevlerde CodeLens başvurularını etkinleştirin/devre dışı bırakın.",
			"typescript.removeUnusedImports": "Kullanılmayan İçeri Aktarmaları Kaldır",
			"typescript.reportStyleChecksAsWarnings": "Stil denetimlerini uyarı olarak raporlayın.",
			"typescript.restartTsServer": "TS Sunucusunu Yeniden Başlat",
			"typescript.selectTypeScriptVersion.title": "TypeScript Sürümünü Seçin...",
			"typescript.sortImports": "İçeri Aktarmaları Sırala",
			"typescript.suggest.enabled": "Otomatik tamamlama önerilerini etkinleştirin/devre dışı bırakın.",
			"typescript.suggestionActions.enabled": "Düzenleyicideki TypeScript dosyaları için öneri tanılamayı etkinleştirin/devre dışı bırakın.",
			"typescript.tsc.autoDetect": "Tsc görevlerinin otomatik algılanmasını denetler.",
			"typescript.tsc.autoDetect.build": "Yalnızca tek çalıştırmalı derleme görevleri oluşturun.",
			"typescript.tsc.autoDetect.off": "Bu özelliği devre dışı bırakın.",
			"typescript.tsc.autoDetect.on": "Hem derleme hem de izleme görevlerini oluşturun.",
			"typescript.tsc.autoDetect.watch": "Yalnızca derleme ve izleme görevleri oluşturun.",
			"typescript.tsdk.desc": "IntelliSense için kullanmak üzere bir TypeScript yüklemesi altındaki tsserver ve `lib*.d.ts` dosyalarına yönelik klasör yolunu belirtir, örneğin: `./node_modules/typescript/lib`.\r\n\r\n- Kullanıcı ayarı olarak belirtildiğinde, `typescript.tsdk` dosyasındaki TypeScript sürümü, otomatik olarak yerleşik TypeScript sürümünün yerini alır.\r\n- Çalışma alanı ayarı olarak belirtildiğinde, `typescript.tsdk`, `TypeScript: Select TypeScript version` komutuyla IntelliSense için TypeScript'in ilgili çalışma alanı sürümünü kullanmanızı sağlar.\r\n\r\nTypeScript sürümlerini yönetme hakkında daha fazla bilgi için [TypeScript belgelerine](https://code.visualstudio.com/docs/typescript/typescript-compiling#_using-newer-typescript-versions) bakın.",
			"typescript.tsserver.enableRegionDiagnostics": "TypeScript’te bölge tabanlı tanılamaya olanak sağlar. Çalışma alanında TypeScript 5.6+ kullanmayı gerektirir.",
			"typescript.tsserver.enableTracing": "TS sunucusu performansını dizinde izlemeyi etkinleştirir. Bu izleme dosyaları, TS Sunucusu sorunlarını tanılamak için kullanılabilir. Günlükte, projenizdeki dosya yolları, kaynak kodu ve diğer olası hassas bilgiler bulunabilir.",
			"typescript.tsserver.log": "TS sunucusu günlüğünün bir dosyaya yazılmasını etkinleştirir. Bu günlük, TS Sunucusu sorunlarını tanılamak için kullanılabilir. Günlükte, projenizden dosya yolları, kaynak kodu ve diğer olası hassas bilgiler bulunabilir.",
			"typescript.tsserver.pluginPaths": "TypeScript Dil Hizmeti eklentilerini keşfetmenin diğer yolları.",
			"typescript.tsserver.pluginPaths.item": "Mutlak veya göreli yol olabilir. Göreli yol çalışma alanı klasörlerinde çözümlenir.",
			"typescript.tsserver.trace": "TS sunucusuna gönderilen iletilerin izlenmesini etkinleştirir. Bu izleme TS sunucusu sorunlarını tanılamak için kullanılabilir. İzleme, projenizden dosya yolları, kaynak kodu ve diğer olası hassas bilgileri içerebilir.",
			"typescript.updateImportsOnFileMove.enabled": "VS Code içinde bir dosyayı yeniden adlandırdığınızda veya taşıdığınızda içeri aktarma yollarının otomatik olarak güncelleştirilmesini etkinleştirin/devre dışı bırakın.",
			"typescript.updateImportsOnFileMove.enabled.always": "Yolları her zaman otomatik olarak güncelleştirin.",
			"typescript.updateImportsOnFileMove.enabled.never": "Yolları hiçbir zaman yeniden adlandırma ve sorma.",
			"typescript.updateImportsOnFileMove.enabled.prompt": "Her yeniden adlandırmada sor.",
			"typescript.validate.enable": "TypeScript doğrulamasını etkinleştirin/devre dışı bırakın.",
			"typescript.workspaceSymbols.excludeLibrarySymbols": "`Çalışma Alanında Sembole Git` sonuçlarında kitaplık dosyalarından gelen simgeleri hariç tut. Çalışma alanında TypeScript 5.3+ kullanmayı gerektirir.",
			"typescript.workspaceSymbols.scope": "Hangi dosyaların [Çalışma Alanında Sembole Git](https://code.visualstudio.com/docs/editor/editingevolved#_open-symbol-by-name) seçeneğiyle arandığını denetler.",
			"typescript.workspaceSymbols.scope.allOpenProjects": "Semboller için tüm açık JavaScript veya TypeScript projelerini arayın.",
			"typescript.workspaceSymbols.scope.currentProject": "Yalnızca geçerli JavaScript veya TypeScript projesindeki sembolleri arayın.",
			"virtualWorkspaces": "Sanal çalışma alanlarında, dosyalar arasında başvuruları çözme ve bulma desteklenmiyor.",
			"walkthroughs.nodejsWelcome.debugJsFile.altText": "Visual Studio Code ile JavaScript kodunuzun hatalarını Node.js’de ayıklayıp çalıştırın.",
			"walkthroughs.nodejsWelcome.debugJsFile.description": "Node.js’yi yükledikten sonra ``node your-file-name.js`` girerek bir terminalde JavaScript programlarını çalıştırabilirsiniz\r\nNode.js programlarını çalıştırmanın diğer kolay yolu; kodunuzu çalıştırmanıza, farklı noktalarda duraklatmanıza ve neler olduğunu adım adım anlamanıza yardımcı olan VS Code hata ayıklayıcısını kullanmaktır.\r\n[Hata Ayıklamayı Başlat](command:javascript-walkthrough.commands.debugJsFile)",
			"walkthroughs.nodejsWelcome.debugJsFile.title": "JavaScript'inizi Çalıştırın ve Hataları Ayıklayın",
			"walkthroughs.nodejsWelcome.description": "Visual Studio Code’un mükemmel JavaScript deneyiminden en iyi şekilde yararlanın.",
			"walkthroughs.nodejsWelcome.downloadNode.forLinux.description": "Node.js, JavaScript kodunu çalıştırmanın kolay bir yoludur. Hızlı bir şekilde komut satırı uygulamaları ve sunucuları oluşturmak için kullanabilirsiniz. Ayrıca, JavaScript kodunu yeniden kullanmayı ve paylaşmayı kolaylaştıran bir paket yöneticisi olan npm ile birlikte gelir.\r\n[Node.js’yi Yükle](https://nodejs.org/en/download/package-manager/)",
			"walkthroughs.nodejsWelcome.downloadNode.forLinux.title": "Node.js’yi yükle",
			"walkthroughs.nodejsWelcome.downloadNode.forMacOrWindows.description": "Node.js, JavaScript kodunu çalıştırmanın kolay bir yoludur. Hızlı bir şekilde komut satırı uygulamaları ve sunucuları oluşturmak için kullanabilirsiniz. Ayrıca, JavaScript kodunu yeniden kullanmayı ve paylaşmayı kolaylaştıran bir paket yöneticisi olan npm ile birlikte gelir.\r\n[Node.js’yi Yükle](https://nodejs.org/en/download/)",
			"walkthroughs.nodejsWelcome.downloadNode.forMacOrWindows.title": "Node.js’yi yükle",
			"walkthroughs.nodejsWelcome.learnMoreAboutJs.altText": "Visual Studio Code’da JavaScript ve Node.js hakkında daha fazla bilgi edinin.",
			"walkthroughs.nodejsWelcome.learnMoreAboutJs.description": "JavaScript, Node.js ve VS Code kullanırken daha rahat hissetmek mi istiyorsunuz? Belgelerimize mutlaka göz atın!\r\n[JavaScript](https://code.visualstudio.com/docs/nodejs/working-with-javascript) ve [Node.js](https://code.visualstudio.com/docs/nodejs/nodejs-tutorial) öğrenmek için birçok kaynak sunuyoruz.\r\n\r\n[Daha Fazla Bilgi Edinin](https://code.visualstudio.com/docs/nodejs/nodejs-tutorial)",
			"walkthroughs.nodejsWelcome.learnMoreAboutJs.title": "Daha Fazlasını Keşfedin",
			"walkthroughs.nodejsWelcome.makeJsFile.description": "İlk JavaScript dosyamızı yazalım. Yeni bir dosya oluşturup dosya adının sonundaki ``.js`` uzantısıyla birlikte kaydetmemiz gerekiyor.\r\n[JavaScript Dosyası Oluştur](command:javascript-walkthrough.commands.createJsFile)",
			"walkthroughs.nodejsWelcome.makeJsFile.title": "JavaScript Dosyası Oluşturma",
			"walkthroughs.nodejsWelcome.title": "JavaScript ve Node.js’yi kullanmaya başlama",
			"workspaceTrust": "Çalışma alanının belirttiği kodu yürüttüğü için uzantı, çalışma alanı sürümü kullanıldığında çalışma alanı güveni gerektirir."
		}
	}
}