{
	"": [
		"--------------------------------------------------------------------------------------------",
		"Copyright (c) Microsoft Corporation. All rights reserved.",
		"Licensed under the MIT License. See License.txt in the project root for license information.",
		"--------------------------------------------------------------------------------------------",
		"Do not edit this file. It is machine generated."
	],
	"version": "1.0.0",
	"contents": {
		"bundle": {
			"Checkout on vscode.dev": "Podívejte se na vscode.dev",
			"Commit Changes": "Potvrdit změny",
			"Copy Anyway": "Přesto kopírovat",
			"Copy vscode.dev Link": "Kopírovat odkaz vscode.dev",
			"Create Fork": "Vytvořit fork",
			"Create GitHub fork": "Vytvořit fork GitHubu",
			"Create PR": "Vytvořit žádost o přijetí změn",
			"Creating GitHub Pull Request...": "Vytváří se žádost o přijetí změn GitHubu...",
			"Creating first commit": "Vytváří se první potvrzení.",
			"Forking \"{0}/{1}\"...": "Vytváří se fork {0}/{1}...",
			"Learn More": "Další informace",
			"Log level: {0}": "Úroveň protokolování: {0}",
			"No": "Ne",
			"No template": "Žádná šablona",
			"Open PR": "Otevřít žádost o přijetí změn",
			"Open on GitHub": "Otevřít v GitHubu",
			"Pick a folder to publish to GitHub": "Vyberte složku, která se má publikovat do GitHubu.",
			"Publish Branch & Copy Link": "Publikovat větev & zkopírovat odkaz",
			"Publishing to a private GitHub repository": "Probíhá publikování do privátního úložiště GitHubu.",
			"Publishing to a public GitHub repository": "Probíhá publikování do veřejného úložiště GitHubu.",
			"Pull Changes & Copy Link": "Přijmout změny a zkopírovat odkaz",
			"Push Commits & Copy Link": "Nasdílet změny potvrzení & zkopírovat odkaz",
			"Pushing changes...": "Probíhá nasdílení změn...",
			"Select the Pull Request template": "Vyberte šablonu žádosti o přijetí změn.",
			"Select which files should be included in the repository.": "Vyberte soubory, které by měly být zahrnuty do úložiště.",
			"Successfully published the \"{0}\" repository to GitHub.": "Úložiště {0} se úspěšně publikovalo do GitHubu.",
			"The PR \"{0}/{1}#{2}\" was successfully created on GitHub.": "Žádost o přijetí změn {0}/{1}#{2} byla úspěšně vytvořena na GitHubu.",
			"The current branch has unpublished commits. Would you like to push your commits before copying a link?": "Aktuální větev obsahuje nepublikovaná potvrzení. Chcete před zkopírováním odkazu odeslat potvrzení?",
			"The current branch is not published to the remote. Would you like to publish your branch before copying a link?": "Aktuální větev není publikována do vzdáleného úložiště. Chcete před zkopírováním odkazu publikovat větev?",
			"The current branch is not up to date. Would you like to pull before copying a link?": "Aktuální větev není aktuální. Chcete si před zkopírováním odkazu vyžádat změny?",
			"The current file has uncommitted changes. Please commit your changes before copying a link.": "Aktuální soubor obsahuje nepotvrzené změny. Před zkopírováním odkazu potvrďte změny.",
			"The fork \"{0}\" was successfully created on GitHub.": "Fork {0} se úspěšně vytvořil na GitHubu.",
			"Uploading files": "Nahrávají se soubory.",
			"You don't have permissions to push to \"{0}/{1}\" on GitHub. Would you like to create a fork and push to it instead?": "Nemáte oprávnění k nasdílení změn do {0}/{1} na GitHubu. Chcete vytvořit fork a místo toho nasdílet změny do něj?",
			"Your push to \"{0}/{1}\" was rejected by GitHub because push protection is enabled and one or more secrets were detected.": "GitHub odmítl vaše nasdílení změn do{0}/{1}, protože je povolená ochrana nabízených oznámení a zjistil se jeden nebo více tajných kódů."
		},
		"package": {
			"config.branchProtection": "Určuje, jestli se má dotazovat na pravidla úložiště pro úložiště GitHub.",
			"config.gitAuthentication": "Určuje, jestli se má ve VS Code povolit automatické ověřování GitHubu pro příkazy Git.",
			"config.gitProtocol": "Určuje, který protokol se používá ke klonování úložiště GitHubu.",
			"description": "Funkce GitHubu pro VS Code",
			"displayName": "GitHub",
			"welcome.publishFolder": "Tuto složku můžete publikovat přímo do úložiště GitHub. Po publikování budete mít přístup k funkcím správy zdrojového kódu využívajícím Git a GitHub.\r\n[$(github) Publish to GitHub](command:github.publish)",
			"welcome.publishWorkspaceFolder": "Složku pracovního prostoru můžete publikovat přímo do úložiště GitHub. Po publikování budete mít přístup k funkcím správy zdrojového kódu využívajícím Git a GitHub.\r\n[$(github) Publish to GitHub](command:github.publish)"
		}
	}
}