{
	"": [
		"--------------------------------------------------------------------------------------------",
		"Copyright (c) Microsoft Corporation. All rights reserved.",
		"Licensed under the MIT License. See License.txt in the project root for license information.",
		"--------------------------------------------------------------------------------------------",
		"Do not edit this file. It is machine generated."
	],
	"version": "1.0.0",
	"contents": {
		"bundle": {
			"Emmet Abbreviation": "Ëmmët Æþþrëvïætïøñ",
			"Enter Abbreviation": "Ëñtër Æþþrëvïætïøñ",
			"Invalid emmet.variables field. See https://code.visualstudio.com/docs/editor/emmet#_emmet-configuration for a valid example.": "Ïñvælïð ëmmët.værïæþlës fïëlð. §ëë https://çøðë.vïsµælstµðïø.çøm/ðøçs/ëðïtør/ëmmët#_ëmmët-çøñfïgµrætïøñ før æ vælïð ëxæmplë.",
			"Invalid snippets file. See https://code.visualstudio.com/docs/editor/emmet#_using-custom-emmet-snippets for a valid example.": "Ïñvælïð sñïppëts fïlë. §ëë https://çøðë.vïsµælstµðïø.çøm/ðøçs/ëðïtør/ëmmët#_µsïñg-çµstøm-ëmmët-sñïppëts før æ vælïð ëxæmplë.",
			"Invalid syntax profile. See https://code.visualstudio.com/docs/editor/emmet#_emmet-configuration for a valid example.": "Ïñvælïð sÿñtæx prøfïlë. §ëë https://çøðë.vïsµælstµðïø.çøm/ðøçs/ëðïtør/ëmmët#_ëmmët-çøñfïgµrætïøñ før æ vælïð ëxæmplë."
		},
		"package": {
			"command.balanceIn": "ßælæñçë (ïñwærð)",
			"command.balanceOut": "ßælæñçë (øµtwærð)",
			"command.decrementNumberByOne": "Ðëçrëmëñt þÿ 1",
			"command.decrementNumberByOneTenth": "Ðëçrëmëñt þÿ 0.1",
			"command.decrementNumberByTen": "Ðëçrëmëñt þÿ 10",
			"command.evaluateMathExpression": "Ëvælµætë Mæth Ëxprëssïøñ",
			"command.incrementNumberByOne": "Ïñçrëmëñt þÿ 1",
			"command.incrementNumberByOneTenth": "Ïñçrëmëñt þÿ 0.1",
			"command.incrementNumberByTen": "Ïñçrëmëñt þÿ 10",
			"command.matchTag": "Gø tø Mætçhïñg Pæïr",
			"command.mergeLines": "Mërgë £ïñës",
			"command.nextEditPoint": "Gø tø Ñëxt Ëðït Pøïñt",
			"command.prevEditPoint": "Gø tø Prëvïøµs Ëðït Pøïñt",
			"command.reflectCSSValue": "Rëflëçt Ç§§ Vælµë",
			"command.removeTag": "Rëmøvë Tæg",
			"command.selectNextItem": "§ëlëçt Ñëxt Ïtëm",
			"command.selectPrevItem": "§ëlëçt Prëvïøµs Ïtëm",
			"command.showEmmetCommands": "§høw Ëmmët Çømmæñðs",
			"command.splitJoinTag": "§plït/Jøïñ Tæg",
			"command.toggleComment": "Tøgglë Çømmëñt",
			"command.updateImageSize": "Üpðætë Ïmægë §ïzë",
			"command.updateTag": "Üpðætë Tæg",
			"command.wrapWithAbbreviation": "Wræp wïth Æþþrëvïætïøñ",
			"description": "Ëmmët sµppørt før V§ Çøðë",
			"emmetExclude": "Æñ ærræÿ øf læñgµægës whërë Ëmmët æþþrëvïætïøñs shøµlð ñøt þë ëxpæñðëð.",
			"emmetExtensionsPath": "Æñ ærræÿ øf pæths, whërë ëæçh pæth çæñ çøñtæïñ Ëmmët sÿñtæxPrøfïlës æñð/ør sñïppët fïlës.\r\nÏñ çæsë øf çøñflïçts, thë prøfïlës/sñïppëts øf lætër pæths wïll øvërrïðë thøsë øf ëærlïër pæths.\r\n§ëë https://çøðë.vïsµælstµðïø.çøm/ðøçs/ëðïtør/ëmmët før mørë ïñførmætïøñ æñð æñ ëxæmplë sñïppët fïlë.",
			"emmetExtensionsPathItem": "Æ pæth çøñtæïñïñg Ëmmët sÿñtæxPrøfïlës æñð/ør sñïppëts.",
			"emmetIncludeLanguages": "Ëñæþlë Ëmmët æþþrëvïætïøñs ïñ læñgµægës thæt ærë ñøt sµppørtëð þÿ ðëfæµlt. Æðð æ mæppïñg hërë þëtwëëñ thë læñgµægë æñð Ëmmët sµppørtëð læñgµægë.\r\n Før ëxæmplë: `{\"vµë-html\": \"html\", \"jævæsçrïpt\": \"jævæsçrïptrëæçt\"}`",
			"emmetOptimizeStylesheetParsing": "Whëñ sët tø `fælsë`, thë whølë fïlë ïs pærsëð tø ðëtërmïñë ïf çµrrëñt pøsïtïøñ ïs vælïð før ëxpæñðïñg Ëmmët æþþrëvïætïøñs. Whëñ sët tø `trµë`, øñlÿ thë çøñtëñt ærøµñð thë çµrrëñt pøsïtïøñ ïñ Ç§§/§Ç§§/£ëss fïlës ïs pærsëð.",
			"emmetPreferences": "Prëfërëñçës µsëð tø møðïfÿ þëhævïør øf sømë æçtïøñs æñð rësølvërs øf Ëmmët.",
			"emmetPreferencesAllowCompactBoolean": "Ïf `trµë`, çømpæçt ñøtætïøñ øf þøølëæñ ættrïþµtës ærë prøðµçëð.",
			"emmetPreferencesBemElementSeparator": "Ëlëmëñt sëpærætør µsëð før çlæssës whëñ µsïñg thë ßËM fïltër.",
			"emmetPreferencesBemModifierSeparator": "Møðïfïër sëpærætør µsëð før çlæssës whëñ µsïñg thë ßËM fïltër.",
			"emmetPreferencesCssAfter": "§ÿmþøl tø þë plæçëð æt thë ëñð øf Ç§§ prøpërtÿ whëñ ëxpæñðïñg Ç§§ æþþrëvïætïøñs.",
			"emmetPreferencesCssBetween": "§ÿmþøl tø þë plæçëð æt thë þëtwëëñ Ç§§ prøpërtÿ æñð vælµë whëñ ëxpæñðïñg Ç§§ æþþrëvïætïøñs.",
			"emmetPreferencesCssColorShort": "Ïf `trµë`, çølør vælµës lïkë `#f` wïll þë ëxpæñðëð tø `#fff` ïñstëæð øf `#ffffff`.",
			"emmetPreferencesCssFuzzySearchMinScore": "Thë mïñïmµm sçørë (frøm 0 tø 1) thæt fµzzÿ-mætçhëð æþþrëvïætïøñ shøµlð æçhïëvë. £øwër vælµës mæÿ prøðµçë mæñÿ fælsë-pøsïtïvë mætçhës, hïghër vælµës mæÿ rëðµçë pøssïþlë mætçhës.",
			"emmetPreferencesCssMozProperties": "Çømmæ sëpærætëð Ç§§ prøpërtïës thæt gët thë 'møz' vëñðør prëfïx whëñ µsëð ïñ Ëmmët æþþrëvïætïøñ thæt stærts wïth `-`. §ët tø ëmptÿ strïñg tø ælwæÿs ævøïð thë 'møz' prëfïx.",
			"emmetPreferencesCssMsProperties": "Çømmæ sëpærætëð Ç§§ prøpërtïës thæt gët thë 'ms' vëñðør prëfïx whëñ µsëð ïñ Ëmmët æþþrëvïætïøñ thæt stærts wïth `-`. §ët tø ëmptÿ strïñg tø ælwæÿs ævøïð thë 'ms' prëfïx.",
			"emmetPreferencesCssOProperties": "Çømmæ sëpærætëð Ç§§ prøpërtïës thæt gët thë 'ø' vëñðør prëfïx whëñ µsëð ïñ Ëmmët æþþrëvïætïøñ thæt stærts wïth `-`. §ët tø ëmptÿ strïñg tø ælwæÿs ævøïð thë 'ø' prëfïx.",
			"emmetPreferencesCssWebkitProperties": "Çømmæ sëpærætëð Ç§§ prøpërtïës thæt gët thë 'wëþkït' vëñðør prëfïx whëñ µsëð ïñ Ëmmët æþþrëvïætïøñ thæt stærts wïth `-`. §ët tø ëmptÿ strïñg tø ælwæÿs ævøïð thë 'wëþkït' prëfïx.",
			"emmetPreferencesFilterCommentAfter": "Æ ðëfïñïtïøñ øf çømmëñt thæt shøµlð þë plæçëð æftër mætçhëð ëlëmëñt whëñ çømmëñt fïltër ïs æpplïëð.",
			"emmetPreferencesFilterCommentBefore": "Æ ðëfïñïtïøñ øf çømmëñt thæt shøµlð þë plæçëð þëførë mætçhëð ëlëmëñt whëñ çømmëñt fïltër ïs æpplïëð.",
			"emmetPreferencesFilterCommentTrigger": "Æ çømmæ-sëpærætëð lïst øf ættrïþµtë ñæmës thæt shøµlð ëxïst ïñ thë æþþrëvïætïøñ før thë çømmëñt fïltër tø þë æpplïëð.",
			"emmetPreferencesFloatUnit": "Ðëfæµlt µñït før fløæt vælµës.",
			"emmetPreferencesFormatForceIndentTags": "Æñ ærræÿ øf tæg ñæmës thæt shøµlð ælwæÿs gët ïññër ïñðëñtætïøñ.",
			"emmetPreferencesFormatNoIndentTags": "Æñ ærræÿ øf tæg ñæmës thæt shøµlð ñëvër gët ïññër ïñðëñtætïøñ.",
			"emmetPreferencesIntUnit": "Ðëfæµlt µñït før ïñtëgër vælµës.",
			"emmetPreferencesOutputInlineBreak": "Thë ñµmþër øf sïþlïñg ïñlïñë ëlëmëñts ñëëðëð før lïñë þrëæks tø þë plæçëð þëtwëëñ thøsë ëlëmëñts. Ïf `0`, ïñlïñë ëlëmëñts ærë ælwæÿs ëxpæñðëð øñtø æ sïñglë lïñë.",
			"emmetPreferencesOutputReverseAttributes": "Ïf `trµë`, rëvërsës ættrïþµtë mërgïñg ðïrëçtïøñs whëñ rësølvïñg sñïppëts.",
			"emmetPreferencesOutputSelfClosingStyle": "§tÿlë øf sëlf-çløsïñg tægs: html (`<þr>`), xml (`<þr/>`) ør xhtml (`<þr />`).",
			"emmetPreferencesSassAfter": "§ÿmþøl tø þë plæçëð æt thë ëñð øf Ç§§ prøpërtÿ whëñ ëxpæñðïñg Ç§§ æþþrëvïætïøñs ïñ §æss fïlës.",
			"emmetPreferencesSassBetween": "§ÿmþøl tø þë plæçëð æt thë þëtwëëñ Ç§§ prøpërtÿ æñð vælµë whëñ ëxpæñðïñg Ç§§ æþþrëvïætïøñs ïñ §æss fïlës.",
			"emmetPreferencesStylusAfter": "§ÿmþøl tø þë plæçëð æt thë ëñð øf Ç§§ prøpërtÿ whëñ ëxpæñðïñg Ç§§ æþþrëvïætïøñs ïñ §tÿlµs fïlës.",
			"emmetPreferencesStylusBetween": "§ÿmþøl tø þë plæçëð æt thë þëtwëëñ Ç§§ prøpërtÿ æñð vælµë whëñ ëxpæñðïñg Ç§§ æþþrëvïætïøñs ïñ §tÿlµs fïlës.",
			"emmetShowAbbreviationSuggestions": "§høws pøssïþlë Ëmmët æþþrëvïætïøñs æs sµggëstïøñs. Ñøt æpplïçæþlë ïñ stÿlëshëëts ør whëñ ëmmët.shøwËxpæñðëðÆþþrëvïætïøñ ïs sët tø `\"ñëvër\"`.",
			"emmetShowExpandedAbbreviation": "§høws ëxpæñðëð Ëmmët æþþrëvïætïøñs æs sµggëstïøñs.\r\nThë øptïøñ `\"ïñMærkµpÆñð§tÿlëshëëtFïlësØñlÿ\"` æpplïës tø html, hæml, jæðë, slïm, xml, xsl, çss, sçss, sæss, lëss æñð stÿlµs.\r\nThë øptïøñ `\"ælwæÿs\"` æpplïës tø æll pærts øf thë fïlë rëgærðlëss øf mærkµp/çss.",
			"emmetShowSuggestionsAsSnippets": "Ïf `trµë`, thëñ Ëmmët sµggëstïøñs wïll shøw µp æs sñïppëts ælløwïñg ÿøµ tø ørðër thëm æs për `#ëðïtør.sñïppët§µggëstïøñs#` sëttïñg.",
			"emmetSyntaxProfiles": "Ðëfïñë prøfïlë før spëçïfïëð sÿñtæx ør µsë ÿøµr øwñ prøfïlë wïth spëçïfïç rµlës.",
			"emmetTriggerExpansionOnTab": "Whëñ ëñæþlëð, Ëmmët æþþrëvïætïøñs ærë ëxpæñðëð whëñ prëssïñg TÆß, ëvëñ whëñ çømplëtïøñs ðø ñøt shøw µp. Whëñ ðïsæþlëð, çømplëtïøñs thæt shøw µp çæñ stïll þë æççëptëð þÿ prëssïñg TÆß.",
			"emmetUseInlineCompletions": "Ïf `trµë`, Ëmmët wïll µsë ïñlïñë çømplëtïøñs tø sµggëst ëxpæñsïøñs. Tø prëvëñt thë ñøñ-ïñlïñë çømplëtïøñ ïtëm prøvïðër frøm shøwïñg µp æs øftëñ whïlë thïs sëttïñg ïs `trµë`, tµrñ `#ëðïtør.qµïçk§µggëstïøñs#` tø `ïñlïñë` ør `øff` før thë `øthër` ïtëm.",
			"emmetVariables": "Værïæþlës tø þë µsëð ïñ Ëmmët sñïppëts."
		}
	}
}