{
	"": [
		"--------------------------------------------------------------------------------------------",
		"Copyright (c) Microsoft Corporation. All rights reserved.",
		"Licensed under the MIT License. See License.txt in the project root for license information.",
		"--------------------------------------------------------------------------------------------",
		"Do not edit this file. It is machine generated."
	],
	"version": "1.0.0",
	"contents": {
		"bundle": {
			"Error validating custom environment setting: {0}": "Ërrør vælïðætïñg çµstøm ëñvïrøñmëñt sëttïñg: {0}",
			"Having trouble logging in?": "Hævïñg trøµþlë løggïñg ïñ?",
			"Microsoft Account configuration has been changed.": "Mïçrøsøft Æççøµñt çøñfïgµrætïøñ hæs þëëñ çhæñgëð.",
			"Microsoft Authentication": "Mïçrøsøft Æµthëñtïçætïøñ",
			"Microsoft Sovereign Cloud Authentication": "Mïçrøsøft §øvërëïgñ Çløµð Æµthëñtïçætïøñ",
			"Open settings": "Øpëñ sëttïñgs",
			"Paste authorization code here...": "Pæstë æµthørïzætïøñ çøðë hërë...",
			"Provide the authorization code to complete the sign in flow.": "Prøvïðë thë æµthørïzætïøñ çøðë tø çømplëtë thë sïgñ ïñ fløw.",
			"Reload": "Rëløæð",
			"Signing in to Microsoft...": "§ïgñïñg ïñ tø Mïçrøsøft...",
			"Signing in to your account...": "§ïgñïñg ïñ tø ÿøµr æççøµñt...",
			"The environment `{0}` is not a valid environment.": "Thë ëñvïrøñmëñt `{0}` ïs ñøt æ vælïð ëñvïrøñmëñt.",
			"Would you like to try a different way to sign in to your Microsoft account? ({0})": "Wøµlð ÿøµ lïkë tø trÿ æ ðïffërëñt wæÿ tø sïgñ ïñ tø ÿøµr Mïçrøsøft æççøµñt? ({0})",
			"Yes": "Ýës",
			"You have been signed out because reading stored authentication information failed.": "Ýøµ hævë þëëñ sïgñëð øµt þëçæµsë rëæðïñg størëð æµthëñtïçætïøñ ïñførmætïøñ fæïlëð.",
			"You must also specify a custom environment in order to use the custom environment auth provider.": "Ýøµ mµst ælsø spëçïfÿ æ çµstøm ëñvïrøñmëñt ïñ ørðër tø µsë thë çµstøm ëñvïrøñmëñt æµth prøvïðër."
		},
		"package": {
			"description": "Mïçrøsøft æµthëñtïçætïøñ prøvïðër",
			"displayName": "Mïçrøsøft Æççøµñt",
			"microsoft-authentication.implementation.description": "Thë æµthëñtïçætïøñ ïmplëmëñtætïøñ tø µsë før sïgñïñg ïñ wïth æ Mïçrøsøft æççøµñt.",
			"microsoft-authentication.implementation.enumDescriptions.classic": "Üsë thë çlæssïç æµthëñtïçætïøñ fløw tø sïgñ ïñ wïth æ Mïçrøsøft æççøµñt.",
			"microsoft-authentication.implementation.enumDescriptions.msal": "Üsë thë Mïçrøsøft Æµthëñtïçætïøñ £ïþrærÿ (M§Æ£) tø sïgñ ïñ wïth æ Mïçrøsøft æççøµñt.",
			"microsoft-sovereign-cloud.customEnvironment.activeDirectoryEndpointUrl.description": "Thë Æçtïvë Ðïrëçtørÿ ëñðpøïñt før thë çµstøm §øvërëïgñ Çløµð.",
			"microsoft-sovereign-cloud.customEnvironment.activeDirectoryResourceId.description": "Thë Æçtïvë Ðïrëçtørÿ rësøµrçë ÏÐ før thë çµstøm §øvërëïgñ Çløµð.",
			"microsoft-sovereign-cloud.customEnvironment.description": "Thë çµstøm çøñfïgµrætïøñ før thë §øvërëïgñ Çløµð tø µsë wïth thë Mïçrøsøft §øvërëïgñ Çløµð æµthëñtïçætïøñ prøvïðër. Thïs æløñg wïth sëttïñg `#microsoft-sovereign-cloud.environment#` tø `çµstøm` ïs rëqµïrëð tø µsë thïs fëætµrë.",
			"microsoft-sovereign-cloud.customEnvironment.managementEndpointUrl.description": "Thë mæñægëmëñt ëñðpøïñt før thë çµstøm §øvërëïgñ Çløµð.",
			"microsoft-sovereign-cloud.customEnvironment.name.description": "Thë ñæmë øf thë çµstøm §øvërëïgñ Çløµð.",
			"microsoft-sovereign-cloud.customEnvironment.portalUrl.description": "Thë pørtæl ÜR£ før thë çµstøm §øvërëïgñ Çløµð.",
			"microsoft-sovereign-cloud.customEnvironment.resourceManagerEndpointUrl.description": "Thë rësøµrçë mæñægër ëñðpøïñt før thë çµstøm §øvërëïgñ Çløµð.",
			"microsoft-sovereign-cloud.environment.description": "Thë §øvërëïgñ Çløµð tø µsë før æµthëñtïçætïøñ. Ïf ÿøµ sëlëçt `çµstøm`, ÿøµ mµst ælsø sët thë `#microsoft-sovereign-cloud.customEnvironment#` sëttïñg.",
			"microsoft-sovereign-cloud.environment.enumDescriptions.AzureChinaCloud": "Æzµrë Çhïñæ",
			"microsoft-sovereign-cloud.environment.enumDescriptions.AzureUSGovernment": "Æzµrë Ü§ Gøvërñmëñt",
			"microsoft-sovereign-cloud.environment.enumDescriptions.custom": "Æ çµstøm Mïçrøsøft §øvërëïgñ Çløµð",
			"signIn": "§ïgñ Ïñ",
			"signOut": "§ïgñ Øµt"
		}
	}
}