{
	"": [
		"--------------------------------------------------------------------------------------------",
		"Copyright (c) Microsoft Corporation. All rights reserved.",
		"Licensed under the MIT License. See License.txt in the project root for license information.",
		"--------------------------------------------------------------------------------------------",
		"Do not edit this file. It is machine generated."
	],
	"version": "1.0.0",
	"contents": {
		"bundle": {
			"...1 additional file not shown": "...nezobrazuje se 1 další soubor",
			"...{0} additional files not shown": "...{0} dalších souborů není zobrazeno",
			"Allow all content and script execution. Not recommended": "Povolit veškerý obsah a skriptování (nedoporučuje se)",
			"Allow insecure content": "Povolit nezabezpečený obsah",
			"Allow insecure local content": "Povolit nezabezpečený místní obsah",
			"Always": "Vždy",
			"An unexpected error occurred while restoring the Markdown preview.": "Při obnovování náhledu Markdown došlo k neočekávané chybě.",
			"Checking for Markdown links to update": "Kontrolují se odkazy Markdown, které se mají aktualizovat.",
			"Content Disabled Security Warning": "Upozornění zabezpečení na zakázání obsahu",
			"Could not load 'markdown.styles': {0}": "Nepovedlo se načíst markdown.styles: {0}",
			"Could not open {0}": "{0} se nepovedlo otevřít.",
			"Disable": "Zakázat",
			"Disable preview security warning in this workspace": "Zakázat upozornění zabezpečení náhledu v tomto pracovním prostoru",
			"Does not affect the content security level": "Nemá vliv na úroveň zabezpečení obsahu.",
			"Enable loading content over http": "Povolit načítání obsahu přes protokol http",
			"Enable loading content over http served from localhost": "Povolit načítání obsahu přes protokol HTTP z místního hostitele (localhost)",
			"Enable preview security warnings in this workspace": "Povolit upozornění zabezpečení náhledu v tomto pracovním prostoru",
			"Exclude '{0}' from link validation.": "Vyloučení {0} z ověření odkazu",
			"Extract to link definition": "Extrahovat do definice odkazu",
			"File does not exist at path: {0}": "Neexistující soubor na cestě: {0}",
			"Find file references failed. No resource provided.": "Operace vyhledání odkazů na soubory neproběhla úspěšně. Neposkytl se žádný prostředek.",
			"Finding file references": "Vyhledávají se odkazy na soubory",
			"Follow link": "Přejít na odkaz",
			"Go to link definition": "Přejít na definici odkazu",
			"Header does not exist in file: {0}": "Neexistující hlavička v souboru: {0}",
			"Insert Markdown Audio": "Vložit zvuk Markdownu",
			"Insert Markdown Image": "Vložit obrázek Markdown",
			"Insert Markdown Images": "Vložit obrázky Markdown",
			"Insert Markdown Images and Links": "Vložit obrázky a odkazy Markdown",
			"Insert Markdown Link": "Vložit odkaz Markdown",
			"Insert Markdown Links": "Vložit odkazy Markdown",
			"Insert Markdown Media": "Vložit média Markdown",
			"Insert Markdown Media and Images": "Vložit multimédia a obrázky Markdownu",
			"Insert Markdown Media and Links": "Vložit média a odkazy Markdown",
			"Insert Markdown Video": "Vložit video Markdownu",
			"Insert image": "Vložit obrázek",
			"Insert link": "Vložit odkaz",
			"Link definition for '{0}' already exists": "Definice odkazu pro {0} už existuje.",
			"Link definition is unused": "Definice odkazu se nepoužívá.",
			"Link is already a reference": "Odkaz už je reference.",
			"Link is also defined here": "Odkaz už je tady také definován.",
			"Link to '# {0}' in '{1}'": "Propojit s # {0} v {1}",
			"Link to '{0}'": "Propojit s {0}",
			"Markdown Language Server": "Jazykový server Markdown",
			"Media": "Média",
			"More Information": "Další informace",
			"Never": "Nikdy",
			"No": "Ne",
			"No header found: '{0}'": "Nenašla se žádná hlavička: {0}",
			"No link definition found: '{0}'": "Nenašla se žádná definice odkazu: „{0}“",
			"Not on link": "Není v odkazu",
			"Only load secure content": "Načítat pouze zabezpečený obsah",
			"Paste and update pasted links": "Vložit a aktualizovat vložené odkazy",
			"Potentially unsafe or insecure content has been disabled in the Markdown preview. Change the Markdown preview security setting to allow insecure content or enable scripts": "V náhledu Markdownu byl zakázán potenciálně nebezpečný nebo nezabezpečený obsah. Pokud chcete povolit nezabezpečený obsah nebo pokud chcete povolit skripty, změňte nastavení zabezpečení náhledu Markdownu.",
			"Preview {0}": "Náhled: {0}",
			"Reference link '{0}'": "Referenční odkaz {0}",
			"Remove duplicate link definition": "Odebrat definici duplicitního odkazu",
			"Remove unused link definition": "Odebrat nepoužívanou definici odkazu",
			"Renaming is not supported here. Try renaming a header or link.": "Přejmenování se tady nepodporuje. Zkuste přejmenovat záhlaví nebo odkaz.",
			"Select security settings for Markdown previews in this workspace": "Vybrat nastavení zabezpečení pro náhledy Markdownu v tomto pracovním prostoru",
			"Some content has been disabled in this document": "Některý obsah v tomto dokumentu byl zakázán.",
			"Strict": "Striktní",
			"Update Markdown links for '{0}'?": "Aktualizovat odkazy Markdownu pro{0}?",
			"Update Markdown links for the following {0} files?": "Chcete aktualizovat odkazy Markdown pro následující ({0}) soubory?",
			"Yes": "Ano",
			"[Preview] {0}": "[Preview] {0}",
			"{0} cannot be found": "{0} nelze najít."
		},
		"package": {
			"configuration.copyIntoWorkspace.mediaFiles": "Zkuste do pracovního prostoru zkopírovat externí soubory obrázků a videí.",
			"configuration.copyIntoWorkspace.never": "Nekopírovat externí soubory do pracovního prostoru.",
			"configuration.markdown.copyFiles.destination": "Nakonfiguruje cestu a název souboru souborů vytvořených kopírováním, vložením nebo přetažením. Toto je mapa globů, které se shodují s cestou k dokumentu Markdownu k cílové cestě, kde by se měl nový soubor vytvořit.\r\n\r\nCílová cesta může používat následující proměnné:\r\n\r\n– ${documentDirName} – absolutní cesta nadřazeného adresáře dokumentu Markdown, například /Users/me/myProject/docs.\r\n– ${documentRelativeDirName} – relativní nadřazená cesta k adresáři dokumentu Markdown, například docs. Je stejná jako ${documentDirName}, pokud soubor není součástí pracovního prostoru.\r\n– ${documentFileName} – úplný název souboru dokumentu Markdown, například README.md.\r\n– ${documentBaseName} – základní název dokumentu Markdownu, například README.\r\n– ${documentExtName} – přípona dokumentu Markdown, například md.\r\n– ${documentFilePath} – absolutní cesta k dokumentu Markdown, například /Users/me/myProject/docs/README.md.\r\n– ${documentRelativeFilePath} – relativní cesta k dokumentu Markdown, například docs/README.md. Je stejná jako ${documentFilePath}, pokud soubor není součástí pracovního prostoru.\r\n– ${documentWorkspaceFolder} – složka pracovního prostoru pro dokument Markdown, například /Users/me/myProject. Je stejná jako ${documentDirName}, pokud soubor není součástí pracovního prostoru.\r\n– ${fileName} – název vyřazeného souboru, například image.png.\r\n– ${fileExtName} – přípona vyřazeného souboru, například png.",
			"configuration.markdown.copyFiles.overwriteBehavior": "Určuje, jestli mají soubory vytvořené přetažením nebo vložením přepsat existující soubory.",
			"configuration.markdown.copyFiles.overwriteBehavior.nameIncrementally": "Pokud už soubor se stejným názvem existuje, připojte k názvu souboru číslo, například:image.png se stane image-1.png.",
			"configuration.markdown.copyFiles.overwriteBehavior.overwrite": "Pokud už existuje soubor se stejným názvem, přepište ho.",
			"configuration.markdown.editor.drop.copyIntoWorkspace": "Určuje, jestli se soubory mimo pracovní prostor, které se vkládají do editoru Markdownu, mají kopírovat do pracovního prostoru.\r\n\r\nPomocí #markdown.copyFiles.destination# nakonfigurujte, kde se mají vytvořit zkopírované soubory.",
			"configuration.markdown.editor.drop.enabled": "Povolit přetažení souborů do Markdown editoru podržením klávesy Shift. Vyžaduje povolení #editor.dropIntoEditor.enabled#.",
			"configuration.markdown.editor.drop.enabled.always": "Vždy vkládat odkazy Markdownu.",
			"configuration.markdown.editor.drop.enabled.never": "Nikdy nevytvářet odkazy Markdownu.",
			"configuration.markdown.editor.drop.enabled.smart": "Při nepřemisťování do bloku kódu nebo jiného speciálního elementu můžete ve výchozím nastavení inteligentně vytvářet odkazy Markdownu. Pomocí widgetu pro přemístění můžete přepínat mezi vložením jako prostý text nebo jako odkazy Markdownu.",
			"configuration.markdown.editor.filePaste.audioSnippet": "Fragment kódu použitý při přidávání zvukových souborů do Markdownu Tento fragment kódu může používat následující proměnné:\r\n- ${src} – Přeložená cesta ke zvukovému souboru\r\n- ${title} – Název použitý pro zvukový soubor Pro tuto proměnnou se automaticky vytvoří zástupný objekt fragmentu kódu.",
			"configuration.markdown.editor.filePaste.copyIntoWorkspace": "Určuje, jestli se soubory mimo pracovní prostor, které se vkládají do editoru Markdownu, mají kopírovat do pracovního prostoru.\r\n\r\nPomocí #markdown.copyFiles.destination# nakonfigurujte, kde se mají vytvořit zkopírované soubory.",
			"configuration.markdown.editor.filePaste.enabled": "Když povolíte vkládání souborů do Markdown editoru, vloží se odkazy Markdownu. Vyžaduje povolení #editor.pasteAs.enabled#.",
			"configuration.markdown.editor.filePaste.enabled.always": "Vždy vkládat odkazy Markdownu.",
			"configuration.markdown.editor.filePaste.enabled.never": "Nikdy nevytvářet odkazy Markdownu.",
			"configuration.markdown.editor.filePaste.enabled.smart": "Při nevkládání do bloku kódu nebo jiného speciálního elementu můžete ve výchozím nastavení inteligentně vytvářet odkazy Markdownu. Pomocí widgetu pro vložení můžete přepínat mezi vložením jako prostý text nebo jako odkazy Markdownu.",
			"configuration.markdown.editor.filePaste.videoSnippet": "Fragment kódu použitý při přidávání videí do Markdownu Tento fragment kódu může používat následující proměnné:\r\n- ${src} – Přeložená cesta k videosouboru\r\n- ${title} – Název použitý pro video Pro tuto proměnnou se automaticky vytvoří zástupný objekt fragmentu kódu.",
			"configuration.markdown.editor.pasteUrlAsFormattedLink.enabled": "Určuje, jestli se při vkládání adres URL do editoru Markdownu vytvářejí odkazy Markdownu. Vyžaduje povolení #editor.pasteAs.enabled#.",
			"configuration.markdown.editor.updateLinksOnPaste.enabled": "Umožňuje povolit nebo zakázat možnost vložení, která aktualizuje propojení a odkazy v textu, který se kopíruje a vkládá mezi editory Markdownu.\r\n\r\nPokud chcete použít tuto funkci, stačí po vložení textu, který obsahuje aktualizovatelné odkazy, kliknout na widget pro vložení a vybrat Vložit a aktualizovat vložené odkazy.",
			"configuration.markdown.links.openLocation.beside": "Otevírat odkazy vedle aktivního editoru",
			"configuration.markdown.links.openLocation.currentGroup": "Otevírat odkazy v aktivní skupině editorů",
			"configuration.markdown.links.openLocation.description": "Určuje, kde se mají otevírat odkazy v souborech Markdownu.",
			"configuration.markdown.occurrencesHighlight.enabled": "Povolit zvýrazňování výskytů odkazů v aktuálním dokumentu.",
			"configuration.markdown.preferredMdPathExtensionStyle": "Určuje, jestli se pro odkazy na soubory Markdownu přidávají přípony názvu souborů (například .md). Toto nastavení se používá při přidávání cest k souborům pomocí nástrojů, jako jsou dokončování cest nebo přejmenování souborů.",
			"configuration.markdown.preferredMdPathExtensionStyle.auto": "U existujících cest zkuste zachovat styl přípony názvu souboru. Pro nové cesty přidejte přípony názvu souborů.",
			"configuration.markdown.preferredMdPathExtensionStyle.includeExtension": "Raději zahrňte přípony názvu souboru. Například dokončení cesty k souboru s názvem „file.md“ vloží „file.md“.",
			"configuration.markdown.preferredMdPathExtensionStyle.removeExtension": "Raději odeberte příponu názvu souboru. Například dokončení cesty k souboru s názvem „file.md“ vloží „file“ bez „.md“.",
			"configuration.markdown.preview.openMarkdownLinks.description": "Určuje, jak se mají otevírat odkazy na jiné soubory Markdownu v náhledu Markdownu.",
			"configuration.markdown.preview.openMarkdownLinks.inEditor": "Zkusit odkazy otevřít v editoru",
			"configuration.markdown.preview.openMarkdownLinks.inPreview": "Zkusit odkazy otevřít v náhledu Markdownu",
			"configuration.markdown.suggest.paths.enabled.description": "Umožňuje povolit návrhy cest při psaní odkazů v souborech Markdownu.",
			"configuration.markdown.suggest.paths.includeWorkspaceHeaderCompletions": "Umožňuje povolit návrhy pro záhlaví v jiných souborech Markdownu v aktuálním pracovním prostoru. Přijetím jednoho z těchto návrhů se do tohoto souboru vloží úplná cesta k záhlaví, například: [link text](/path/to/file.md#header).",
			"configuration.markdown.suggest.paths.includeWorkspaceHeaderCompletions.never": "Umožňuje zakázat návrhy hlaviček pracovního prostoru.",
			"configuration.markdown.suggest.paths.includeWorkspaceHeaderCompletions.onDoubleHash": "Umožňuje povolit návrhy hlaviček v pracovním prostoru po zadání ## do cesty, například [link text](##.",
			"configuration.markdown.suggest.paths.includeWorkspaceHeaderCompletions.onSingleOrDoubleHash": "Umožňuje povolit návrhy hlaviček v pracovním prostoru po zadání ## nebo # do cesty, například [link text](# nebo [link text](##.",
			"configuration.markdown.updateLinksOnFileMove.enableForDirectories": "Povolit aktualizaci odkazů při přesunutí nebo přejmenování adresáře v pracovním prostoru.",
			"configuration.markdown.updateLinksOnFileMove.enabled": "Pokus o aktualizaci odkazů v souborech Markdown při přejmenování/přesunu souboru v pracovním prostoru. Pomocí #markdown.updateLinksOnFileMove.include# můžete nastavit, které soubory aktivují aktualizaci odkazů.",
			"configuration.markdown.updateLinksOnFileMove.enabled.always": "Odkazy vždy aktualizujte automaticky.",
			"configuration.markdown.updateLinksOnFileMove.enabled.never": "Nikdy se nepokoušejte aktualizovat odkaz a nezobrazovat výzvu.",
			"configuration.markdown.updateLinksOnFileMove.enabled.prompt": "Při každém přesunu souboru se zobrazí výzva.",
			"configuration.markdown.updateLinksOnFileMove.include": "Vzory glob, které určují soubory aktivující automatické aktualizace odkazů. Podrobnosti o této funkci najdete v tématu #markdown.updateLinksOnFileMove.enabled#.",
			"configuration.markdown.updateLinksOnFileMove.include.property": "Vzor glob, podle kterého se porovnávají cesty k souborům. Nastavením na true vzor povolíte.",
			"configuration.markdown.validate.duplicateLinkDefinitions.description": "Ověřte duplicitní definice v aktuálním souboru.",
			"configuration.markdown.validate.enabled.description": "Umožňuje povolit všechna hlášení chyb v souborech Markdownu.",
			"configuration.markdown.validate.fileLinks.enabled.description": "Ověřte odkazy na jiné soubory v souborech Markdown, například [link](/path/to/file.md). Tím se zkontroluje, jestli cílové soubory existují. Vyžaduje povolení #markdown.validate.enabled#.",
			"configuration.markdown.validate.fileLinks.markdownFragmentLinks.description": "Ověřte část fragmentu odkazů na hlavičky v jiných souborech v souborech Markdownu, například: [link](/path/to/file.md#header). Ve výchozím nastavení dědí hodnotu nastavení z #markdown.validate.fragmentLinks.enabled#.",
			"configuration.markdown.validate.fragmentLinks.enabled.description": "Ověřte fragmenty odkazů na hlavičky v aktuálním souboru Markdown, například: [link](#header). Vyžaduje povolení #markdown.validate.enabled#.",
			"configuration.markdown.validate.ignoredLinks.description": "Nakonfigurujte odkazy, které by se neměly ověřovat. Například přidání /about by neověřoval odkaz [about](/about), zatímco glob /assets/**/*.svg by umožňoval přeskočit ověření pro jakýkoli odkaz na soubory .svg v adresáři assets.",
			"configuration.markdown.validate.referenceLinks.enabled.description": "Ověřte odkazy na odkazy v souborech Markdownu, například: [link][ref]. Vyžaduje povolení #markdown.validate.enabled#.",
			"configuration.markdown.validate.unusedLinkDefinitions.description": "Ověřte definice odkazů, které se v aktuálním souboru nepoužívají.",
			"configuration.pasteUrlAsFormattedLink.always": "Vždy vkládat odkazy Markdownu.",
			"configuration.pasteUrlAsFormattedLink.never": "Nikdy nevytvářet odkazy Markdownu.",
			"configuration.pasteUrlAsFormattedLink.smart": "Při nevkládání do bloku kódu nebo jiného speciálního elementu můžete ve výchozím nastavení inteligentně vytvářet odkazy Markdownu. Pomocí widgetu pro vložení můžete přepínat mezi vložením jako prostý text nebo jako odkazy Markdownu.",
			"configuration.pasteUrlAsFormattedLink.smartWithSelection": "Pokud jste vybrali text, můžete při nevkládání do bloku kódu nebo jiného speciálního elementu ve výchozím nastavení inteligentně vytvářet odkazy Markdownu. Pomocí widgetu pro vložení můžete přepínat mezi vložením jako prostý text nebo jako odkazy Markdownu.",
			"description": "Poskytuje rozšířenou podporu jazyka pro Markdown.",
			"displayName": "Funkce jazyka Markdown",
			"markdown.copyImage.title": "Kopírovat obrázek",
			"markdown.editor.insertImageFromWorkspace": "Vložit obrázek z pracovního prostoru",
			"markdown.editor.insertLinkFromWorkspace": "Vložit odkaz na soubor v pracovním prostoru",
			"markdown.findAllFileReferences": "Vyhledat odkazy na soubory",
			"markdown.preview.breaks.desc": "Nastaví způsob vykreslování konců řádků v náhledu Markdownu. Pokud je nastaveno na hodnotu true, <br> pro každý nový řádek v odstavcích se vytvoří značka.",
			"markdown.preview.doubleClickToSwitchToEditor.desc": "Poklikáním na náhled Markdownu přepnete do editoru.",
			"markdown.preview.fontFamily.desc": "Určuje rodinu písem používanou v náhledu Markdownu.",
			"markdown.preview.fontSize.desc": "Určuje velikost písma v pixelech používanou v náhledu Markdownu.",
			"markdown.preview.lineHeight.desc": "Určuje výšku řádku používanou v náhledu Markdownu. Toto číslo je relativní k velikosti písma.",
			"markdown.preview.linkify": "Převod textu podobného URL na odkazy v náhledu Markdownu.",
			"markdown.preview.markEditorSelection.desc": "Označí aktuální výběr editoru v náhledu Markdownu.",
			"markdown.preview.refresh.title": "Aktualizovat náhled",
			"markdown.preview.scrollEditorWithPreview.desc": "Při procházení zobrazení náhledu Markdownu aktualizovat zobrazení editoru",
			"markdown.preview.scrollPreviewWithEditor.desc": "Při procházení zobrazení editoru Markdownu aktualizovat zobrazení náhledu",
			"markdown.preview.title": "Otevřít náhled",
			"markdown.preview.toggleLock.title": "Přepnout zamykání náhledu",
			"markdown.preview.typographer": "Umožňuje povolit některá nahrazení nezávislá na jazyku a citace v náhledu Markdownu.",
			"markdown.previewSide.title": "Otevřít náhled na boku",
			"markdown.server.log.desc": "Určuje úroveň protokolování jazykového serveru Markdown.",
			"markdown.showLockedPreviewToSide.title": "Otevřít zamknutý náhled na boku",
			"markdown.showPreviewSecuritySelector.title": "Změnit nastavení zabezpečení náhledu",
			"markdown.showSource.title": "Zobrazit zdroj",
			"markdown.styles.dec": "Seznam adres URL nebo místních cest k šablonám stylů CSS, které se mají použít z náhledu Markdownu. Relativní cesty jsou interpretovány relativně ke složce otevřené v Exploreru. Pokud není otevřená žádná složka, budou se interpretovat relativně k umístění souboru Markdownu. Všechna dvojitá zpětná lomítka (\\) musí být zapsána jako čtyři zpětná lomítka (\\\\).",
			"markdown.trace.extension.desc": "Povolit protokolování ladění pro rozšíření Markdownu",
			"markdown.trace.server.desc": "Sleduje komunikaci mezi VS Code a serverem jazyka Markdown.",
			"workspaceTrust": "Vyžadováno pro načítání stylů konfigurovaných v pracovním prostoru."
		}
	}
}