{
	"": [
		"--------------------------------------------------------------------------------------------",
		"Copyright (c) Microsoft Corporation. All rights reserved.",
		"Licensed under the MIT License. See License.txt in the project root for license information.",
		"--------------------------------------------------------------------------------------------",
		"Do not edit this file. It is machine generated."
	],
	"version": "1.0.0",
	"contents": {
		"bundle": {
			"Emmet Abbreviation": "Abreviación Emmet",
			"Enter Abbreviation": "Escribir abreviatura",
			"Invalid emmet.variables field. See https://code.visualstudio.com/docs/editor/emmet#_emmet-configuration for a valid example.": "Campo ediscovery.variables no válido. Consulte https://code.visualstudio.com/docs/editor/emmet#_emmet-configuration para obtener un ejemplo válido.",
			"Invalid snippets file. See https://code.visualstudio.com/docs/editor/emmet#_using-custom-emmet-snippets for a valid example.": "Archivo de fragmentos de código no válido. Vea https://code.visualstudio.com/docs/editor/emmet#_using-custom-emmet-snippets para obtener un ejemplo válido.",
			"Invalid syntax profile. See https://code.visualstudio.com/docs/editor/emmet#_emmet-configuration for a valid example.": "Perfil de sintaxis no válido. Consulte https://code.visualstudio.com/docs/editor/emmet#_emmet-configuration para obtener un ejemplo válido."
		},
		"package": {
			"command.balanceIn": "Equilibrio (entrante)",
			"command.balanceOut": "Equilibrio (saliente)",
			"command.decrementNumberByOne": "Disminuir por 1",
			"command.decrementNumberByOneTenth": "Disminuir por 0.1",
			"command.decrementNumberByTen": "Disminuir por 10",
			"command.evaluateMathExpression": "Evaluar expresión matemática",
			"command.incrementNumberByOne": "Aumentar por 1",
			"command.incrementNumberByOneTenth": "Aumentar por 0.1",
			"command.incrementNumberByTen": "Aumentar por 10",
			"command.matchTag": "Ir al par coincidente",
			"command.mergeLines": "Combinar líneas",
			"command.nextEditPoint": "Ir al siguiente punto de edición",
			"command.prevEditPoint": "Ir al punto de edición anterior",
			"command.reflectCSSValue": "Reflejar valor CSS",
			"command.removeTag": "Quitar etiqueta",
			"command.selectNextItem": "Seleccionar el siguiente elemento",
			"command.selectPrevItem": "Seleccionar el elemento anterior",
			"command.showEmmetCommands": "Mostrar los comandos de Emmet",
			"command.splitJoinTag": "Dividir/Combinar etiqueta",
			"command.toggleComment": "Alternar comentario",
			"command.updateImageSize": "Actualizar tamaño de imagen",
			"command.updateTag": "Actualizar etiqueta",
			"command.wrapWithAbbreviation": "Encapsular con abreviatura",
			"description": "Soporte de Emmet para VS Code",
			"emmetExclude": "Matriz de lenguajes donde no deben expandirse las abreviaturas de Emmet.",
			"emmetExtensionsPath": "Una matriz de rutas, donde cada ruta puede contener syntaxProfiles de Emmet y / o archivos de fragmentos.\r\n En caso de conflictos, los perfiles / fragmentos de las rutas posteriores anularán los de las rutas anteriores.\r\n Consulte https://code.visualstudio.com/docs/editor/emmet para obtener más información y un archivo de fragmento de ejemplo.",
			"emmetExtensionsPathItem": "Una ruta de acceso que contiene Emmet syntaxProfiles y/o fragmentos de código.",
			"emmetIncludeLanguages": "Habilite la abreviación Emmet en los lenguajes que no se admiten de forma predeterminada. Agregue una asignación aquí entre el lenguaje y el lenguaje compatible con Emmet.\r\n Por ejemplo: \"{\"vue-html\": \"html\", \"javascript\": \"javascriptreact\"}\"",
			"emmetOptimizeStylesheetParsing": "Cuando se establece en \"false\", se analiza el archivo entero para determinar si la posición actual es válida para la expansión de abreviaciones Emmet. Cuando se establece en \"true\", solo se analiza el contenido alrededor de la posición actual en archivos CSS, SCSS o Less.",
			"emmetPreferences": "Preferencias usadas para modificar el comportamiento de algunas acciones y resoluciones de Emmet.",
			"emmetPreferencesAllowCompactBoolean": "Si es \"true\", se produce una anotación compacta de atributos booleanos.",
			"emmetPreferencesBemElementSeparator": "Separador de elementos utilizado para las clases cuando se utiliza el filtro BEM",
			"emmetPreferencesBemModifierSeparator": "Separador de modificador utilizado para las clases cuando se utiliza el filtro BEM",
			"emmetPreferencesCssAfter": "Símbolo que debe colocarse al final de una propiedad CSS cuando se expanden abreviaturas CSS",
			"emmetPreferencesCssBetween": "Símbolo que debe colocarse entre una propiedad CSS y un valor cuando se expanden abreviaturas CSS",
			"emmetPreferencesCssColorShort": "Si es \"true\", los valores de color como \"#f\" se expandirán a \"#fff\" en lugar de \"#ffffff\".",
			"emmetPreferencesCssFuzzySearchMinScore": "La mínima puntuación (de 0 a 1) que se debe alcanzar en la comparación difusa de abreviación. Los valores más bajos pueden producir muchos resultados falsos positivos, los valores más altos pueden reducir posibles coincidencias.",
			"emmetPreferencesCssMozProperties": "Propiedades CSS separadas por comas que obtienen el prefijo de proveedor 'moz' cuando se utilizan en la abreviatura Emmet que comienza con '-'. Establecer en la cadena vacía para evitar siempre el prefijo 'moz'.",
			"emmetPreferencesCssMsProperties": "Propiedades CSS separadas por comas que obtienen el prefijo de proveedor 'ms' cuando se utilizan en la abreviatura Emmet que comienza con '-'. Establecer en la cadena vacía para evitar siempre el prefijo 'ms'.",
			"emmetPreferencesCssOProperties": "Propiedades CSS separadas por comas que obtienen el prefijo de proveedor 'o' cuando se utilizan en la abreviatura Emmet que comienza con '-'. Establecer en la cadena vacía para evitar siempre el prefijo 'o'.",
			"emmetPreferencesCssWebkitProperties": "Propiedades CSS separadas por comas que obtienen el prefijo de proveedor 'webkit' cuando se utilizan en la abreviatura Emmet que comienza con '-'. Establecer en la cadena vacía para evitar siempre el prefijo 'webkit'.",
			"emmetPreferencesFilterCommentAfter": "Una definición de comentario que debe colocarse después de elemento emparejado cuando se aplica el filtro de comentarios.",
			"emmetPreferencesFilterCommentBefore": "Una definición de comentario que debe colocarse antes del elemento emparejado cuando se aplica el filtro de comentarios.",
			"emmetPreferencesFilterCommentTrigger": "Una lista separada por comas de nombres de atributos que debe existir en la abreviatura para que se aplique el filtro de comentarios",
			"emmetPreferencesFloatUnit": "Unidad predeterminada para valores float",
			"emmetPreferencesFormatForceIndentTags": "Una matriz de nombres de etiqueta que siempre debería recibir una sangría interna",
			"emmetPreferencesFormatNoIndentTags": "Una matriz de nombres de etiqueta que no debería recibir una sangría interna",
			"emmetPreferencesIntUnit": "Unidad predeterminada para valores enteros",
			"emmetPreferencesOutputInlineBreak": "Número de elementos alineados del mismo nivel para los que se necesita colocar saltos de línea entre ellos. Si el valor es \"0\", los elementos alineados siempre se expanden en una sola línea.",
			"emmetPreferencesOutputReverseAttributes": "Si es \"true\", revierte las direcciones de combinación de atributos al resolver fragmentos de código.",
			"emmetPreferencesOutputSelfClosingStyle": "Estilo de etiquetas de autocierre: HTML (\"<br>\"), XML (\"<br/>\") o XHTML (\"<br />\").",
			"emmetPreferencesSassAfter": "Símbolo que debe colocarse al final de una propiedad CSS cuando se expanden abreviaturas CSS en archivos SASS",
			"emmetPreferencesSassBetween": "Símbolo que debe colocarse entre una propiedad CSS y un valor cuando se expanden abreviaturas CSS en archivos SASS",
			"emmetPreferencesStylusAfter": "Símbolo que debe colocarse al final de una propiedad CSS cuando se expanden abreviaturas CSS en archivos Stylus",
			"emmetPreferencesStylusBetween": "Símbolo que debe colocarse entre una propiedad CSS y un valor cuando se expanden abreviaturas CSS en archivos Stylus",
			"emmetShowAbbreviationSuggestions": "Muestra posibles abreviaciones Emmet como sugerencias. No se aplica a hojas de estilos ni cuando emmet.showExpandedAbbreviation está establecido en \"never\". ",
			"emmetShowExpandedAbbreviation": "Muestra las abreviaciones Emmet expandidas como sugerencias.\r\nLa opción \"inMarkupAndStylesheetFilesOnly\" se aplica a html, haml, jade, slim, xml, xsl, css, scss, sass, less y stylus.\r\nLa opción \"always\" se aplica a todas las partes del archivo, independientemente del marcado o CSS.",
			"emmetShowSuggestionsAsSnippets": "Si es \"true\", las sugerencias Emmet se muestran como fragmentos de código, de modo que puede ordenarlas por el valor \"#editor.snippetSuggestions#\". ",
			"emmetSyntaxProfiles": "Defina el perfil de la sintaxis especificada o use su propio perfil con reglas específicas.",
			"emmetTriggerExpansionOnTab": "Cuando se habilita, las abreviaciones Emmet se expanden al presionar TAB, incluso cuando las finalizaciones no se muestran. Cuando está deshabilitada, las finalizaciones que se muestran se pueden aceptar presionando TAB.",
			"emmetUseInlineCompletions": "Si es \"true\", Emmet usará finalizaciones insertadas para sugerir expansiones. Para evitar que el proveedor de elementos de finalización no insertados aparezca con la frecuencia con la que esta configuración es \"true\", active \"#editor.quickSuggestions#\" en \"inline\" o \"off\" para el elemento \"other\".",
			"emmetVariables": "Variables para ser utilizadas en fragmentos de código de Emmet"
		}
	}
}