{
	"": [
		"--------------------------------------------------------------------------------------------",
		"Copyright (c) Microsoft Corporation. All rights reserved.",
		"Licensed under the MIT License. See License.txt in the project root for license information.",
		"--------------------------------------------------------------------------------------------",
		"Do not edit this file. It is machine generated."
	],
	"version": "1.0.0",
	"contents": {
		"bundle": {
			"Error validating custom environment setting: {0}": "Erro ao validar a configuração do ambiente personalizado: {0}",
			"Having trouble logging in?": "Está tendo problemas fazer logon?",
			"Microsoft Account configuration has been changed.": "A configuração da conta Microsoft foi alterada.",
			"Microsoft Authentication": "Autenticação da Microsoft",
			"Microsoft Sovereign Cloud Authentication": "Autenticação da Nuvem Soberana da Microsoft",
			"Open settings": "Abrir as configurações",
			"Paste authorization code here...": "Cole o código de autorização aqui...",
			"Provide the authorization code to complete the sign in flow.": "Forneça o código de autorização para concluir o fluxo de entrada.",
			"Reload": "Recarregar",
			"Signing in to Microsoft...": "Conectando-se na Microsoft...",
			"Signing in to your account...": "Entrando em sua conta...",
			"The environment `{0}` is not a valid environment.": "O ambiente `{0}` não é um ambiente válido.",
			"Would you like to try a different way to sign in to your Microsoft account? ({0})": "Gostaria de tentar uma maneira diferente de entrar na sua conta Microsoft? ({0})",
			"Yes": "Sim",
			"You have been signed out because reading stored authentication information failed.": "Você foi desconectado porque houve uma falha na leitura das informações de autenticação armazenadas.",
			"You must also specify a custom environment in order to use the custom environment auth provider.": "Você também deve especificar um ambiente personalizado para usar o provedor de autenticação do ambiente personalizado."
		},
		"package": {
			"description": "Provedor de autenticação da Microsoft",
			"displayName": "Conta Microsoft",
			"microsoft-authentication.implementation.description": "A implementação de autenticação a ser usada para entrar com uma conta Microsoft.",
			"microsoft-authentication.implementation.enumDescriptions.classic": "Use o fluxo de autenticação clássico para entrar com uma conta Microsoft.",
			"microsoft-authentication.implementation.enumDescriptions.msal": "Use a Biblioteca de Autenticação da Microsoft (MSAL) para entrar com uma conta Microsoft.",
			"microsoft-sovereign-cloud.customEnvironment.activeDirectoryEndpointUrl.description": "O ponto de extremidade do Active Directory para o Sovereign Cloud personalizado.",
			"microsoft-sovereign-cloud.customEnvironment.activeDirectoryResourceId.description": "O ID de recurso do Active Directory para o Sovereign Cloud personalizado.",
			"microsoft-sovereign-cloud.customEnvironment.description": "A configuração personalizada para a Nuvem Soberana usar com o provedor de autenticação da Nuvem Soberana da Microsoft. Isso junto com a configuração `#microsoft-sovereign-cloud.environment#` como `custom` é necessário para usar este recurso.",
			"microsoft-sovereign-cloud.customEnvironment.managementEndpointUrl.description": "O ponto de extremidade de gerenciamento para o Sovereign Cloud personalizado.",
			"microsoft-sovereign-cloud.customEnvironment.name.description": "O nome do Sovereign Cloud personalizado.",
			"microsoft-sovereign-cloud.customEnvironment.portalUrl.description": "A URL do portal para o Sovereign Cloud personalizado.",
			"microsoft-sovereign-cloud.customEnvironment.resourceManagerEndpointUrl.description": "O ponto de extremidade do gerenciador de recursos para a Nuvem Soberana personalizado.",
			"microsoft-sovereign-cloud.environment.description": "A Nuvem Soberana a ser usado para autenticação. Se você selecionar `custom`, também deverá definir a configuração `#microsoft-sovereign-cloud.customEnvironment#`.",
			"microsoft-sovereign-cloud.environment.enumDescriptions.AzureChinaCloud": "Azure China",
			"microsoft-sovereign-cloud.environment.enumDescriptions.AzureUSGovernment": "Governo dos EUA do Azure",
			"microsoft-sovereign-cloud.environment.enumDescriptions.custom": "Um Microsoft Sovereign Cloud personalizado",
			"signIn": "Entrar",
			"signOut": "Sair"
		}
	}
}