{
	"": [
		"--------------------------------------------------------------------------------------------",
		"Copyright (c) Microsoft Corporation. All rights reserved.",
		"Licensed under the MIT License. See License.txt in the project root for license information.",
		"--------------------------------------------------------------------------------------------",
		"Do not edit this file. It is machine generated."
	],
	"version": "1.0.0",
	"contents": {
		"bundle": {
			"Could not find a valid npm script at the selection.": "Am ausgewählten Ort wurde kein gültiges npm-Skript gefunden.",
			"Debug": "Debuggen",
			"Debug Script": "Debugskript",
			"Default bower.json": "Standarddatei \"bower.json\"",
			"Default package.json": "Standarddatei \"package.json\"",
			"Do not show again": "Nicht mehr anzeigen",
			"Latest version: {0}": "Aktuelle Version: {0}",
			"Latest version: {0} published {1}": "Neueste Version: {0} veröffentlicht {1}",
			"Learn more": "Weitere Informationen",
			"Matches the most recent major version (1.x.x)": "Entspricht der aktuellsten Hauptversion (1.x.x).",
			"Matches the most recent minor version (1.2.x)": "Entspricht der aktuellsten Nebenversion (1.2.x).",
			"No scripts found.": "Es wurden keine Skripts gefunden.",
			"Npm task detection: failed to parse the file {0}": "npm-Aufgabenerkennung: Fehler beim Analysieren der Datei \"{0}\".",
			"Request to the NPM repository failed: {0}": "Fehler bei der Anforderung des NPM-Repositorys: {0}",
			"Request to the bower repository failed: {0}": "Fehler bei der Anforderung des Bower-Repositorys: {0}",
			"Run Script": "Skript ausführen",
			"Run the script as a task": "Skript als Aufgabe ausführen",
			"Runs the script under the debugger": "Skript im Debugmodus ausführen",
			"The currently latest version of the package": "Die zurzeit neueste Version des Pakets.",
			"The setting \"npm.autoDetect\" is \"off\".": "Die Einstellung \"npm.autoDetect\" ist deaktiviert.",
			"Using {0} as the preferred package manager. Found multiple lockfiles for {1}.  To resolve this issue, delete the lockfiles that don't match your preferred package manager or change the setting \"npm.packageManager\" to a value other than \"auto\".": "\"{0}\" wird als bevorzugter Paket-Manager verwendet. Es wurden mehrere Sperrdateien für \"{1}\" gefunden. Um dieses Problem zu beheben, löschen Sie die Sperrdateien, die nicht mit Ihrem bevorzugten Paket-Manager übereinstimmen, oder ändern Sie die Einstellung „npm.packageManager>“ auf einen anderen Wert als „auto>“.",
			"in {0}": "in \"{0}\"",
			"latest": "Neueste",
			"now": "jetzt",
			"{0} day": "{0} Tag(e)",
			"{0} day ago": "Vor {0} Tag",
			"{0} days": "{0} Tage",
			"{0} days ago": "Vor {0} Tagen",
			"{0} hour": "{0} Stunde",
			"{0} hour ago": "Vor {0} Stunde",
			"{0} hours": "{0} Stunden",
			"{0} hours ago": "Vor {0} Stunden",
			"{0} hr": "{0} Std.",
			"{0} hr ago": "Vor {0} Stunde(n)",
			"{0} hrs": "{0} Stunde(n)",
			"{0} hrs ago": "Vor {0} Stunde(n)",
			"{0} min": "{0} min",
			"{0} min ago": "Vor {0} Minute(n)",
			"{0} mins": "{0} Minute(n)",
			"{0} mins ago": "Vor {0} Minute(n)",
			"{0} minute": "{0} Minute",
			"{0} minute ago": "Vor {0} Minute",
			"{0} minutes": "{0} Minuten",
			"{0} minutes ago": "vor {0} Minuten",
			"{0} mo": "{0} Monat",
			"{0} mo ago": "Vor {0} Monat(en)",
			"{0} month": "{0} Monat",
			"{0} month ago": "Vor {0} Monat",
			"{0} months": "{0} Monate",
			"{0} months ago": "Vor {0} Monaten",
			"{0} mos": "{0} Monate",
			"{0} mos ago": "Vor {0} Monat(en)",
			"{0} sec": "{0} Sek.",
			"{0} sec ago": "Vor {0} Sekunde(n)",
			"{0} second": "{0} Sekunde",
			"{0} second ago": "vor {0} Sekunde",
			"{0} seconds": "{0} Sekunden",
			"{0} seconds ago": "Vor {0} Sekunden",
			"{0} secs": "{0} Sekunde(n)",
			"{0} secs ago": "Vor {0} Sekunde(n)",
			"{0} week": "{0} Woche",
			"{0} week ago": "Vor {0} Woche",
			"{0} weeks": "{0} Wochen",
			"{0} weeks ago": "vor {0} Wochen",
			"{0} wk": "{0} Woche(n)",
			"{0} wk ago": "Vor {0} Woche(n)",
			"{0} wks": "{0} Woche(n)",
			"{0} wks ago": "Vor {0} Woche(n)",
			"{0} year": "{0} Jahr",
			"{0} year ago": "Vor {0} Jahr",
			"{0} years": "{0} Jahre",
			"{0} years ago": "Vor {0} Jahren",
			"{0} yr": "{0} Jahr(e)",
			"{0} yr ago": "Vor {0} Jahre(n)",
			"{0} yrs": "{0} Jahr(e)",
			"{0} yrs ago": "Vor {0} Jahr(en)"
		},
		"package": {
			"command.debug": "Debuggen",
			"command.openScript": "Öffnen",
			"command.packageManager": "Konfigurierten Paket-Manager abrufen",
			"command.refresh": "Aktualisieren",
			"command.run": "Starten",
			"command.runInstall": "Installation ausführen",
			"command.runScriptFromFolder": "NPM-Skript im Ordner ausführen...",
			"command.runSelectedScript": "Skript ausführen",
			"config.npm.autoDetect": "Legt fest, ob npm-Skripts automatisch erkannt werden sollen.",
			"config.npm.enableRunFromFolder": "Aktivieren Sie das Ausführen von NPM-Skripts, die sich in einem Ordner im Kontextmenü des Explorers befinden.",
			"config.npm.enableScriptExplorer": "Hiermit wird eine Explorer-Ansicht für npm-Skripts aktiviert, wenn auf der obersten Ebene keine Datei \"package.json\" vorliegt.",
			"config.npm.exclude": "Konfigurieren Sie Globmuster für Ordner, die von der automatischen Skripterkennung ausgeschlossen werden sollen.",
			"config.npm.fetchOnlinePackageInfo": "Rufen Sie Daten von https://registry.npmjs.org und https://registry.bower.io ab, um die automatische Vervollständigung zu ermöglichen und Informationen zu Hoverfeatures von npm-Abhängigkeiten bereitzustellen.",
			"config.npm.packageManager": "Der zu verwendende Paket-Manager, um Skripte auszuführen.",
			"config.npm.packageManager.auto": "Hiermit wird basierend auf Sperrdateien und installierten Paket-Managern automatisch erkannt, welcher Paket-Manager für das Ausführen von Skripts verwendet werden soll.",
			"config.npm.packageManager.bun": "Hiermit wird bun als Paket-Manager zum Ausführen von Skripts verwendet.",
			"config.npm.packageManager.npm": "Hiermit wird npm als Paket-Manager zum Ausführen von Skripts verwendet.",
			"config.npm.packageManager.pnpm": "Hiermit wird pnpm als Paket-Manager zum Ausführen von Skripts verwendet.",
			"config.npm.packageManager.yarn": "Hiermit wird Yarn als Paket-Manager zum Ausführen von Skripts verwendet.",
			"config.npm.runSilent": "npm-Befehle mit der Option \"--silent\" ausführen.",
			"config.npm.scriptExplorerAction": "Die Klickaktion, die im NPM-Skript-Explorer standardmäßig verwendet wird: „Öffnen“ (Standard) oder „Ausführen“.",
			"config.npm.scriptExplorerExclude": "Ein Array regulärer Ausdrücke, das angibt, welche Skripts aus der NPM-Skriptansicht ausgeschlossen werden sollen.",
			"config.npm.scriptHover": "Zeigen Sie den Mauszeiger mit den Befehlen „Ausführen“ und „Debuggen“ für Skripts an.",
			"description": "Erweiterung zum Hinzufügen von Aufgabenunterstützung für NPM-Skripts.",
			"displayName": "npm-Unterstützung für VS Code",
			"npm.parseError": "npm-Aufgabenerkennung: Fehler beim Analysieren der Datei \"{0}\".",
			"taskdef.path": "Der Pfad zum Ordner der package.json-Datei, die das Skript bereitstellt. Kann weggelassen werden.",
			"taskdef.script": "Das anzupassende NPM-Skript.",
			"view.name": "npm-Skripts",
			"virtualWorkspaces": "Funktionen, die das Ausführen des Befehls „npm“ erfordern, sind in virtuellen Arbeitsbereichen nicht verfügbar.",
			"workspaceTrust": "Mit dieser Erweiterung werden Aufgaben ausgeführt, für deren Ausführung eine Vertrauensstellung erforderlich ist."
		}
	}
}