{
	"": [
		"--------------------------------------------------------------------------------------------",
		"Copyright (c) Microsoft Corporation. All rights reserved.",
		"Licensed under the MIT License. See License.txt in the project root for license information.",
		"--------------------------------------------------------------------------------------------",
		"Do not edit this file. It is machine generated."
	],
	"version": "1.0.0",
	"contents": {
		"bundle": {
			"\"{0}\" has fingerprint \"{1}\"": "\"{0}\" hæs fïñgërprïñt \"{1}\"",
			"$(info) Remote \"{0}\" has no tags.": "$(ïñfø) Rëmøtë \"{0}\" hæs ñø tægs.",
			"$(info) This repository has no stashes.": "$(ïñfø) Thïs rëpøsïtørÿ hæs ñø stæshës.",
			"$(info) This repository has no tags.": "$(ïñfø) Thïs rëpøsïtørÿ hæs ñø tægs.",
			"A branch named \"{0}\" already exists": "Æ þræñçh ñæmëð \"{0}\" ælrëæðÿ ëxïsts",
			"A git repository was found in the parent folders of the workspace or the open file(s). Would you like to open the repository?": "Æ gït rëpøsïtørÿ wæs føµñð ïñ thë pærëñt følðërs øf thë wørkspæçë ør thë øpëñ fïlë(s). Wøµlð ÿøµ lïkë tø øpëñ thë rëpøsïtørÿ?",
			"Absolute paths not supported in \"git.scanRepositories\" setting.": "Æþsølµtë pæths ñøt sµppørtëð ïñ \"gït.sçæñRëpøsïtørïës\" sëttïñg.",
			"Add Remote": "Æðð Rëmøtë",
			"Add a new remote...": "Æðð æ ñëw rëmøtë...",
			"Add remote from URL": "Æðð rëmøtë frøm ÜR£",
			"Add remote from {0}": "Æðð rëmøtë frøm {0}",
			"Add to Workspace": "Æðð tø Wørkspæçë",
			"All Changes ({0} ↔ {1})": "Æll Çhæñgës ({0} ↔ {1})",
			"All Repositories": "Æll Rëpøsïtørïës",
			"Always": "Ælwæÿs",
			"Always Pull": "Ælwæÿs Pµll",
			"Always Replace Local Tag(s)": "Ælwæÿs Rëplæçë £øçæl Tæg(s)",
			"Are you sure you want to DELETE {0} files?\nThis is IRREVERSIBLE!\nThese files will be FOREVER LOST if you proceed.": "Ærë ÿøµ sµrë ÿøµ wæñt tø ÐË£ËTË {0} fïlës?\nThïs ïs ÏRRËVËR§Ïß£Ë!\nThësë fïlës wïll þë FØRËVËR £Ø§T ïf ÿøµ prøçëëð.",
			"Are you sure you want to DELETE {0}?\nThis is IRREVERSIBLE!\nThis file will be FOREVER LOST if you proceed.": "Ærë ÿøµ sµrë ÿøµ wæñt tø ÐË£ËTË {0}?\nThïs ïs ÏRRËVËR§Ïß£Ë!\nThïs fïlë wïll þë FØRËVËR £Ø§T ïf ÿøµ prøçëëð.",
			"Are you sure you want to continue connecting?": "Ærë ÿøµ sµrë ÿøµ wæñt tø çøñtïñµë çøññëçtïñg?",
			"Are you sure you want to create an empty commit?": "Ærë ÿøµ sµrë ÿøµ wæñt tø çrëætë æñ ëmptÿ çømmït?",
			"Are you sure you want to discard ALL changes in {0} files?\nThis is IRREVERSIBLE!\nYour current working set will be FOREVER LOST if you proceed.": "Ærë ÿøµ sµrë ÿøµ wæñt tø ðïsçærð Æ££ çhæñgës ïñ {0} fïlës?\nThïs ïs ÏRRËVËR§Ïß£Ë!\nÝøµr çµrrëñt wørkïñg sët wïll þë FØRËVËR £Ø§T ïf ÿøµ prøçëëð.",
			"Are you sure you want to discard changes in {0} files?": "Ærë ÿøµ sµrë ÿøµ wæñt tø ðïsçærð çhæñgës ïñ {0} fïlës?",
			"Are you sure you want to discard changes in {0}?": "Ærë ÿøµ sµrë ÿøµ wæñt tø ðïsçærð çhæñgës ïñ {0}?",
			"Are you sure you want to drop ALL stashes? There are {0} stashes that will be subject to pruning, and MAY BE IMPOSSIBLE TO RECOVER.": "Ærë ÿøµ sµrë ÿøµ wæñt tø ðrøp Æ££ stæshës? Thërë ærë {0} stæshës thæt wïll þë sµþjëçt tø prµñïñg, æñð MÆÝ ßË ÏMPØ§§Ïß£Ë TØ RËÇØVËR.",
			"Are you sure you want to drop ALL stashes? There is 1 stash that will be subject to pruning, and MAY BE IMPOSSIBLE TO RECOVER.": "Ærë ÿøµ sµrë ÿøµ wæñt tø ðrøp Æ££ stæshës? Thërë ïs 1 stæsh thæt wïll þë sµþjëçt tø prµñïñg, æñð MÆÝ ßË ÏMPØ§§Ïß£Ë TØ RËÇØVËR.",
			"Are you sure you want to drop the stash: {0}?": "Ærë ÿøµ sµrë ÿøµ wæñt tø ðrøp thë stæsh: {0}?",
			"Are you sure you want to restore {0} files?": "Ærë ÿøµ sµrë ÿøµ wæñt tø rëstørë {0} fïlës?",
			"Are you sure you want to restore {0}?": "Ærë ÿøµ sµrë ÿøµ wæñt tø rëstørë {0}?",
			"Are you sure you want to stage {0} files with merge conflicts?": "Ærë ÿøµ sµrë ÿøµ wæñt tø stægë {0} fïlës wïth mërgë çøñflïçts?",
			"Are you sure you want to stage {0} with merge conflicts?": "Ærë ÿøµ sµrë ÿøµ wæñt tø stægë {0} wïth mërgë çøñflïçts?",
			"Ask Me Later": "Æsk Më £ætër",
			"Branch name": "ßræñçh ñæmë",
			"Branch name needs to match regex: {0}": "ßræñçh ñæmë ñëëðs tø mætçh rëgëx: {0}",
			"Can't force push refs to remote. The tip of the remote-tracking branch has been updated since the last checkout. Try running \"Pull\" first to pull the latest changes from the remote branch first.": "Çæñ't førçë pµsh rëfs tø rëmøtë. Thë tïp øf thë rëmøtë-træçkïñg þræñçh hæs þëëñ µpðætëð sïñçë thë læst çhëçkøµt. Trÿ rµññïñg \"Pµll\" fïrst tø pµll thë lætëst çhæñgës frøm thë rëmøtë þræñçh fïrst.",
			"Can't push refs to remote. Try running \"Pull\" first to integrate your changes.": "Çæñ't pµsh rëfs tø rëmøtë. Trÿ rµññïñg \"Pµll\" fïrst tø ïñtëgrætë ÿøµr çhæñgës.",
			"Can't undo because HEAD doesn't point to any commit.": "Çæñ't µñðø þëçæµsë HËÆÐ ðøësñ't pøïñt tø æñÿ çømmït.",
			"Changes": "Çhæñgës",
			"Checking Out Branch/Tag...": "Çhëçkïñg Øµt ßræñçh/Tæg...",
			"Checking Out Changes...": "Çhëçkïñg Øµt Çhæñgës...",
			"Checkout Branch/Tag...": "Çhëçkøµt ßræñçh/Tæg...",
			"Choose Folder...": "Çhøøsë Følðër...",
			"Choose a folder to clone {0} into": "Çhøøsë æ følðër tø çløñë {0} ïñtø",
			"Choose a repository": "Çhøøsë æ rëpøsïtørÿ",
			"Choose which repository to clone": "Çhøøsë whïçh rëpøsïtørÿ tø çløñë",
			"Clear whitespace characters": "Çlëær whïtëspæçë çhæræçtërs",
			"Clone from URL": "Çløñë frøm ÜR£",
			"Clone from {0}": "Çløñë frøm {0}",
			"Cloning git repository \"{0}\"...": "Çløñïñg gït rëpøsïtørÿ \"{0}\"...",
			"Commit": "Çømmït",
			"Commit & Push Changes": "Çømmït & Pµsh Çhæñgës",
			"Commit & Sync Changes": "Çømmït & §ÿñç Çhæñgës",
			"Commit Anyway": "Çømmït Æñÿwæÿ",
			"Commit Changes": "Çømmït Çhæñgës",
			"Commit Changes on \"{0}\"": "Çømmït Çhæñgës øñ \"{0}\"",
			"Commit Changes to New Branch": "Çømmït Çhæñgës tø Ñëw ßræñçh",
			"Commit Hash": "Çømmït Hæsh",
			"Commit message": "Çømmït mëssægë",
			"Commit operation was cancelled due to empty commit message.": "Çømmït øpërætïøñ wæs çæñçëllëð ðµë tø ëmptÿ çømmït mëssægë.",
			"Commit to New Branch & Push Changes": "Çømmït tø Ñëw ßræñçh & Pµsh Çhæñgës",
			"Commit to New Branch & Synchronize Changes": "Çømmït tø Ñëw ßræñçh & §ÿñçhrøñïzë Çhæñgës",
			"Commit to a New Branch": "Çømmït tø æ Ñëw ßræñçh",
			"Commits without verification are not allowed, please enable them with the \"git.allowNoVerifyCommit\" setting.": "Çømmïts wïthøµt vërïfïçætïøñ ærë ñøt ælløwëð, plëæsë ëñæþlë thëm wïth thë \"gït.ælløwÑøVërïfÿÇømmït\" sëttïñg.",
			"Committing & Pushing Changes...": "Çømmïttïñg & Pµshïñg Çhæñgës...",
			"Committing & Synchronizing Changes...": "Çømmïttïñg & §ÿñçhrøñïzïñg Çhæñgës...",
			"Committing Changes to New Branch...": "Çømmïttïñg Çhæñgës tø Ñëw ßræñçh...",
			"Committing Changes...": "Çømmïttïñg Çhæñgës...",
			"Committing to New Branch & Pushing Changes...": "Çømmïttïñg tø Ñëw ßræñçh & Pµshïñg Çhæñgës...",
			"Committing to New Branch & Synchronizing Changes...": "Çømmïttïñg tø Ñëw ßræñçh & §ÿñçhrøñïzïñg Çhæñgës...",
			"Conflict: Added By Them": "Çøñflïçt: Æððëð ßÿ Thëm",
			"Conflict: Added By Us": "Çøñflïçt: Æððëð ßÿ Üs",
			"Conflict: Both Added": "Çøñflïçt: ßøth Æððëð",
			"Conflict: Both Deleted": "Çøñflïçt: ßøth Ðëlëtëð",
			"Conflict: Both Modified": "Çøñflïçt: ßøth Møðïfïëð",
			"Conflict: Deleted By Them": "Çøñflïçt: Ðëlëtëð ßÿ Thëm",
			"Conflict: Deleted By Us": "Çøñflïçt: Ðëlëtëð ßÿ Üs",
			"Continue Rebase": "Çøñtïñµë Rëþæsë",
			"Continuing Rebase...": "Çøñtïñµïñg Rëþæsë...",
			"Copy Commit Hash": "Çøpÿ Çømmït Hæsh",
			"Could not clone your repository as Git is not installed.": "Çøµlð ñøt çløñë ÿøµr rëpøsïtørÿ æs Gït ïs ñøt ïñstællëð.",
			"Create Empty Commit": "Çrëætë Ëmptÿ Çømmït",
			"Current": "Çµrrëñt",
			"Current commit message only contains whitespace characters": "Çµrrëñt çømmït mëssægë øñlÿ çøñtæïñs whïtëspæçë çhæræçtërs",
			"Delete Branch": "Ðëlëtë ßræñçh",
			"Delete File": "Ðëlëtë Fïlë",
			"Delete Files": "Ðëlëtë Fïlës",
			"Delete file": "Ðëlëtë fïlë",
			"Deleted": "Ðëlëtëð",
			"Discard 1 File": "Ðïsçærð 1 Fïlë",
			"Discard 1 Tracked File": "Ðïsçærð 1 Træçkëð Fïlë",
			"Discard All {0} Files": "Ðïsçærð Æll {0} Fïlës",
			"Discard Changes": "Ðïsçærð Çhæñgës",
			"Discard {0} Tracked Files": "Ðïsçærð {0} Træçkëð Fïlës",
			"Don't Pull": "Ðøñ't Pµll",
			"Don't Show Again": "Ðøñ't §høw Ægæïñ",
			"Download Git": "Ðøwñløæð Gït",
			"Email": "Ëmæïl",
			"Enables the following features: {0}": "Ëñæþlës thë følløwïñg fëætµrës: {0}",
			"Failed to authenticate to git remote.": "Fæïlëð tø æµthëñtïçætë tø gït rëmøtë.",
			"Failed to authenticate to git remote:\n\n{0}": "Fæïlëð tø æµthëñtïçætë tø gït rëmøtë:\n\n{0}",
			"File \"{0}\" was deleted by them and modified by us.\n\nWhat would you like to do?": "Fïlë \"{0}\" wæs ðëlëtëð þÿ thëm æñð møðïfïëð þÿ µs.\n\nWhæt wøµlð ÿøµ lïkë tø ðø?",
			"File \"{0}\" was deleted by us and modified by them.\n\nWhat would you like to do?": "Fïlë \"{0}\" wæs ðëlëtëð þÿ µs æñð møðïfïëð þÿ thëm.\n\nWhæt wøµlð ÿøµ lïkë tø ðø?",
			"Force Checkout": "Førçë Çhëçkøµt",
			"Force push is not allowed, please enable it with the \"git.allowForcePush\" setting.": "Førçë pµsh ïs ñøt ælløwëð, plëæsë ëñæþlë ït wïth thë \"gït.ælløwFørçëPµsh\" sëttïñg.",
			"Git Blame Information": "Gït ßlæmë Ïñførmætïøñ",
			"Git History": "Gït Hïstørÿ",
			"Git error": "Gït ërrør",
			"Git local changes (working tree + index)": "Gït løçæl çhæñgës (wørkïñg trëë + ïñðëx)",
			"Git local changes (working tree)": "Gït løçæl çhæñgës (wørkïñg trëë)",
			"Git not found. Install it or configure it using the \"git.path\" setting.": "Gït ñøt føµñð. Ïñstæll ït ør çøñfïgµrë ït µsïñg thë \"gït.pæth\" sëttïñg.",
			"Git repositories were found in the parent folders of the workspace or the open file(s). Would you like to open the repositories?": "Gït rëpøsïtørïës wërë føµñð ïñ thë pærëñt følðërs øf thë wørkspæçë ør thë øpëñ fïlë(s). Wøµlð ÿøµ lïkë tø øpëñ thë rëpøsïtørïës?",
			"Git: {0}": "Gït: {0}",
			"HEAD version of \"{0}\" is not available.": "HËÆÐ vërsïøñ øf \"{0}\" ïs ñøt ævæïlæþlë.",
			"Hard wrap all lines": "Hærð wræp æll lïñës",
			"Hard wrap line": "Hærð wræp lïñë",
			"Ignored": "Ïgñørëð",
			"Incoming": "Ïñçømïñg",
			"Incoming Changes": "Ïñçømïñg Çhæñgës",
			"Incoming Changes (added)": "Ïñçømïñg Çhæñgës (æððëð)",
			"Incoming Changes (deleted)": "Ïñçømïñg Çhæñgës (ðëlëtëð)",
			"Incoming Changes (modified)": "Ïñçømïñg Çhæñgës (møðïfïëð)",
			"Incoming Changes (renamed)": "Ïñçømïñg Çhæñgës (rëñæmëð)",
			"Index Added": "Ïñðëx Æððëð",
			"Index Copied": "Ïñðëx Çøpïëð",
			"Index Deleted": "Ïñðëx Ðëlëtëð",
			"Index Modified": "Ïñðëx Møðïfïëð",
			"Index Renamed": "Ïñðëx Rëñæmëð",
			"Initialize Repository": "Ïñïtïælïzë Rëpøsïtørÿ",
			"Intent to Add": "Ïñtëñt tø Æðð",
			"Intent to Rename": "Ïñtëñt tø Rëñæmë",
			"Invalid branch name": "Ïñvælïð þræñçh ñæmë",
			"It looks like the current branch \"{0}\" might have been rebased. Are you sure you still want to pull into it?": "Ït løøks lïkë thë çµrrëñt þræñçh \"{0}\" mïght hævë þëëñ rëþæsëð. Ærë ÿøµ sµrë ÿøµ stïll wæñt tø pµll ïñtø ït?",
			"It looks like the current branch might have been rebased. Are you sure you still want to pull into it?": "Ït løøks lïkë thë çµrrëñt þræñçh mïght hævë þëëñ rëþæsëð. Ærë ÿøµ sµrë ÿøµ stïll wæñt tø pµll ïñtø ït?",
			"It's not possible to change the commit message in the middle of a rebase. Please complete the rebase operation and use interactive rebase instead.": "Ït's ñøt pøssïþlë tø çhæñgë thë çømmït mëssægë ïñ thë mïððlë øf æ rëþæsë. Plëæsë çømplëtë thë rëþæsë øpërætïøñ æñð µsë ïñtëræçtïvë rëþæsë ïñstëæð.",
			"Keep Our Version": "Këëp Øµr Vërsïøñ",
			"Keep Their Version": "Këëp Thëïr Vërsïøñ",
			"Learn More": "£ëærñ Mørë",
			"Make sure you configure your \"user.name\" and \"user.email\" in git.": "Mækë sµrë ÿøµ çøñfïgµrë ÿøµr \"µsër.ñæmë\" æñð \"µsër.ëmæïl\" ïñ gït.",
			"Manage Unsafe Repositories": "Mæñægë Üñsæfë Rëpøsïtørïës",
			"Merge Changes": "Mërgë Çhæñgës",
			"Message": "Mëssægë",
			"Message (commit on \"{0}\")": "Mëssægë (çømmït øñ \"{0}\")",
			"Message ({0} to commit on \"{1}\")": "Mëssægë ({0} tø çømmït øñ \"{1}\")",
			"Message ({0} to commit)": "Mëssægë ({0} tø çømmït)",
			"Migrate Changes": "Mïgrætë Çhæñgës",
			"Modified": "Møðïfïëð",
			"Never": "Ñëvër",
			"No": "Ñø",
			"No rebase in progress.": "Ñø rëþæsë ïñ prøgrëss.",
			"Not Committed Yet": "Ñøt Çømmïttëð Ýët",
			"Not Committed Yet (Staged)": "Ñøt Çømmïttëð Ýët (§tægëð)",
			"OK": "ØK",
			"OK, Don't Ask Again": "ØK, Ðøñ't Æsk Ægæïñ",
			"OK, Don't Show Again": "ØK, Ðøñ't §høw Ægæïñ",
			"Open": "Øpëñ",
			"Open Commit": "Øpëñ Çømmït",
			"Open Comparison": "Øpëñ Çømpærïsøñ",
			"Open File": "Øpëñ Fïlë",
			"Open Git Log": "Øpëñ Gït £øg",
			"Open Merge": "Øpëñ Mërgë",
			"Open Repositories In Parent Folders": "Øpëñ Rëpøsïtørïës Ïñ Pærëñt Følðërs",
			"Open Repository": "Øpëñ Rëpøsïtørÿ",
			"Open in New Window": "Øpëñ ïñ Ñëw Wïñðøw",
			"Optionally provide a stash message": "Øptïøñællÿ prøvïðë æ stæsh mëssægë",
			"Passphrase": "Pæssphræsë",
			"Pick a branch to pull from": "Pïçk æ þræñçh tø pµll frøm",
			"Pick a provider to publish the branch \"{0}\" to:": "Pïçk æ prøvïðër tø pµþlïsh thë þræñçh \"{0}\" tø:",
			"Pick a remote to publish the branch \"{0}\" to:": "Pïçk æ rëmøtë tø pµþlïsh thë þræñçh \"{0}\" tø:",
			"Pick a remote to pull the branch from": "Pïçk æ rëmøtë tø pµll thë þræñçh frøm",
			"Pick a remote to remove": "Pïçk æ rëmøtë tø rëmøvë",
			"Pick a repository to mark as safe and open": "Pïçk æ rëpøsïtørÿ tø mærk æs sæfë æñð øpëñ",
			"Pick a repository to open": "Pïçk æ rëpøsïtørÿ tø øpëñ",
			"Pick a repository to reopen": "Pïçk æ rëpøsïtørÿ tø rëøpëñ",
			"Pick a stash to apply": "Pïçk æ stæsh tø æpplÿ",
			"Pick a stash to drop": "Pïçk æ stæsh tø ðrøp",
			"Pick a stash to pop": "Pïçk æ stæsh tø pøp",
			"Pick a stash to view": "Pïçk æ stæsh tø vïëw",
			"Pick workspace folder to initialize git repo in": "Pïçk wørkspæçë følðër tø ïñïtïælïzë gït rëpø ïñ",
			"Please check out a branch to push to a remote.": "Plëæsë çhëçk øµt æ þræñçh tø pµsh tø æ rëmøtë.",
			"Please clean your repository working tree before checkout.": "Plëæsë çlëæñ ÿøµr rëpøsïtørÿ wørkïñg trëë þëførë çhëçkøµt.",
			"Please provide a commit message": "Plëæsë prøvïðë æ çømmït mëssægë",
			"Please provide a message to annotate the tag": "Plëæsë prøvïðë æ mëssægë tø æññøtætë thë tæg",
			"Please provide a new branch name": "Plëæsë prøvïðë æ ñëw þræñçh ñæmë",
			"Please provide a remote name": "Plëæsë prøvïðë æ rëmøtë ñæmë",
			"Please provide a tag name": "Plëæsë prøvïðë æ tæg ñæmë",
			"Please provide the commit hash": "Plëæsë prøvïðë thë çømmït hæsh",
			"Publish Branch": "Pµþlïsh ßræñçh",
			"Publish Branch \"{0}\"/{Locked=\"Branch\"}Do not translate \"Branch\" as it is a git term": "Pµþlïsh Branch \"{0}\"",
			"Publish Branch/{Locked=\"Branch\"}Do not translate \"Branch\" as it is a git term": "Pµþlïsh Branch",
			"Publish to {0}": "Pµþlïsh tø {0}",
			"Publish to...": "Pµþlïsh tø...",
			"Publishing Branch \"{0}\".../{Locked=\"Branch\"}Do not translate \"Branch\" as it is a git term": "Pµþlïshïñg Branch \"{0}\"...",
			"Publishing Branch.../{Locked=\"Branch\"}Do not translate \"Branch\" as it is a git term": "Pµþlïshïñg Branch...",
			"Pull": "Pµll",
			"Pull {0} and push {1} commits between {2}/{3}": "Pµll {0} æñð pµsh {1} çømmïts þëtwëëñ {2}/{3}",
			"Pull {0} commits from {1}/{2}": "Pµll {0} çømmïts frøm {1}/{2}",
			"Push {0} commits to {1}/{2}": "Pµsh {0} çømmïts tø {1}/{2}",
			"Rebasing": "Rëþæsïñg",
			"Regenerate Branch Name": "Rëgëñërætë ßræñçh Ñæmë",
			"Remote \"{0}\" already exists.": "Rëmøtë \"{0}\" ælrëæðÿ ëxïsts.",
			"Remote branch at {0}": "Rëmøtë þræñçh æt {0}",
			"Remote name": "Rëmøtë ñæmë",
			"Remote name format invalid": "Rëmøtë ñæmë førmæt ïñvælïð",
			"Remote tag at {0}": "Rëmøtë tæg æt {0}",
			"Reopen Closed Repositories": "Rëøpëñ Çløsëð Rëpøsïtørïës",
			"Replace Local Tag(s)": "Rëplæçë £øçæl Tæg(s)",
			"Restore file": "Rëstørë fïlë",
			"Restore files": "Rëstørë fïlës",
			"Save All & Commit Changes": "§ævë Æll & Çømmït Çhæñgës",
			"Save All & Stash": "§ævë Æll & §tæsh",
			"Select a branch or tag to checkout": "§ëlëçt æ þræñçh ør tæg tø çhëçkøµt",
			"Select a branch or tag to merge from": "§ëlëçt æ þræñçh ør tæg tø mërgë frøm",
			"Select a branch to checkout in detached mode": "§ëlëçt æ þræñçh tø çhëçkøµt ïñ ðëtæçhëð møðë",
			"Select a branch to delete": "§ëlëçt æ þræñçh tø ðëlëtë",
			"Select a branch to rebase onto": "§ëlëçt æ þræñçh tø rëþæsë øñtø",
			"Select a ref to create the branch from": "§ëlëçt æ rëf tø çrëætë thë þræñçh frøm",
			"Select a remote tag to delete": "§ëlëçt æ rëmøtë tæg tø ðëlëtë",
			"Select a remote to delete a tag from": "§ëlëçt æ rëmøtë tø ðëlëtë æ tæg frøm",
			"Select a remote to fetch": "§ëlëçt æ rëmøtë tø fëtçh",
			"Select a tag to delete": "§ëlëçt æ tæg tø ðëlëtë",
			"Select as Repository Destination": "§ëlëçt æs Rëpøsïtørÿ Ðëstïñætïøñ",
			"Show Changes": "§høw Çhæñgës",
			"Show Command Output": "§høw Çømmæñð Øµtpµt",
			"Staged Changes": "§tægëð Çhæñgës",
			"Stash & Checkout": "§tæsh & Çhëçkøµt",
			"Stash Anyway": "§tæsh Æñÿwæÿ",
			"Stash message": "§tæsh mëssægë",
			"Stashed Changes": "§tæshëð Çhæñgës",
			"Successfully pushed.": "§µççëssfµllÿ pµshëð.",
			"Synchronize Changes": "§ÿñçhrøñïzë Çhæñgës",
			"Synchronizing Changes...": "§ÿñçhrøñïzïñg Çhæñgës...",
			"Syncing. Cancelling may cause serious damages to the repository": "§ÿñçïñg. Çæñçëllïñg mæÿ çæµsë sërïøµs ðæmægës tø thë rëpøsïtørÿ",
			"Tag at {0}": "Tæg æt {0}",
			"Tag name": "Tæg ñæmë",
			"The \"{0}\" repository has {1} submodules which won't be opened automatically. You can still open each one individually by opening a file within.": "Thë \"{0}\" rëpøsïtørÿ hæs {1} sµþmøðµlës whïçh wøñ't þë øpëñëð æµtømætïçællÿ. Ýøµ çæñ stïll øpëñ ëæçh øñë ïñðïvïðµællÿ þÿ øpëñïñg æ fïlë wïthïñ.",
			"The branch \"{0}\" has no remote branch. Would you like to publish this branch?": "Thë þræñçh \"{0}\" hæs ñø rëmøtë þræñçh. Wøµlð ÿøµ lïkë tø pµþlïsh thïs þræñçh?",
			"The branch \"{0}\" is not fully merged. Delete anyway?": "Thë þræñçh \"{0}\" ïs ñøt fµllÿ mërgëð. Ðëlëtë æñÿwæÿ?",
			"The changes are already present in the current branch.": "Thë çhæñgës ærë ælrëæðÿ prësëñt ïñ thë çµrrëñt þræñçh.",
			"The current branch is not published to the remote. Would you like to publish it to access your changes elsewhere?": "Thë çµrrëñt þræñçh ïs ñøt pµþlïshëð tø thë rëmøtë. Wøµlð ÿøµ lïkë tø pµþlïsh ït tø æççëss ÿøµr çhæñgës ëlsëwhërë?",
			"The following file has unsaved changes which won't be included in the commit if you proceed: {0}.\n\nWould you like to save it before committing?": "Thë følløwïñg fïlë hæs µñsævëð çhæñgës whïçh wøñ't þë ïñçlµðëð ïñ thë çømmït ïf ÿøµ prøçëëð: {0}.\n\nWøµlð ÿøµ lïkë tø sævë ït þëførë çømmïttïñg?",
			"The following file has unsaved changes which won't be included in the stash if you proceed: {0}.\n\nWould you like to save it before stashing?": "Thë følløwïñg fïlë hæs µñsævëð çhæñgës whïçh wøñ't þë ïñçlµðëð ïñ thë stæsh ïf ÿøµ prøçëëð: {0}.\n\nWøµlð ÿøµ lïkë tø sævë ït þëførë stæshïñg?",
			"The following untracked file will be DELETED FROM DISK if discarded: {0}.": "Thë følløwïñg µñtræçkëð fïlë wïll þë ÐË£ËTËÐ FRØM ÐÏ§K ïf ðïsçærðëð: {0}.",
			"The git repositories in the current folder are potentially unsafe as the folders are owned by someone other than the current user.": "Thë gït rëpøsïtørïës ïñ thë çµrrëñt følðër ærë pøtëñtïællÿ µñsæfë æs thë følðërs ærë øwñëð þÿ sømëøñë øthër thæñ thë çµrrëñt µsër.",
			"The git repository at \"{0}\" has too many active changes, only a subset of Git features will be enabled.": "Thë gït rëpøsïtørÿ æt \"{0}\" hæs tøø mæñÿ æçtïvë çhæñgës, øñlÿ æ sµþsët øf Gït fëætµrës wïll þë ëñæþlëð.",
			"The git repository in the current folder is potentially unsafe as the folder is owned by someone other than the current user.": "Thë gït rëpøsïtørÿ ïñ thë çµrrëñt følðër ïs pøtëñtïællÿ µñsæfë æs thë følðër ïs øwñëð þÿ sømëøñë øthër thæñ thë çµrrëñt µsër.",
			"The last commit was a merge commit. Are you sure you want to undo it?": "Thë læst çømmït wæs æ mërgë çømmït. Ærë ÿøµ sµrë ÿøµ wæñt tø µñðø ït?",
			"The new branch will be \"{0}\"": "Thë ñëw þræñçh wïll þë \"{0}\"",
			"The repository does not have any changes.": "Thë rëpøsïtørÿ ðøës ñøt hævë æñÿ çhæñgës.",
			"The repository does not have any commits. Please make an initial commit before creating a stash.": "Thë rëpøsïtørÿ ðøës ñøt hævë æñÿ çømmïts. Plëæsë mækë æñ ïñïtïæl çømmït þëførë çrëætïñg æ stæsh.",
			"The repository does not have any staged changes.": "Thë rëpøsïtørÿ ðøës ñøt hævë æñÿ stægëð çhæñgës.",
			"The repository does not have any untracked changes.": "Thë rëpøsïtørÿ ðøës ñøt hævë æñÿ µñtræçkëð çhæñgës.",
			"The selection range does not contain any changes.": "Thë sëlëçtïøñ ræñgë ðøës ñøt çøñtæïñ æñÿ çhæñgës.",
			"There are known issues with the installed Git \"{0}\". Please update to Git >= 2.27 for the git features to work correctly.": "Thërë ærë kñøwñ ïssµës wïth thë ïñstællëð Gït \"{0}\". Plëæsë µpðætë tø Gït >= 2.27 før thë gït fëætµrës tø wørk çørrëçtlÿ.",
			"There are merge conflicts. Resolve them before committing.": "Thërë ærë mërgë çøñflïçts. Rësølvë thëm þëførë çømmïttïñg.",
			"There are no available repositories": "Thërë ærë ñø ævæïlæþlë rëpøsïtørïës",
			"There are no changes to commit.": "Thërë ærë ñø çhæñgës tø çømmït.",
			"There are no changes to stash.": "Thërë ærë ñø çhæñgës tø stæsh.",
			"There are no staged changes to commit.\n\nWould you like to stage all your changes and commit them directly?": "Thërë ærë ñø stægëð çhæñgës tø çømmït.\n\nWøµlð ÿøµ lïkë tø stægë æll ÿøµr çhæñgës æñð çømmït thëm ðïrëçtlÿ?",
			"There are no staged changes to stash.": "Thërë ærë ñø stægëð çhæñgës tø stæsh.",
			"There are no stashes in the repository.": "Thërë ærë ñø stæshës ïñ thë rëpøsïtørÿ.",
			"There are {0} unsaved files.\n\nWould you like to save them before committing?": "Thërë ærë {0} µñsævëð fïlës.\n\nWøµlð ÿøµ lïkë tø sævë thëm þëførë çømmïttïñg?",
			"There are {0} unsaved files.\n\nWould you like to save them before stashing?": "Thërë ærë {0} µñsævëð fïlës.\n\nWøµlð ÿøµ lïkë tø sævë thëm þëførë stæshïñg?",
			"There are {0} untracked files which will be DELETED FROM DISK if discarded.": "Thërë ærë {0} µñtræçkëð fïlës whïçh wïll þë ÐË£ËTËÐ FRØM ÐÏ§K ïf ðïsçærðëð.",
			"There were merge conflicts while applying the stash.": "Thërë wërë mërgë çøñflïçts whïlë æpplÿïñg thë stæsh.",
			"There were merge conflicts while cherry picking the changes. Resolve the conflicts before committing them.": "Thërë wërë mërgë çøñflïçts whïlë çhërrÿ pïçkïñg thë çhæñgës. Rësølvë thë çøñflïçts þëførë çømmïttïñg thëm.",
			"This action will pull and push commits from and to \"{0}/{1}\".": "Thïs æçtïøñ wïll pµll æñð pµsh çømmïts frøm æñð tø \"{0}/{1}\".",
			"This repository has no remotes configured to fetch from.": "Thïs rëpøsïtørÿ hæs ñø rëmøtës çøñfïgµrëð tø fëtçh frøm.",
			"This will DELETE {0} untracked files!\nThis is IRREVERSIBLE!\nThese files will be FOREVER LOST.": "Thïs wïll ÐË£ËTË {0} µñtræçkëð fïlës!\nThïs ïs ÏRRËVËR§Ïß£Ë!\nThësë fïlës wïll þë FØRËVËR £Ø§T.",
			"This will create a Git repository in \"{0}\". Are you sure you want to continue?": "Thïs wïll çrëætë æ Gït rëpøsïtørÿ ïñ \"{0}\". Ærë ÿøµ sµrë ÿøµ wæñt tø çøñtïñµë?",
			"Too many changes were detected. Only the first {0} changes will be shown below.": "Tøø mæñÿ çhæñgës wërë ðëtëçtëð. Øñlÿ thë fïrst {0} çhæñgës wïll þë shøwñ þëløw.",
			"Type Changed": "Tÿpë Çhæñgëð",
			"Unable to pull from remote repository due to conflicting tag(s): {0}. Would you like to resolve the conflict by replacing the local tag(s)?": "Üñæþlë tø pµll frøm rëmøtë rëpøsïtørÿ ðµë tø çøñflïçtïñg tæg(s): {0}. Wøµlð ÿøµ lïkë tø rësølvë thë çøñflïçt þÿ rëplæçïñg thë løçæl tæg(s)?",
			"Uncommitted Changes": "Üñçømmïttëð Çhæñgës",
			"Undo merge commit": "Üñðø mërgë çømmït",
			"Untracked": "Üñtræçkëð",
			"Untracked Changes": "Üñtræçkëð Çhæñgës",
			"Update Git": "Üpðætë Gït",
			"View Commit": "Vïëw Çømmït",
			"Would you like to add \"{0}\" to .gitignore?": "Wøµlð ÿøµ lïkë tø æðð \"{0}\" tø .gïtïgñørë?",
			"Would you like to open the cloned repository, or add it to the current workspace?": "Wøµlð ÿøµ lïkë tø øpëñ thë çløñëð rëpøsïtørÿ, ør æðð ït tø thë çµrrëñt wørkspæçë?",
			"Would you like to open the cloned repository?": "Wøµlð ÿøµ lïkë tø øpëñ thë çløñëð rëpøsïtørÿ?",
			"Would you like to open the initialized repository, or add it to the current workspace?": "Wøµlð ÿøµ lïkë tø øpëñ thë ïñïtïælïzëð rëpøsïtørÿ, ør æðð ït tø thë çµrrëñt wørkspæçë?",
			"Would you like to open the initialized repository?": "Wøµlð ÿøµ lïkë tø øpëñ thë ïñïtïælïzëð rëpøsïtørÿ?",
			"Would you like {0} to [periodically run \"git fetch\"]({1})?": "Wøµlð ÿøµ lïkë {0} tø [përïøðïçællÿ rµñ \"gït fëtçh\"]({1})?",
			"Yes": "Ýës",
			"Yes, Don't Show Again": "Ýës, Ðøñ't §høw Ægæïñ",
			"You": "Ýøµ",
			"You are about to commit your changes without verification, this skips pre-commit hooks and can be undesirable.\n\nAre you sure to continue?": "Ýøµ ærë æþøµt tø çømmït ÿøµr çhæñgës wïthøµt vërïfïçætïøñ, thïs skïps prë-çømmït høøks æñð çæñ þë µñðësïræþlë.\n\nÆrë ÿøµ sµrë tø çøñtïñµë?",
			"You are about to force push your changes, this can be destructive and could inadvertently overwrite changes made by others.\n\nAre you sure to continue?": "Ýøµ ærë æþøµt tø førçë pµsh ÿøµr çhæñgës, thïs çæñ þë ðëstrµçtïvë æñð çøµlð ïñæðvërtëñtlÿ øvërwrïtë çhæñgës mæðë þÿ øthërs.\n\nÆrë ÿøµ sµrë tø çøñtïñµë?",
			"You are trying to commit to a protected branch and you might not have permission to push your commits to the remote.\n\nHow would you like to proceed?": "Ýøµ ærë trÿïñg tø çømmït tø æ prøtëçtëð þræñçh æñð ÿøµ mïght ñøt hævë përmïssïøñ tø pµsh ÿøµr çømmïts tø thë rëmøtë.\n\nHøw wøµlð ÿøµ lïkë tø prøçëëð?",
			"You seem to have git \"{0}\" installed. Code works best with git >= 2": "Ýøµ sëëm tø hævë gït \"{0}\" ïñstællëð. Çøðë wørks þëst wïth gït >= 2",
			"Your local changes would be overwritten by checkout.": "Ýøµr løçæl çhæñgës wøµlð þë øvërwrïttëñ þÿ çhëçkøµt.",
			"Your repository has no remotes configured to publish to.": "Ýøµr rëpøsïtørÿ hæs ñø rëmøtës çøñfïgµrëð tø pµþlïsh tø.",
			"Your repository has no remotes configured to pull from.": "Ýøµr rëpøsïtørÿ hæs ñø rëmøtës çøñfïgµrëð tø pµll frøm.",
			"Your repository has no remotes configured to push to.": "Ýøµr rëpøsïtørÿ hæs ñø rëmøtës çøñfïgµrëð tø pµsh tø.",
			"Your repository has no remotes.": "Ýøµr rëpøsïtørÿ hæs ñø rëmøtës.",
			"[main] Log level: {0}": "[mæïñ] £øg lëvël: {0}",
			"[main] Skipped found git in: \"{0}\"": "[mæïñ] §kïppëð føµñð gït ïñ: \"{0}\"",
			"[main] Using git \"{0}\" from \"{1}\"": "[mæïñ] Üsïñg gït \"{0}\" frøm \"{1}\"",
			"[main] Validating found git in: \"{0}\"": "[mæïñ] Vælïðætïñg føµñð gït ïñ: \"{0}\"",
			"branches": "þræñçhës",
			"in {0}": "ïñ {0}",
			"no": "ñø",
			"now": "ñøw",
			"remote branches": "rëmøtë þræñçhës",
			"tags": "tægs",
			"yes": "ÿës",
			"{0}\n\nThis is IRREVERSIBLE, your current working set will be FOREVER LOST.": "{0}\n\nThïs ïs ÏRRËVËR§Ïß£Ë, ÿøµr çµrrëñt wørkïñg sët wïll þë FØRËVËR £Ø§T.",
			"{0} (Deleted)": "{0} (Ðëlëtëð)",
			"{0} (Index)": "{0} (Ïñðëx)",
			"{0} (Intent to add)": "{0} (Ïñtëñt tø æðð)",
			"{0} (Ours)": "{0} (Øµrs)",
			"{0} (Theirs)": "{0} (Thëïrs)",
			"{0} (Type changed)": "{0} (Tÿpë çhæñgëð)",
			"{0} (Untracked)": "{0} (Üñtræçkëð)",
			"{0} (Working Tree)": "{0} (Wørkïñg Trëë)",
			"{0} ({1})": "{0} ({1})",
			"{0} ({1}) ↔ {0} ({2})": "{0} ({1}) ↔ {0} ({2})",
			"{0} Checkout detached...": "{0} Çhëçkøµt ðëtæçhëð...",
			"{0} Commit": "{0} Çømmït",
			"{0} Commit & Push": "{0} Çømmït & Pµsh",
			"{0} Commit & Sync": "{0} Çømmït & §ÿñç",
			"{0} Commit (Amend)": "{0} Çømmït (Æmëñð)",
			"{0} Continue": "{0} Çøñtïñµë",
			"{0} Create new branch from...": "{0} Çrëætë ñëw þræñçh frøm...",
			"{0} Create new branch...": "{0} Çrëætë ñëw þræñçh...",
			"{0} Fetch all remotes": "{0} Fëtçh æll rëmøtës",
			"{0} Publish Branch/{Locked=\"Branch\"}Do not translate \"Branch\" as it is a git term": "{0} Pµþlïsh Branch",
			"{0} Sync Changes{1}{2}": "{0} §ÿñç Çhæñgës{1}{2}",
			"{0} characters over {1} in current line": "{0} çhæræçtërs øvër {1} ïñ çµrrëñt lïñë",
			"{0} day": "{0} ðæÿ",
			"{0} day ago": "{0} ðæÿ ægø",
			"{0} days": "{0} ðæÿs",
			"{0} days ago": "{0} ðæÿs ægø",
			"{0} hour": "{0} høµr",
			"{0} hour ago": "{0} høµr ægø",
			"{0} hours": "{0} høµrs",
			"{0} hours ago": "{0} høµrs ægø",
			"{0} hr": "{0} hr",
			"{0} hr ago": "{0} hr ægø",
			"{0} hrs": "{0} hrs",
			"{0} hrs ago": "{0} hrs ægø",
			"{0} min": "{0} mïñ",
			"{0} min ago": "{0} mïñ ægø",
			"{0} mins": "{0} mïñs",
			"{0} mins ago": "{0} mïñs ægø",
			"{0} minute": "{0} mïñµtë",
			"{0} minute ago": "{0} mïñµtë ægø",
			"{0} minutes": "{0} mïñµtës",
			"{0} minutes ago": "{0} mïñµtës ægø",
			"{0} mo": "{0} mø",
			"{0} mo ago": "{0} mø ægø",
			"{0} month": "{0} møñth",
			"{0} month ago": "{0} møñth ægø",
			"{0} months": "{0} møñths",
			"{0} months ago": "{0} møñths ægø",
			"{0} mos": "{0} møs",
			"{0} mos ago": "{0} møs ægø",
			"{0} sec": "{0} sëç",
			"{0} sec ago": "{0} sëç ægø",
			"{0} second": "{0} sëçøñð",
			"{0} second ago": "{0} sëçøñð ægø",
			"{0} seconds": "{0} sëçøñðs",
			"{0} seconds ago": "{0} sëçøñðs ægø",
			"{0} secs": "{0} sëçs",
			"{0} secs ago": "{0} sëçs ægø",
			"{0} week": "{0} wëëk",
			"{0} week ago": "{0} wëëk ægø",
			"{0} weeks": "{0} wëëks",
			"{0} weeks ago": "{0} wëëks ægø",
			"{0} wk": "{0} wk",
			"{0} wk ago": "{0} wk ægø",
			"{0} wks": "{0} wks",
			"{0} wks ago": "{0} wks ægø",
			"{0} year": "{0} ÿëær",
			"{0} year ago": "{0} ÿëær ægø",
			"{0} years": "{0} ÿëærs",
			"{0} years ago": "{0} ÿëærs ægø",
			"{0} yr": "{0} ÿr",
			"{0} yr ago": "{0} ÿr ægø",
			"{0} yrs": "{0} ÿrs",
			"{0} yrs ago": "{0} ÿrs ægø",
			"{0} ↔ {1}": "{0} ↔ {1}"
		},
		"package": {
			"colors.added": "Çølør før æððëð rësøµrçës.",
			"colors.blameEditorDecoration": "Çølør før thë þlæmë ëðïtør ðëçørætïøñ.",
			"colors.conflict": "Çølør før rësøµrçës wïth çøñflïçts.",
			"colors.deleted": "Çølør før ðëlëtëð rësøµrçës.",
			"colors.ignored": "Çølør før ïgñørëð rësøµrçës.",
			"colors.incomingAdded": "Çølør før æððëð ïñçømïñg rësøµrçë.",
			"colors.incomingDeleted": "Çølør før ðëlëtëð ïñçømïñg rësøµrçë.",
			"colors.incomingModified": "Çølør før møðïfïëð ïñçømïñg rësøµrçë.",
			"colors.incomingRenamed": "Çølør før rëñæmëð ïñçømïñg rësøµrçë.",
			"colors.modified": "Çølør før møðïfïëð rësøµrçës.",
			"colors.renamed": "Çølør før rëñæmëð ør çøpïëð rësøµrçës.",
			"colors.stageDeleted": "Çølør før ðëlëtëð rësøµrçës whïçh hævë þëëñ stægëð.",
			"colors.stageModified": "Çølør før møðïfïëð rësøµrçës whïçh hævë þëëñ stægëð.",
			"colors.submodule": "Çølør før sµþmøðµlë rësøµrçës.",
			"colors.untracked": "Çølør før µñtræçkëð rësøµrçës.",
			"command.addRemote": "Æðð Rëmøtë...",
			"command.api.getRemoteSources": "Gët Rëmøtë §øµrçës",
			"command.api.getRepositories": "Gët Rëpøsïtørïës",
			"command.api.getRepositoryState": "Gët Rëpøsïtørÿ §tætë",
			"command.branch": "Çrëætë ßræñçh...",
			"command.branchFrom": "Çrëætë ßræñçh Frøm...",
			"command.checkout": "Çhëçkøµt tø...",
			"command.checkoutDetached": "Çhëçkøµt tø (Ðëtæçhëð)...",
			"command.checkoutRef": "Çhëçkøµt",
			"command.checkoutRefDetached": "Çhëçkøµt (Ðëtæçhëð)",
			"command.cherryPick": "Çhërrÿ Pïçk...",
			"command.cherryPickAbort": "Æþørt Çhërrÿ Pïçk",
			"command.cherryPickRef": "Çhërrÿ Pïçk",
			"command.clean": "Ðïsçærð Çhæñgës",
			"command.cleanAll": "Ðïsçærð Æll Çhæñgës",
			"command.cleanAllTracked": "Ðïsçærð Æll Træçkëð Çhæñgës",
			"command.cleanAllUntracked": "Ðïsçærð Æll Üñtræçkëð Çhæñgës",
			"command.clone": "Çløñë",
			"command.cloneRecursive": "Çløñë (Rëçµrsïvë)",
			"command.close": "Çløsë Rëpøsïtørÿ",
			"command.closeAllDiffEditors": "Çløsë Æll Ðïff Ëðïtørs",
			"command.closeAllUnmodifiedEditors": "Çløsë Æll Üñmøðïfïëð Ëðïtørs",
			"command.closeOtherRepositories": "Çløsë Øthër Rëpøsïtørïës",
			"command.commit": "Çømmït",
			"command.commitAll": "Çømmït Æll",
			"command.commitAllAmend": "Çømmït Æll (Æmëñð)",
			"command.commitAllAmendNoVerify": "Çømmït Æll (Æmëñð, Ñø Vërïfÿ)",
			"command.commitAllNoVerify": "Çømmït Æll (Ñø Vërïfÿ)",
			"command.commitAllSigned": "Çømmït Æll (§ïgñëð Øff)",
			"command.commitAllSignedNoVerify": "Çømmït Æll (§ïgñëð Øff, Ñø Vërïfÿ)",
			"command.commitAmend": "Çømmït (Æmëñð)",
			"command.commitAmendNoVerify": "Çømmït (Æmëñð, Ñø Vërïfÿ)",
			"command.commitEmpty": "Çømmït Ëmptÿ",
			"command.commitEmptyNoVerify": "Çømmït Ëmptÿ (Ñø Vërïfÿ)",
			"command.commitMessageAccept": "Æççëpt Çømmït Mëssægë",
			"command.commitMessageDiscard": "Ðïsçærð Çømmït Mëssægë",
			"command.commitNoVerify": "Çømmït (Ñø Vërïfÿ)",
			"command.commitSigned": "Çømmït (§ïgñëð Øff)",
			"command.commitSignedNoVerify": "Çømmït (§ïgñëð Øff, Ñø Vërïfÿ)",
			"command.commitStaged": "Çømmït §tægëð",
			"command.commitStagedAmend": "Çømmït §tægëð (Æmëñð)",
			"command.commitStagedAmendNoVerify": "Çømmït §tægëð (Æmëñð, Ñø Vërïfÿ)",
			"command.commitStagedNoVerify": "Çømmït §tægëð (Ñø Vërïfÿ)",
			"command.commitStagedSigned": "Çømmït §tægëð (§ïgñëð Øff)",
			"command.commitStagedSignedNoVerify": "Çømmït §tægëð (§ïgñëð Øff, Ñø Vërïfÿ)",
			"command.continueInLocalClone": "Çløñë Rëpøsïtørÿ £øçællÿ æñð Øpëñ øñ Ðësktøp...",
			"command.continueInLocalClone.qualifiedName": "Çøñtïñµë Wørkïñg ïñ Ñëw £øçæl Çløñë",
			"command.createTag": "Çrëætë Tæg...",
			"command.deleteBranch": "Ðëlëtë ßræñçh...",
			"command.deleteRemoteTag": "Ðëlëtë Rëmøtë Tæg...",
			"command.deleteTag": "Ðëlëtë Tæg...",
			"command.fetch": "Fëtçh",
			"command.fetchAll": "Fëtçh Frøm Æll Rëmøtës",
			"command.fetchPrune": "Fëtçh (Prµñë)",
			"command.git.acceptMerge": "Çømplëtë Mërgë",
			"command.git.openMergeEditor": "Rësølvë ïñ Mërgë Ëðïtør",
			"command.git.runGitMerge": "Çømpµtë Çøñflïçts Wïth Gït",
			"command.git.runGitMergeDiff3": "Çømpµtë Çøñflïçts Wïth Gït (Ðïff3)",
			"command.ignore": "Æðð tø .gïtïgñørë",
			"command.init": "Ïñïtïælïzë Rëpøsïtørÿ",
			"command.manageUnsafeRepositories": "Mæñægë Üñsæfë Rëpøsïtørïës",
			"command.merge": "Mërgë...",
			"command.mergeAbort": "Æþørt Mërgë",
			"command.openAllChanges": "Øpëñ Æll Çhæñgës",
			"command.openChange": "Øpëñ Çhæñgës",
			"command.openFile": "Øpëñ Fïlë",
			"command.openHEADFile": "Øpëñ Fïlë (HËÆÐ)",
			"command.openRepositoriesInParentFolders": "Øpëñ Rëpøsïtørïës Ïñ Pærëñt Følðërs",
			"command.openRepository": "Øpëñ Rëpøsïtørÿ",
			"command.publish": "Pµþlïsh ßræñçh...",
			"command.pull": "Pµll",
			"command.pullFrom": "Pµll frøm...",
			"command.pullRebase": "Pµll (Rëþæsë)",
			"command.push": "Pµsh",
			"command.pushFollowTags": "Pµsh (Følløw Tægs)",
			"command.pushFollowTagsForce": "Pµsh (Følløw Tægs, Førçë)",
			"command.pushForce": "Pµsh (Førçë)",
			"command.pushTags": "Pµsh Tægs",
			"command.pushTo": "Pµsh tø...",
			"command.pushToForce": "Pµsh tø... (Førçë)",
			"command.rebase": "Rëþæsë ßræñçh...",
			"command.rebaseAbort": "Æþørt Rëþæsë",
			"command.refresh": "Rëfrësh",
			"command.removeRemote": "Rëmøvë Rëmøtë",
			"command.rename": "Rëñæmë",
			"command.renameBranch": "Rëñæmë ßræñçh...",
			"command.reopenClosedRepositories": "Rëøpëñ Çløsëð Rëpøsïtørïës...",
			"command.restoreCommitTemplate": "Rëstørë Çømmït Tëmplætë",
			"command.revealFileInOS.linux": "Øpëñ Çøñtæïñïñg Følðër",
			"command.revealFileInOS.mac": "Rëvëæl ïñ Fïñðër",
			"command.revealFileInOS.windows": "Rëvëæl ïñ Fïlë Ëxplørër",
			"command.revealInExplorer": "Rëvëæl ïñ Ëxplørër Vïëw",
			"command.revertChange": "Rëvërt Çhæñgë",
			"command.revertSelectedRanges": "Rëvërt §ëlëçtëð Ræñgës",
			"command.showOutput": "§høw Gït Øµtpµt",
			"command.stage": "§tægë Çhæñgës",
			"command.stageAll": "§tægë Æll Çhæñgës",
			"command.stageAllMerge": "§tægë Æll Mërgë Çhæñgës",
			"command.stageAllTracked": "§tægë Æll Træçkëð Çhæñgës",
			"command.stageAllUntracked": "§tægë Æll Üñtræçkëð Çhæñgës",
			"command.stageBlock": "§tægë ßløçk",
			"command.stageChange": "§tægë Çhæñgë",
			"command.stageSelectedRanges": "§tægë §ëlëçtëð Ræñgës",
			"command.stageSelection": "§tægë §ëlëçtïøñ",
			"command.stash": "§tæsh",
			"command.stashApply": "Æpplÿ §tæsh...",
			"command.stashApplyEditor": "Æpplÿ §tæsh",
			"command.stashApplyLatest": "Æpplÿ £ætëst §tæsh",
			"command.stashDrop": "Ðrøp §tæsh...",
			"command.stashDropAll": "Ðrøp Æll §tæshës...",
			"command.stashDropEditor": "Ðrøp §tæsh",
			"command.stashIncludeUntracked": "§tæsh (Ïñçlµðë Üñtræçkëð)",
			"command.stashPop": "Pøp §tæsh...",
			"command.stashPopEditor": "Pøp §tæsh",
			"command.stashPopLatest": "Pøp £ætëst §tæsh",
			"command.stashStaged": "§tæsh §tægëð",
			"command.stashView": "Vïëw §tæsh...",
			"command.sync": "§ÿñç",
			"command.syncRebase": "§ÿñç (Rëþæsë)",
			"command.timelineCompareWithSelected": "Çømpærë wïth §ëlëçtëð",
			"command.timelineCopyCommitId": "Çøpÿ Çømmït ÏÐ",
			"command.timelineCopyCommitMessage": "Çøpÿ Çømmït Mëssægë",
			"command.timelineOpenDiff": "Øpëñ Çhæñgës",
			"command.timelineSelectForCompare": "§ëlëçt før Çømpærë",
			"command.undoCommit": "Üñðø £æst Çømmït",
			"command.unstage": "Üñstægë Çhæñgës",
			"command.unstageAll": "Üñstægë Æll Çhæñgës",
			"command.unstageSelectedRanges": "Üñstægë §ëlëçtëð Ræñgës",
			"command.viewAllChanges": "Vïëw Æll Çhæñgës",
			"command.viewChanges": "Vïëw Çhæñgës",
			"command.viewCommit": "Vïëw Çømmït",
			"command.viewStagedChanges": "Vïëw §tægëð Çhæñgës",
			"command.viewUntrackedChanges": "Vïëw Üñtræçkëð Çhæñgës",
			"config.allowForcePush": "Çøñtrøls whëthër førçë pµsh (wïth ør wïthøµt lëæsë) ïs ëñæþlëð.",
			"config.allowNoVerifyCommit": "Çøñtrøls whëthër çømmïts wïthøµt rµññïñg prë-çømmït æñð çømmït-msg høøks ærë ælløwëð.",
			"config.alwaysShowStagedChangesResourceGroup": "Ælwæÿs shøw thë §tægëð Çhæñgës rësøµrçë grøµp.",
			"config.alwaysSignOff": "Çøñtrøls thë sïgñøff flæg før æll çømmïts.",
			"config.autoRepositoryDetection": "Çøñfïgµrës whëñ rëpøsïtørïës shøµlð þë æµtømætïçællÿ ðëtëçtëð.",
			"config.autoRepositoryDetection.false": "Ðïsæþlë æµtømætïç rëpøsïtørÿ sçæññïñg.",
			"config.autoRepositoryDetection.openEditors": "§çæñ før pærëñt følðërs øf øpëñ fïlës.",
			"config.autoRepositoryDetection.subFolders": "§çæñ før sµþfølðërs øf thë çµrrëñtlÿ øpëñëð følðër.",
			"config.autoRepositoryDetection.true": "§çæñ før þøth sµþfølðërs øf thë çµrrëñt øpëñëð følðër æñð pærëñt følðërs øf øpëñ fïlës.",
			"config.autoStash": "§tæsh æñÿ çhæñgës þëførë pµllïñg æñð rëstørë thëm æftër sµççëssfµl pµll.",
			"config.autofetch": "Whëñ sët tø trµë, çømmïts wïll æµtømætïçællÿ þë fëtçhëð frøm thë ðëfæµlt rëmøtë øf thë çµrrëñt Gït rëpøsïtørÿ. §ëttïñg tø `æll` wïll fëtçh frøm æll rëmøtës.",
			"config.autofetchPeriod": "Ðµrætïøñ ïñ sëçøñðs þëtwëëñ ëæçh æµtømætïç gït fëtçh, whëñ `#gït.æµtøfëtçh#` ïs ëñæþlëð.",
			"config.autorefresh": "Whëthër æµtø rëfrëshïñg ïs ëñæþlëð.",
			"config.blameEditorDecoration.enabled": "Çøñtrøls whëthër tø shøw þlæmë ïñførmætïøñ ïñ thë ëðïtør µsïñg ëðïtør ðëçørætïøñs.",
			"config.blameEditorDecoration.template": "Tëmplætë før thë þlæmë ïñførmætïøñ ëðïtør ðëçørætïøñ. §µppørtëð værïæþlës:\r\n\r\n* `hæsh`: Çømmït hæsh\r\n\r\n* `hæsh§hørt`: Fïrst 8 çhæræçtërs øf thë çømmït hæsh\r\n\r\n* `sµþjëçt`: Fïrst lïñë øf thë çømmït mëssægë\r\n\r\n* `æµthørÑæmë`: Æµthør ñæmë\r\n\r\n* `æµthørËmæïl`: Æµthør ëmæïl\r\n\r\n* `æµthørÐætë`: Æµthør ðætë\r\n\r\n* `æµthørÐætëÆgø`: Tïmë ðïffërëñçë þëtwëëñ ñøw æñð thë æµthør ðætë\r\n\r\n",
			"config.blameStatusBarItem.enabled": "Çøñtrøls whëthër tø shøw þlæmë ïñførmætïøñ ïñ thë stætµs þær.",
			"config.blameStatusBarItem.template": "Tëmplætë før thë þlæmë ïñførmætïøñ stætµs þær ïtëm. §µppørtëð værïæþlës:\r\n\r\n* `hæsh`: Çømmït hæsh\r\n\r\n* `hæsh§hørt`: Fïrst 8 çhæræçtërs øf thë çømmït hæsh\r\n\r\n* `sµþjëçt`: Fïrst lïñë øf thë çømmït mëssægë\r\n\r\n* `æµthørÑæmë`: Æµthør ñæmë\r\n\r\n* `æµthørËmæïl`: Æµthør ëmæïl\r\n\r\n* `æµthørÐætë`: Æµthør ðætë\r\n\r\n* `æµthørÐætëÆgø`: Tïmë ðïffërëñçë þëtwëëñ ñøw æñð thë æµthør ðætë\r\n\r\n",
			"config.branchPrefix": "Prëfïx µsëð whëñ çrëætïñg æ ñëw þræñçh.",
			"config.branchProtection": "£ïst øf prøtëçtëð þræñçhës. ßÿ ðëfæµlt, æ prømpt ïs shøwñ þëførë çhæñgës ærë çømmïttëð tø æ prøtëçtëð þræñçh. Thë prømpt çæñ þë çøñtrøllëð µsïñg thë `#gït.þræñçhPrøtëçtïøñPrømpt#`  sëttïñg.",
			"config.branchProtectionPrompt": "Çøñtrøls whëthër æ prømpt ïs þëïñg shøwñ þëførë çhæñgës ærë çømmïttëð tø æ prøtëçtëð þræñçh.",
			"config.branchProtectionPrompt.alwaysCommit": "Ælwæÿs çømmït çhæñgës tø thë prøtëçtëð þræñçh.",
			"config.branchProtectionPrompt.alwaysCommitToNewBranch": "Ælwæÿs çømmït çhæñgës tø æ ñëw þræñçh.",
			"config.branchProtectionPrompt.alwaysPrompt": "Ælwæÿs prømpt þëførë çhæñgës ærë çømmïttëð tø æ prøtëçtëð þræñçh.",
			"config.branchRandomNameDictionary": "£ïst øf ðïçtïøñærïës µsëð før thë ræñðømlÿ gëñërætëð þræñçh ñæmë. Ëæçh vælµë rëprësëñts thë ðïçtïøñærÿ µsëð tø gëñërætë thë sëgmëñt øf thë þræñçh ñæmë. §µppørtëð ðïçtïøñærïës: `æðjëçtïvës`, `æñïmæls`, `çølørs` æñð `ñµmþërs`.",
			"config.branchRandomNameDictionary.adjectives": "Æ ræñðøm æðjëçtïvë",
			"config.branchRandomNameDictionary.animals": "Æ ræñðøm æñïmæl ñæmë",
			"config.branchRandomNameDictionary.colors": "Æ ræñðøm çølør ñæmë",
			"config.branchRandomNameDictionary.numbers": "Æ ræñðøm ñµmþër þëtwëëñ 100 æñð 999",
			"config.branchRandomNameEnable": "Çøñtrøls whëthër æ ræñðøm ñæmë ïs gëñërætëð whëñ çrëætïñg æ ñëw þræñçh.",
			"config.branchSortOrder": "Çøñtrøls thë sørt ørðër før þræñçhës.",
			"config.branchValidationRegex": "Æ rëgµlær ëxprëssïøñ tø vælïðætë ñëw þræñçh ñæmës.",
			"config.branchWhitespaceChar": "Thë çhæræçtër tø rëplæçë whïtëspæçë ïñ ñëw þræñçh ñæmës, æñð tø sëpærætë sëgmëñts øf æ ræñðømlÿ gëñërætëð þræñçh ñæmë.",
			"config.checkoutType": "Çøñtrøls whæt tÿpë øf Gït rëfs ærë lïstëð whëñ rµññïñg `Çhëçkøµt tø...`.",
			"config.checkoutType.local": "£øçæl þræñçhës",
			"config.checkoutType.remote": "Rëmøtë þræñçhës",
			"config.checkoutType.tags": "Tægs",
			"config.closeDiffOnOperation": "Çøñtrøls whëthër thë ðïff ëðïtør shøµlð þë æµtømætïçællÿ çløsëð whëñ çhæñgës ærë stæshëð, çømmïttëð, ðïsçærðëð, stægëð, ør µñstægëð.",
			"config.commandsToLog": "£ïst øf gït çømmæñðs (ëx: çømmït, pµsh) thæt wøµlð hævë thëïr `stðøµt` løggëð tø thë [gït øµtpµt](command:git.showOutput). Ïf thë gït çømmæñð hæs æ çlïëñt-sïðë høøk çøñfïgµrëð, thë çlïëñt-sïðë høøk's `stðøµt` wïll ælsø þë løggëð tø thë [gït øµtpµt](command:git.showOutput).",
			"config.confirmEmptyCommits": "Ælwæÿs çøñfïrm thë çrëætïøñ øf ëmptÿ çømmïts før thë 'Gït: Çømmït Ëmptÿ' çømmæñð.",
			"config.confirmForcePush": "Çøñtrøls whëthër tø æsk før çøñfïrmætïøñ þëførë førçë-pµshïñg.",
			"config.confirmNoVerifyCommit": "Çøñtrøls whëthër tø æsk før çøñfïrmætïøñ þëførë çømmïttïñg wïthøµt vërïfïçætïøñ.",
			"config.confirmSync": "Çøñfïrm þëførë sÿñçhrøñïzïñg Gït rëpøsïtørïës.",
			"config.countBadge": "Çøñtrøls thë Gït çøµñt þæðgë.",
			"config.countBadge.all": "Çøµñt æll çhæñgës.",
			"config.countBadge.off": "Tµrñ øff çøµñtër.",
			"config.countBadge.tracked": "Çøµñt øñlÿ træçkëð çhæñgës.",
			"config.decorations.enabled": "Çøñtrøls whëthër Gït çøñtrïþµtës çølørs æñð þæðgës tø thë Ëxplørër æñð thë Øpëñ Ëðïtørs vïëw.",
			"config.defaultBranchName": "Thë ñæmë øf thë ðëfæµlt þræñçh (ëxæmplë: mæïñ, trµñk, ðëvëløpmëñt) whëñ ïñïtïælïzïñg æ ñëw Gït rëpøsïtørÿ. Whëñ sët tø ëmptÿ, thë ðëfæµlt þræñçh ñæmë çøñfïgµrëð ïñ Gït wïll þë µsëð. **Ñøtë:** Rëqµïrës Gït vërsïøñ `2.28.0` ør lætër.",
			"config.defaultCloneDirectory": "Thë ðëfæµlt løçætïøñ tø çløñë æ Gït rëpøsïtørÿ.",
			"config.detectSubmodules": "Çøñtrøls whëthër tø æµtømætïçællÿ ðëtëçt Gït sµþmøðµlës.",
			"config.detectSubmodulesLimit": "Çøñtrøls thë lïmït øf Gït sµþmøðµlës ðëtëçtëð.",
			"config.discardAllScope": "Çøñtrøls whæt çhæñgës ærë ðïsçærðëð þÿ thë `Ðïsçærð æll çhæñgës` çømmæñð. `æll` ðïsçærðs æll çhæñgës. `træçkëð` ðïsçærðs øñlÿ træçkëð fïlës. `prømpt` shøws æ prømpt ðïæløg ëvërÿ tïmë thë æçtïøñ ïs rµñ.",
			"config.enableCommitSigning": "Ëñæþlës çømmït sïgñïñg wïth GPG, X.509, ør §§H.",
			"config.enableSmartCommit": "Çømmït æll çhæñgës whëñ thërë ærë ñø stægëð çhæñgës.",
			"config.enableStatusBarSync": "Çøñtrøls whëthër thë Gït §ÿñç çømmæñð æppëærs ïñ thë stætµs þær.",
			"config.enabled": "Whëthër Gït ïs ëñæþlëð.",
			"config.experimental.installGuide": "Ëxpërïmëñtæl ïmprøvëmëñts før thë Gït sëtµp fløw.",
			"config.fetchOnPull": "Whëñ ëñæþlëð, fëtçh æll þræñçhës whëñ pµllïñg. Øthërwïsë, fëtçh jµst thë çµrrëñt øñë.",
			"config.followTagsWhenSync": "Pµsh æll æññøtætëð tægs whëñ rµññïñg thë sÿñç çømmæñð.",
			"config.ignoreLegacyWarning": "Ïgñørës thë lëgæçÿ Gït wærñïñg.",
			"config.ignoreLimitWarning": "Ïgñørës thë wærñïñg whëñ thërë ærë tøø mæñÿ çhæñgës ïñ æ rëpøsïtørÿ.",
			"config.ignoreMissingGitWarning": "Ïgñørës thë wærñïñg whëñ Gït ïs mïssïñg.",
			"config.ignoreRebaseWarning": "Ïgñørës thë wærñïñg whëñ ït løøks lïkë thë þræñçh mïght hævë þëëñ rëþæsëð whëñ pµllïñg.",
			"config.ignoreSubmodules": "Ïgñørë møðïfïçætïøñs tø sµþmøðµlës ïñ thë fïlë trëë.",
			"config.ignoreWindowsGit27Warning": "Ïgñørës thë wærñïñg whëñ Gït 2.25 - 2.26 ïs ïñstællëð øñ Wïñðøws.",
			"config.ignoredRepositories": "£ïst øf Gït rëpøsïtørïës tø ïgñørë.",
			"config.inputValidation": "Çøñtrøls whëthër tø shøw çømmït mëssægë ïñpµt vælïðætïøñ ðïægñøstïçs.",
			"config.inputValidationLength": "Çøñtrøls thë çømmït mëssægë lëñgth thrëshølð før shøwïñg æ wærñïñg.",
			"config.inputValidationSubjectLength": "Çøñtrøls thë çømmït mëssægë sµþjëçt lëñgth thrëshølð før shøwïñg æ wærñïñg. Üñsët ït tø ïñhërït thë vælµë øf `#gït.ïñpµtVælïðætïøñ£ëñgth#`.",
			"config.mergeEditor": "Øpëñ thë mërgë ëðïtør før fïlës thæt ærë çµrrëñtlÿ µñðër çøñflïçt.",
			"config.openAfterClone": "Çøñtrøls whëthër tø øpëñ æ rëpøsïtørÿ æµtømætïçællÿ æftër çløñïñg.",
			"config.openAfterClone.always": "Ælwæÿs øpëñ ïñ çµrrëñt wïñðøw.",
			"config.openAfterClone.alwaysNewWindow": "Ælwæÿs øpëñ ïñ æ ñëw wïñðøw.",
			"config.openAfterClone.prompt": "Ælwæÿs prømpt før æçtïøñ.",
			"config.openAfterClone.whenNoFolderOpen": "Øñlÿ øpëñ ïñ çµrrëñt wïñðøw whëñ ñø følðër ïs øpëñëð.",
			"config.openDiffOnClick": "Çøñtrøls whëthër thë ðïff ëðïtør shøµlð þë øpëñëð whëñ çlïçkïñg æ çhæñgë. Øthërwïsë thë rëgµlær ëðïtør wïll þë øpëñëð.",
			"config.openRepositoryInParentFolders": "Çøñtrøl whëthër æ rëpøsïtørÿ ïñ pærëñt følðërs øf wørkspæçës ør øpëñ fïlës shøµlð þë øpëñëð.",
			"config.openRepositoryInParentFolders.always": "Ælwæÿs øpëñ æ rëpøsïtørÿ ïñ pærëñt følðërs øf wørkspæçës ør øpëñ fïlës.",
			"config.openRepositoryInParentFolders.never": "Ñëvër øpëñ æ rëpøsïtørÿ ïñ pærëñt følðërs øf wørkspæçës ør øpëñ fïlës.",
			"config.openRepositoryInParentFolders.prompt": "Prømpt þëførë øpëñïñg æ rëpøsïtørÿ thë pærëñt følðërs øf wørkspæçës ør øpëñ fïlës.",
			"config.optimisticUpdate": "Çøñtrøls whëthër tø øptïmïstïçællÿ µpðætë thë stætë øf thë §øµrçë Çøñtrøl vïëw æftër rµññïñg gït çømmæñðs.",
			"config.path": "Pæth æñð fïlëñæmë øf thë gït ëxëçµtæþlë, ë.g. `Ç:\\Prøgræm Fïlës\\Gït\\þïñ\\gït.ëxë` (Wïñðøws). Thïs çæñ ælsø þë æñ ærræÿ øf strïñg vælµës çøñtæïñïñg mµltïplë pæths tø løøk µp.",
			"config.postCommitCommand": "Rµñ æ gït çømmæñð æftër æ sµççëssfµl çømmït.",
			"config.postCommitCommand.none": "Ðøñ't rµñ æñÿ çømmæñð æftër æ çømmït.",
			"config.postCommitCommand.push": "Rµñ 'gït pµsh' æftër æ sµççëssfµl çømmït.",
			"config.postCommitCommand.sync": "Rµñ 'gït pµll' æñð 'gït pµsh' æftër æ sµççëssfµl çømmït.",
			"config.promptToSaveFilesBeforeCommit": "Çøñtrøls whëthër Gït shøµlð çhëçk før µñsævëð fïlës þëførë çømmïttïñg.",
			"config.promptToSaveFilesBeforeCommit.always": "Çhëçk før æñÿ µñsævëð fïlës.",
			"config.promptToSaveFilesBeforeCommit.never": "Ðïsæþlë thïs çhëçk.",
			"config.promptToSaveFilesBeforeCommit.staged": "Çhëçk øñlÿ før µñsævëð stægëð fïlës.",
			"config.promptToSaveFilesBeforeStash": "Çøñtrøls whëthër Gït shøµlð çhëçk før µñsævëð fïlës þëførë stæshïñg çhæñgës.",
			"config.promptToSaveFilesBeforeStash.always": "Çhëçk før æñÿ µñsævëð fïlës.",
			"config.promptToSaveFilesBeforeStash.never": "Ðïsæþlë thïs çhëçk.",
			"config.promptToSaveFilesBeforeStash.staged": "Çhëçk øñlÿ før µñsævëð stægëð fïlës.",
			"config.pruneOnFetch": "Prµñë whëñ fëtçhïñg.",
			"config.publishBeforeContinueOn": "Çøñtrøls whëthër tø pµþlïsh µñpµþlïshëð Gït stætë whëñ µsïñg Çøñtïñµë Wørkïñg Øñ frøm æ Gït rëpøsïtørÿ.",
			"config.publishBeforeContinueOn.always": "Ælwæÿs pµþlïsh µñpµþlïshëð Gït stætë whëñ µsïñg Çøñtïñµë Wørkïñg Øñ frøm æ Gït rëpøsïtørÿ",
			"config.publishBeforeContinueOn.never": "Ñëvër pµþlïsh µñpµþlïshëð Gït stætë whëñ µsïñg Çøñtïñµë Wørkïñg Øñ frøm æ Gït rëpøsïtørÿ",
			"config.publishBeforeContinueOn.prompt": "Prømpt tø pµþlïsh µñpµþlïshëð Gït stætë whëñ µsïñg Çøñtïñµë Wørkïñg Øñ frøm æ Gït rëpøsïtørÿ",
			"config.pullBeforeCheckout": "Çøñtrøls whëthër æ þræñçh thæt ðøës ñøt hævë øµtgøïñg çømmïts ïs fæst-førwærðëð þëførë ït ïs çhëçkëð øµt.",
			"config.pullTags": "Fëtçh æll tægs whëñ pµllïñg.",
			"config.rebaseWhenSync": "Førçë Gït tø µsë rëþæsë whëñ rµññïñg thë sÿñç çømmæñð.",
			"config.rememberPostCommitCommand": "Rëmëmþër thë læst gït çømmæñð thæt ræñ æftër æ çømmït.",
			"config.replaceTagsWhenPull": "Æµtømætïçællÿ rëplæçë thë løçæl tægs wïth thë rëmøtë tægs ïñ çæsë øf æ çøñflïçt whëñ rµññïñg thë pµll çømmæñð.",
			"config.repositoryScanIgnoredFolders": "£ïst øf følðërs thæt ærë ïgñørëð whïlë sçæññïñg før Gït rëpøsïtørïës whëñ `#gït.æµtøRëpøsïtørÿÐëtëçtïøñ#` ïs sët tø `trµë` ør `sµþFølðërs`.",
			"config.repositoryScanMaxDepth": "Çøñtrøls thë ðëpth µsëð whëñ sçæññïñg wørkspæçë følðërs før Gït rëpøsïtørïës whëñ `#gït.æµtøRëpøsïtørÿÐëtëçtïøñ#` ïs sët tø `trµë` ør `sµþFølðërs`. Çæñ þë sët tø `-1` før ñø lïmït.",
			"config.requireGitUserConfig": "Çøñtrøls whëthër tø rëqµïrë ëxplïçït Gït µsër çøñfïgµrætïøñ ør ælløw Gït tø gµëss ïf mïssïñg.",
			"config.scanRepositories": "£ïst øf pæths tø sëærçh før Gït rëpøsïtørïës ïñ.",
			"config.showActionButton": "Çøñtrøls whëthër æñ æçtïøñ þµttøñ ïs shøwñ ïñ thë §øµrçë Çøñtrøl vïëw.",
			"config.showActionButton.commit": "§høw æñ æçtïøñ þµttøñ tø çømmït çhæñgës whëñ thë løçæl þræñçh hæs møðïfïëð fïlës rëæðÿ tø þë çømmïttëð.",
			"config.showActionButton.publish": "§høw æñ æçtïøñ þµttøñ tø pµþlïsh thë løçæl þræñçh whëñ ït ðøës ñøt hævë æ træçkïñg rëmøtë þræñçh.",
			"config.showActionButton.sync": "§høw æñ æçtïøñ þµttøñ tø sÿñçhrøñïzë çhæñgës whëñ thë løçæl þræñçh ïs ëïthër æhëæð ør þëhïñð thë rëmøtë þræñçh.",
			"config.showCommitInput": "Çøñtrøls whëthër tø shøw thë çømmït ïñpµt ïñ thë Gït søµrçë çøñtrøl pæñël.",
			"config.showInlineOpenFileAction": "Çøñtrøls whëthër tø shøw æñ ïñlïñë Øpëñ Fïlë æçtïøñ ïñ thë Gït çhæñgës vïëw.",
			"config.showProgress": "Çøñtrøls whëthër Gït æçtïøñs shøµlð shøw prøgrëss.",
			"config.showPushSuccessNotification": "Çøñtrøls whëthër tø shøw æ ñøtïfïçætïøñ whëñ æ pµsh ïs sµççëssfµl.",
			"config.similarityThreshold": "Çøñtrøls thë thrëshølð øf thë sïmïlærïtÿ ïñðëx (thë æmøµñt øf æððïtïøñs/ðëlëtïøñs çømpærëð tø thë fïlë's sïzë) før çhæñgës ïñ æ pæïr øf æððëð/ðëlëtëð fïlës tø þë çøñsïðërëð æ rëñæmë. **Ñøtë:** Rëqµïrës Gït vërsïøñ `2.18.0` ør lætër.",
			"config.smartCommitChanges": "Çøñtrøl whïçh çhæñgës ærë æµtømætïçællÿ stægëð þÿ §mært Çømmït.",
			"config.smartCommitChanges.all": "Æµtømætïçællÿ stægë æll çhæñgës.",
			"config.smartCommitChanges.tracked": "Æµtømætïçællÿ stægë træçkëð çhæñgës øñlÿ.",
			"config.statusLimit": "Çøñtrøls høw tø lïmït thë ñµmþër øf çhæñgës thæt çæñ þë pærsëð frøm Gït stætµs çømmæñð. Çæñ þë sët tø 0 før ñø lïmït.",
			"config.suggestSmartCommit": "§µggësts tø ëñæþlë smært çømmït (çømmït æll çhæñgës whëñ thërë ærë ñø stægëð çhæñgës).",
			"config.supportCancellation": "Çøñtrøls whëthër æ ñøtïfïçætïøñ çømës µp whëñ rµññïñg thë §ÿñç æçtïøñ, whïçh ælløws thë µsër tø çæñçël thë øpërætïøñ.",
			"config.terminalAuthentication": "Çøñtrøls whëthër tø ëñæþlë V§ Çøðë tø þë thë æµthëñtïçætïøñ hæñðlër før Gït prøçëssës spæwñëð ïñ thë Ïñtëgrætëð Tërmïñæl. Ñøtë: Tërmïñæls ñëëð tø þë rëstærtëð tø pïçk µp æ çhæñgë ïñ thïs sëttïñg.",
			"config.terminalGitEditor": "Çøñtrøls whëthër tø ëñæþlë V§ Çøðë tø þë thë Gït ëðïtør før Gït prøçëssës spæwñëð ïñ thë ïñtëgrætëð tërmïñæl. Ñøtë: Tërmïñæls ñëëð tø þë rëstærtëð tø pïçk µp æ çhæñgë ïñ thïs sëttïñg.",
			"config.timeline.date": "Çøñtrøls whïçh ðætë tø µsë før ïtëms ïñ thë Tïmëlïñë vïëw.",
			"config.timeline.date.authored": "Üsë thë æµthørëð ðætë",
			"config.timeline.date.committed": "Üsë thë çømmïttëð ðætë",
			"config.timeline.showAuthor": "Çøñtrøls whëthër tø shøw thë çømmït æµthør ïñ thë Tïmëlïñë vïëw.",
			"config.timeline.showUncommitted": "Çøñtrøls whëthër tø shøw µñçømmïttëð çhæñgës ïñ thë Tïmëlïñë vïëw.",
			"config.untrackedChanges": "Çøñtrøls høw µñtræçkëð çhæñgës þëhævë.",
			"config.untrackedChanges.hidden": "Üñtræçkëð çhæñgës ærë hïððëñ æñð ëxçlµðëð frøm sëvëræl æçtïøñs.",
			"config.untrackedChanges.mixed": "Æll çhæñgës, træçkëð æñð µñtræçkëð, æppëær tøgëthër æñð þëhævë ëqµællÿ.",
			"config.untrackedChanges.separate": "Üñtræçkëð çhæñgës æppëær sëpærætëlÿ ïñ thë §øµrçë Çøñtrøl vïëw. Thëÿ ærë ælsø ëxçlµðëð frøm sëvëræl æçtïøñs.",
			"config.useCommitInputAsStashMessage": "Çøñtrøls whëthër tø µsë thë mëssægë frøm thë çømmït ïñpµt þøx æs thë ðëfæµlt stæsh mëssægë.",
			"config.useEditorAsCommitInput": "Çøñtrøls whëthër æ fµll tëxt ëðïtør wïll þë µsëð tø æµthør çømmït mëssægës, whëñëvër ñø mëssægë ïs prøvïðëð ïñ thë çømmït ïñpµt þøx.",
			"config.useForcePushIfIncludes": "Çøñtrøls whëthër førçë pµshïñg µsës thë sæfër førçë-ïf-ïñçlµðës værïæñt. Ñøtë: Thïs sëttïñg rëqµïrës thë `#gït.µsëFørçëPµshWïth£ëæsë#` sëttïñg tø þë ëñæþlëð, æñð Gït vërsïøñ `2.30.0` ør lætër.",
			"config.useForcePushWithLease": "Çøñtrøls whëthër førçë pµshïñg µsës thë sæfër førçë-wïth-lëæsë værïæñt.",
			"config.useIntegratedAskPass": "Çøñtrøls whëthër GÏT_Æ§KPÆ§§ shøµlð þë øvërwrïttëñ tø µsë thë ïñtëgrætëð vërsïøñ.",
			"config.verboseCommit": "Ëñæþlë vërþøsë øµtpµt whëñ `#gït.µsëËðïtørÆsÇømmïtÏñpµt#` ïs ëñæþlëð.",
			"description": "Gït §ÇM Ïñtëgrætïøñ",
			"displayName": "Gït",
			"submenu.branch": "ßræñçh",
			"submenu.changes": "Çhæñgës",
			"submenu.commit": "Çømmït",
			"submenu.commit.amend": "Æmëñð",
			"submenu.commit.signoff": "§ïgñ Øff",
			"submenu.explorer": "Gït",
			"submenu.pullpush": "Pµll, Pµsh",
			"submenu.remotes": "Rëmøtë",
			"submenu.stash": "§tæsh",
			"submenu.tags": "Tægs",
			"view.workbench.cloneRepository": "Ýøµ çæñ çløñë æ rëpøsïtørÿ løçællÿ.\r\n[Çløñë Rëpøsïtørÿ](command:git.clone 'Çløñë æ rëpøsïtørÿ øñçë thë Gït ëxtëñsïøñ hæs æçtïvætëð')",
			"view.workbench.learnMore": "Tø lëærñ mørë æþøµt høw tø µsë Gït æñð søµrçë çøñtrøl ïñ V§ Çøðë [rëæð øµr ðøçs](https://ækæ.ms/vsçøðë-sçm).",
			"view.workbench.scm.closedRepositories": "Gït rëpøsïtørïës wërë føµñð thæt wërë prëvïøµslÿ çløsëð.\r\n[Rëøpëñ Çløsëð Rëpøsïtørïës](command:git.reopenClosedRepositories)\r\nTø lëærñ mørë æþøµt høw tø µsë Gït æñð søµrçë çøñtrøl ïñ V§ Çøðë [rëæð øµr ðøçs](https://ækæ.ms/vsçøðë-sçm).",
			"view.workbench.scm.closedRepository": "Æ Gït rëpøsïtørÿ wæs føµñð thæt wæs prëvïøµslÿ çløsëð.\r\n[Rëøpëñ Çløsëð Rëpøsïtørÿ](command:git.reopenClosedRepositories)\r\nTø lëærñ mørë æþøµt høw tø µsë Gït æñð søµrçë çøñtrøl ïñ V§ Çøðë [rëæð øµr ðøçs](https://ækæ.ms/vsçøðë-sçm).",
			"view.workbench.scm.disabled": "Ïf ÿøµ wøµlð lïkë tø µsë Gït fëætµrës, plëæsë ëñæþlë Gït ïñ ÿøµr [sëttïñgs](command:workbench.action.openSettings?%5B%22git.enabled%22%5D).\r\nTø lëærñ mørë æþøµt høw tø µsë Gït æñð søµrçë çøñtrøl ïñ V§ Çøðë [rëæð øµr ðøçs](https://ækæ.ms/vsçøðë-sçm).",
			"view.workbench.scm.empty": "Ïñ ørðër tø µsë Gït fëætµrës, ÿøµ çæñ øpëñ æ følðër çøñtæïñïñg æ Gït rëpøsïtørÿ ør çløñë frøm æ ÜR£.\r\n[Øpëñ Følðër](command:vscode.openFolder)\r\n[Çløñë Rëpøsïtørÿ](çømmæñð:gït.çløñë)\r\nTø lëærñ mørë æþøµt høw tø µsë Gït æñð søµrçë çøñtrøl ïñ V§ Çøðë [rëæð øµr ðøçs](https://ækæ.ms/vsçøðë-sçm).",
			"view.workbench.scm.emptyWorkspace": "Thë wørkspæçë çµrrëñtlÿ øpëñ ðøësñ't hævë æñÿ følðërs çøñtæïñïñg Gït rëpøsïtørïës.\r\n[Æðð Følðër tø Wørkspæçë](command:workbench.action.addRootFolder)\r\nTø lëærñ mørë æþøµt høw tø µsë Gït æñð søµrçë çøñtrøl ïñ V§ Çøðë [rëæð øµr ðøçs](https://ækæ.ms/vsçøðë-sçm).",
			"view.workbench.scm.folder": "Thë følðër çµrrëñtlÿ øpëñ ðøësñ't hævë æ Gït rëpøsïtørÿ. Ýøµ çæñ ïñïtïælïzë æ rëpøsïtørÿ whïçh wïll ëñæþlë søµrçë çøñtrøl fëætµrës pøwërëð þÿ Gït.\r\n[Ïñïtïælïzë Rëpøsïtørÿ](command:git.init?%5Btrue%5D)\r\nTø lëærñ mørë æþøµt høw tø µsë Gït æñð søµrçë çøñtrøl ïñ V§ Çøðë [rëæð øµr ðøçs](https://ækæ.ms/vsçøðë-sçm).",
			"view.workbench.scm.missing": "Ïñstæll Gït, æ pøpµlær søµrçë çøñtrøl sÿstëm, tø træçk çøðë çhæñgës æñð çøllæþørætë wïth øthërs. £ëærñ mørë ïñ øµr [Gït gµïðës](https://ækæ.ms/vsçøðë-sçm).",
			"view.workbench.scm.missing.linux": "§øµrçë çøñtrøl ðëpëñðs øñ Gït þëïñg ïñstællëð.\r\n[Ðøwñløæð Gït før £ïñµx](https://gït-sçm.çøm/ðøwñløæð/lïñµx)\r\nÆftër ïñstællïñg, plëæsë [rëløæð](command:workbench.action.reloadWindow) (ør [trøµþlëshøøt](çømmæñð:gït.shøwØµtpµt)). Æððïtïøñæl søµrçë çøñtrøl prøvïðërs çæñ þë ïñstællëð [frøm thë Mærkëtplæçë](çømmæñð:wørkþëñçh.ëxtëñsïøñs.sëærçh?%22%40çætëgørÿ%3Æ%5Ç%22sçm%20prøvïðërs%5Ç%22%22).",
			"view.workbench.scm.missing.mac": "[Ðøwñløæð Gït før mæçØ§](https://gït-sçm.çøm/ðøwñløæð/mæç)\r\nÆftër ïñstællïñg, plëæsë [rëløæð](command:workbench.action.reloadWindow) (ør [trøµþlëshøøt](çømmæñð:gït.shøwØµtpµt)). Æððïtïøñæl søµrçë çøñtrøl prøvïðërs çæñ þë ïñstællëð [frøm thë Mærkëtplæçë](çømmæñð:wørkþëñçh.ëxtëñsïøñs.sëærçh?%22%40çætëgørÿ%3Æ%5Ç%22sçm%20prøvïðërs%5Ç%22%22).",
			"view.workbench.scm.missing.windows": "[Ðøwñløæð Gït før Wïñðøws](https://gït-sçm.çøm/ðøwñløæð/wïñ)\r\nÆftër ïñstællïñg, plëæsë [rëløæð](command:workbench.action.reloadWindow) (ør [trøµþlëshøøt](çømmæñð:gït.shøwØµtpµt)). Æððïtïøñæl søµrçë çøñtrøl prøvïðërs çæñ þë ïñstællëð [frøm thë Mærkëtplæçë](çømmæñð:wørkþëñçh.ëxtëñsïøñs.sëærçh?%22%40çætëgørÿ%3Æ%5Ç%22sçm%20prøvïðërs%5Ç%22%22).",
			"view.workbench.scm.repositoriesInParentFolders": "Gït rëpøsïtørïës wërë føµñð ïñ thë pærëñt følðërs øf thë wørkspæçë ør thë øpëñ fïlë(s).\r\n[Øpëñ Rëpøsïtørÿ](command:git.openRepositoriesInParentFolders)\r\nÜsë thë [gït.øpëñRëpøsïtørÿÏñPærëñtFølðërs](command:workbench.action.openSettings?%5B%22git.openRepositoryInParentFolders%22%5D) sëttïñg tø çøñtrøl whëthër Gït rëpøsïtørïës ïñ pærëñt følðërs øf wørkspæçë ør øpëñ fïlës ærë øpëñëð. Tø lëærñ mørë [rëæð øµr ðøçs](https://ækæ.ms/vsçøðë-gït-rëpøsïtørÿ-ïñ-pærëñt-følðërs).",
			"view.workbench.scm.repositoryInParentFolders": "Æ Gït rëpøsïtørÿ wæs føµñð ïñ thë pærëñt følðërs øf thë wørkspæçë ør thë øpëñ fïlë(s).\r\n[Øpëñ Rëpøsïtørÿ](command:git.openRepositoriesInParentFolders)\r\nÜsë thë [gït.øpëñRëpøsïtørÿÏñPærëñtFølðërs](command:workbench.action.openSettings?%5B%22git.openRepositoryInParentFolders%22%5D) sëttïñg tø çøñtrøl whëthër Gït rëpøsïtørïës ïñ pærëñt følðërs øf wørkspæçës ør øpëñ fïlës ærë øpëñëð. Tø lëærñ mørë [rëæð øµr ðøçs](https://ækæ.ms/vsçøðë-gït-rëpøsïtørÿ-ïñ-pærëñt-følðërs).",
			"view.workbench.scm.scanFolderForRepositories": "§çæññïñg følðër før Gït rëpøsïtørïës...",
			"view.workbench.scm.scanWorkspaceForRepositories": "§çæññïñg wørkspæçë før Gït rëpøsïtørïës...",
			"view.workbench.scm.unsafeRepositories": "Thë ðëtëçtëð Gït rëpøsïtørïës ærë pøtëñtïællÿ µñsæfë æs thë følðërs ærë øwñëð þÿ sømëøñë øthër thæñ thë çµrrëñt µsër.\r\n[Mæñægë Üñsæfë Rëpøsïtørïës](command:git.manageUnsafeRepositories)\r\nTø lëærñ mørë æþøµt µñsæfë rëpøsïtørïës [rëæð øµr ðøçs](https://ækæ.ms/vsçøðë-gït-µñsæfë-rëpøsïtørÿ).",
			"view.workbench.scm.unsafeRepository": "Thë ðëtëçtëð Gït rëpøsïtørÿ ïs pøtëñtïællÿ µñsæfë æs thë følðër ïs øwñëð þÿ sømëøñë øthër thæñ thë çµrrëñt µsër.\r\n[Mæñægë Üñsæfë Rëpøsïtørïës](command:git.manageUnsafeRepositories)\r\nTø lëærñ mørë æþøµt µñsæfë rëpøsïtørïës [rëæð øµr ðøçs](https://ækæ.ms/vsçøðë-gït-µñsæfë-rëpøsïtørÿ).",
			"view.workbench.scm.workspace": "Thë wørkspæçë çµrrëñtlÿ øpëñ ðøësñ't hævë æñÿ følðërs çøñtæïñïñg Gït rëpøsïtørïës. Ýøµ çæñ ïñïtïælïzë æ rëpøsïtørÿ øñ æ følðër whïçh wïll ëñæþlë søµrçë çøñtrøl fëætµrës pøwërëð þÿ Gït.\r\n[Ïñïtïælïzë Rëpøsïtørÿ](command:git.init)\r\nTø lëærñ mørë æþøµt høw tø µsë Gït æñð søµrçë çøñtrøl ïñ V§ Çøðë [rëæð øµr ðøçs](https://ækæ.ms/vsçøðë-sçm)."
		}
	}
}