{
	"": [
		"--------------------------------------------------------------------------------------------",
		"Copyright (c) Microsoft Corporation. All rights reserved.",
		"Licensed under the MIT License. See License.txt in the project root for license information.",
		"--------------------------------------------------------------------------------------------",
		"Do not edit this file. It is machine generated."
	],
	"version": "1.0.0",
	"contents": {
		"bundle": {
			"(loading...)/Prefix displayed for hover entries while the server is still loading": "(načítání...)",
			"...1 additional file not shown": "...nezobrazuje se 1 další soubor",
			"...{0} additional files not shown": "...nezobrazuje se několik dalších souborů (celkem {0})",
			"1 implementation": "1 implementace",
			"1 reference": "1 odkaz",
			"Acquiring typings definitions for IntelliSense./Typings refers to the *.d.ts typings files that power our IntelliSense. It should not be localized": "Získávají se definice typings pro IntelliSense.",
			"Acquiring typings.../Typings refers to the *.d.ts typings files that power our IntelliSense. It should not be localized": "Získávají se definice typings...",
			"Add all missing imports": "Přidat všechny chybějící importy",
			"Allow": "Povolit",
			"Always": "Vždy",
			"An error occurred while renaming file": "Při přejmenovávání souboru došlo k chybě.",
			"Analyzing '{0}' and its dependencies": "Analýza {0} a jeho závislostí",
			"Checking for update of JS/TS imports": "Kontroluje se aktualizace importů JS/TS",
			"Configure Excludes": "Konfigurovat vyloučení",
			"Configure jsconfig": "Konfigurovat soubor jsconfig",
			"Configure jsconfig.json": "Konfigurovat soubor jsconfig.js",
			"Configure tsconfig": "Konfigurovat soubor tsconfig",
			"Configure tsconfig.json": "Konfigurovat soubor tsconfig.js",
			"Could not apply refactoring": "Refaktorování se nepodařilo použít.",
			"Could not detect a Node installation to run TS Server.": "Nepodařilo se zjistit instalaci uzlu pro spuštění serveru TS.",
			"Could not determine TypeScript or JavaScript project": "Nepovedlo se určit projekt TypeScriptu nebo JavaScriptu.",
			"Could not determine TypeScript or JavaScript project. Unsupported file type": "Nepovedlo se určit projekt TypeScriptu nebo JavaScriptu. Nepodporovaný typ souboru",
			"Could not determine references": "Nepovedlo se určit odkazy.",
			"Could not install typings files for JavaScript language features. Please ensure that NPM is installed, or configure 'typescript.npm' in your user settings. Alternatively, check the [documentation]({0}) to learn more.": "Nepovedlo se nainstalovat soubory typings pro funkce jazyka JavaScript. Ujistěte se prosím, že je nainstalovaný správce balíčků NPM, nebo v uživatelských nastaveních nakonfigurujte typescript.npm. Další informace najdete v [dokumentaci]({0}).",
			"Could not load the TypeScript version at this path": "Could not load the TypeScript version at this path",
			"Could not open TS Server log file": "Nepovedlo se otevřít soubor protokolu serveru TS.",
			"Disable logging": "Zakázat protokolování",
			"Disables semantic checking in a JavaScript file. Must be at the top of a file.": "Zakáže sémantickou kontrolu v souboru JavaScriptu. Musí být na začátku souboru.",
			"Dismiss": "Zavřít",
			"Don't Show Again": "Znovu nezobrazovat",
			"Don't show again": "Znovu nezobrazovat",
			"Enable logging and restart TS server": "Povolit protokolování a restartovat server TS",
			"Enables semantic checking in a JavaScript file. Must be at the top of a file.": "Povolí sémantickou kontrolu v souboru JavaScriptu. Musí být na začátku souboru.",
			"Enter file path": "Zadejte cestu k souboru.",
			"Enter new file path...": "Zadejte novou cestu k souboru...",
			"Extract to constant": "Extrahovat do konstanty",
			"Extract to function": "Extrahovat do funkce",
			"Failed to resolve {0} as module": "{0} se nepovedlo vyřešit jako modul",
			"Fetching data for better TypeScript IntelliSense": "Načítají se data pro zvýšení efektivity technologie IntelliSense pro TypeScript.",
			"File is not part of a JavaScript project. View the [jsconfig.json documentation]({0}) to learn more.": "Soubor není součástí projektu JavaScript. Další informace najdete v [dokumentaci jsconfig.json]({0}).",
			"File is not part of a TypeScript project. View the [tsconfig.json documentation]({0}) to learn more.": "Soubor není součástí projektu TypeScript. Další informace najdete v [dokumentaci tsconfig.json]({0}).",
			"File is not part opened folders": "Soubor není součástí otevřených složek.",
			"Find file references failed. No resource provided.": "Operace vyhledání odkazů na soubory neproběhla úspěšně. Neposkytl se žádný prostředek.",
			"Find file references failed. Requires TypeScript 4.2+.": "Operace vyhledání odkazů na soubory neproběhla úspěšně. Vyžaduje TypeScript 4.2+.",
			"Find file references failed. Unknown file type.": "Operace vyhledání odkazů na soubory neproběhla úspěšně. Neznámý typ souboru",
			"Find file references failed. Unsupported file type.": "Operace vyhledání odkazů na soubory neproběhla úspěšně. Nepodporovaný typ souboru",
			"Finding file references": "Hledání odkazů na soubory",
			"Finding source definitions": "Hledání definic zdrojů",
			"Fix all fixable JS/TS issues": "Opravit všechny opravitelné problémy JS/TS",
			"Follow link": "Přejít na odkaz",
			"Go to Source Definition failed. No resource provided.": "Nepovedlo se přejít na definici zdroje. Neposkytl se žádný prostředek.",
			"Go to Source Definition failed. Requires TypeScript 4.7+.": "Nepovedlo se přejít na definici zdroje. Vyžaduje se TypeScript 4.7+.",
			"Go to Source Definition failed. Unknown file type.": "Nepovedlo se přejít na definici zdroje. Neznámý typ souboru.",
			"Go to Source Definition failed. Unsupported file type.": "Nepovedlo se přejít na definici zdroje. Nepodporovaný typ souboru.",
			"Initializing '{0}'": "Inicializuje se {0}.",
			"JS/TS IntelliSense Status": "Stav IntelliSense JS/TS",
			"JSDoc comment": "Komentář JSDoc",
			"Learn More": "Další informace",
			"Learn more about JS/TS refactorings": "Další informace o refaktorování JS/TS",
			"Learn more about managing TypeScript versions": "Další informace o správě verzí TypeScriptu",
			"Loading IntelliSense status": "Načítání stavu IntelliSense",
			"Move to File": "Přesunout do souboru",
			"Never": "Nikdy",
			"Never in this Workspace": "Nikdy v tomto pracovním prostoru",
			"No": "Ne",
			"No jsconfig": "Žádný jsconfig",
			"No opened folders": "Žádné otevřené složky",
			"No source definitions found.": "Nenašly se žádné definice.",
			"No tsconfig": "Žádný tsconfig",
			"Not now": "Teď ne",
			"Open config file": "Otevřít konfigurační soubor",
			"Organize Imports": "Uspořádat importy",
			"Partial Mode": "Dílčí režim",
			"Paste with imports": "Vložit s importy",
			"Please open a folder in VS Code to use a TypeScript or JavaScript project": "Pokud chcete použít projekt TypeScriptu nebo JavaScriptu, otevřete prosím složku ve VS Code.",
			"Please report an issue against Yarn PnP": "Nahlaste prosím problém s Yarn PnP.",
			"Please update your TypeScript version": "Aktualizujte si prosím verzi TypeScriptu",
			"Project Wide IntelliSense not available": "IntelliSense není k dispozici pro celý projekt",
			"Remove Unused Imports": "Odebrat nepoužívané importy",
			"Remove all unused code": "Odebrat veškerý nepoužívaný kód",
			"Report Issue": "Nahlásit problém",
			"Report issue against Yarn PnP": "Nahlásit problém s Yarn PnP",
			"Select Version": "Vyberte verzi",
			"Select code action to apply": "Vybrat akci kódu, která se má použít",
			"Select existing file...": "Vybrat existující soubor...",
			"Select move destination": "Vybrat cíl přesunu",
			"Select the TypeScript version used for JavaScript and TypeScript language features": "Vyberte verzi TypeScriptu používanou pro funkce jazyka JavaScript a TypeScript.",
			"Sort Imports": "Seřadit importy",
			"Suppresses @ts-check errors on the next line of a file, expecting at least one to exist.": "Potlačí chyby @ts-check na dalším řádku souboru. Očekává, že bude existovat minimálně jedna.",
			"Suppresses @ts-check errors on the next line of a file.": "Potlačí chyby @ts-check na dalším řádku souboru.",
			"TS Server has not started logging.": "Server TS nezačal protokolovat.",
			"TS Server logging is currently enabled which may impact performance.": "Protokolování serveru TS je aktuálně povolené, což může mít vliv na výkon.",
			"TS Server logging is off. Please set 'typescript.tsserver.log' and restart the TS server to enable logging": "Protokolování serveru TS je vypnuté. Pokud chcete povolit protokolování, nastavte prosím typescript.tsserver.log a restartujte server TS.",
			"The JS/TS language service crashed 5 times in the last 5 Minutes.": "Služba jazyka JS/TS selhala 5krát za posledních 5 minut.",
			"The JS/TS language service crashed 5 times in the last 5 Minutes.\nThis may be caused by a plugin contributed by one of these extensions: {0}\nPlease try disabling these extensions before filing an issue against VS Code.": "Služba jazyka JS/TS selhala 5krát za posledních 5 minut.\nPříčinou může být modul plug-in, kterým přispělo jedno z těchto rozšíření: {0}.\nPřed nahlášením problému s VS Code zkuste prosím tato rozšíření zakázat.",
			"The JS/TS language service crashed.": "Došlo k chybě služby jazyka JS/TS.",
			"The JS/TS language service crashed.\nThis may be caused by a plugin contributed by one of these extensions: {0}.\nPlease try disabling these extensions before filing an issue against VS Code.": "Došlo k chybovému ukončení služby jazyka JS/TS.\nPříčinou může být modul plug-in, kterým přispělo jedno z těchto rozšíření: {0}.\nPřed nahlášením problému s VS Code zkuste prosím tato rozšíření zakázat.",
			"The JS/TS language service immediately crashed 5 times. The service will not be restarted.": "Služba jazyka JS/TS okamžitě 5krát selhala. Služba nebude restartována.",
			"The JS/TS language service immediately crashed 5 times. The service will not be restarted.\nThis may be caused by a plugin contributed by one of these extensions: {0}.\nPlease try disabling these extensions before filing an issue against VS Code.": "Služba jazyka JS/TS okamžitě 5krát selhala. Služba nebude restartována.\nPříčinou může být modul plug-in, kterým přispělo jedno z těchto rozšíření: {0}.\nPřed nahlášením problému s VS Code zkuste prosím tato rozšíření zakázat.",
			"The current selection cannot be extracted": "Aktuální výběr nelze extrahovat.",
			"The path {0} doesn't point to a valid Node installation to run TS Server. Falling back to bundled Node.": "Cesta {0} neukazuje na platnou instalaci uzlu pro spuštění serveru TS. Návrat k sadě uzlu.",
			"The path {0} doesn't point to a valid tsserver install. Falling back to bundled TypeScript version.": "Cesta {0} neodkazuje na platnou instalaci serveru tsserver. Místo toho se použije verze TypeScriptu v balíčku.",
			"The workspace is using a version of the TypeScript Server that has been patched by Yarn PnP. This patching is a common source of bugs.": "Pracovní prostor používá verzi serveru TypeScript opravenou prostřednictvím Yarn PnP. Tato oprava je běžným zdrojem chyb.",
			"The workspace is using an old version of TypeScript ({0}).\n\nBefore reporting an issue, please update the workspace to use TypeScript {1} or newer to make sure the bug has not already been fixed.": "Pracovní prostor používá starou verzi TypeScriptu ({0}).\n\nPřed nahlášením problému prosím aktualizujte pracovní prostor tak, aby používal TypeScript {1} nebo novější, abyste měli jistotu, že se chyba ještě neopravila.",
			"This workspace contains a TypeScript version. Would you like to use the workspace TypeScript version for TypeScript and JavaScript language features?": "Tento pracovní prostor obsahuje verzi TypeScriptu. Chcete použít verzi TypeScriptu pracovního prostoru pro funkce jazyka TypeScript a JavaScript?",
			"This workspace wants to use the Node installation at '{0}' to run TS Server. Would you like to use it?": "Tento pracovní prostor chce ke spuštění serveru TS použít instalaci uzlu na „{0}“. Chcete ho použít?",
			"To enable project-wide JavaScript/TypeScript language features, exclude folders with many files, like: {0}": "Pokud chcete povolit funkce jazyka JavaScript/TypeScript pro celý projekt, vylučte složky s velkým počtem souborů, například: {0}.",
			"To enable project-wide JavaScript/TypeScript language features, exclude large folders with source files that you do not work on.": "Pokud chcete povolit funkce jazyka JavaScript/TypeScript pro celý projekt, vylučte velké složky se zdrojovými soubory, na kterých nepracujete.",
			"TypeScript Server Log": "Protokol serveru TypeScript",
			"TypeScript Task in tasks.json contains \"\\\\\". TypeScript tasks tsconfig must use \"/\"": "Úloha TypeScriptu v souboru tasks.json obsahuje čtyři zpětná lomítka (\\\\). V konfiguraci tsconfig úloh TypeScriptu se musí používat jedno dopředné lomítko (/).",
			"TypeScript Version": "Verze TypeScriptu",
			"TypeScript language server exited with error. Error message is: {0}": "Server jazyka TypeScript byl ukončen s chybou. Chybová zpráva: {0}",
			"TypeScript: Configure Excludes": "TypeScript: konfigurovat vyloučení",
			"Update imports for '{0}'?": "Chcete aktualizovat importy pro: {0}?",
			"Update imports for the following {0} files?": "Chcete aktualizovat importy pro následující soubory ({0})?",
			"Use VS Code's Version": "Použít verzi VS Code",
			"Use Workspace Version": "Použít verzi pracovního prostoru",
			"VS Code's tsserver was deleted by another application such as a misbehaving virus detection tool. Please reinstall VS Code.": "VS Code's tsserver was deleted by another application such as a misbehaving virus detection tool. Please reinstall VS Code.",
			"Yes": "Ano",
			"build - {0}": "sestavení – {0}",
			"destination files": "cílové soubory",
			"invalid version": "neplatná verze",
			"watch - {0}": "kukátko – {0}",
			"{0} (Fix all in file)": "{0} (Opravit vše v souboru)",
			"{0} implementations": "Počet implementací: {0}",
			"{0} references": "Odkazy: {0}"
		},
		"package": {
			"configuration.expandableHover": "Povolit nebo zakázat rozbalení při najetí myší",
			"configuration.implicitProjectConfig.checkJs": "Umožňuje povolit nebo zakázat sémantickou kontrolu souborů JavaScriptu. Existující soubory jsconfig.json nebo tsconfig.json toto nastavení přepíší.",
			"configuration.implicitProjectConfig.experimentalDecorators": "Umožňuje povolit nebo zakázat možnost experimentalDecorators pro soubory JavaScriptu, které nejsou součástí projektu. Existující soubory jsconfig.json nebo tsconfig.json toto nastavení přepíší.",
			"configuration.implicitProjectConfig.module": "Nastaví systém modulů pro program. Další informace: https://www.typescriptlang.org/tsconfig#module.",
			"configuration.implicitProjectConfig.strictFunctionTypes": "Umožňuje povolit nebo zakázat [striktní typy funkcí](https://www.typescriptlang.org/tsconfig#strictFunctionTypes) pro soubory JavaScriptu a TypeScriptu, které nejsou součástí projektu. Existující soubory jsconfig.json nebo tsconfig.json toto nastavení přepíší.",
			"configuration.implicitProjectConfig.strictNullChecks": "Umožňuje povolit nebo zakázat [striktní kontroly hodnoty null](https://www.typescriptlang.org/tsconfig#strictNullChecks) pro soubory JavaScriptu a TypeScriptu, které nejsou součástí projektu. Existující soubory jsconfig.json nebo tsconfig.json toto nastavení přepíší.",
			"configuration.implicitProjectConfig.target": "Nastavte cílovou verzi jazyka JavaScript pro vydávaný JavaScript a zahrňte deklarace knihovny. Další informace: https://www.typescriptlang.org/tsconfig#target.",
			"configuration.inlayHints.enumMemberValues.enabled": "Povolit nebo zakázat pomocná upozornění pro hodnoty členů v deklaracích výčtu:\r\n```typescript\r\n\r\nenum MyValue {\r\n\tA /* = 0 */;\r\n\tB /* = 1 */;\r\n}\r\n \r\n```",
			"configuration.inlayHints.functionLikeReturnTypes.enabled": "Povolit nebo zakázat pomocná upozornění vložené položky pro implicitní návratové typy signatur funkce:\r\n```typescript\r\n\r\nfunction foo() /* :number */ {\r\n\treturn Date.now();\r\n} \r\n \r\n```",
			"configuration.inlayHints.parameterNames.enabled": "Povolit nebo zakázat pomocná upozornění pro vložené parametry:\r\n```typescript\r\n\r\nparseInt(/* str: */ '123', /* radix: */ 8)\r\n \r\n```",
			"configuration.inlayHints.parameterNames.suppressWhenArgumentMatchesName": "Potlačte tipy pro názvy parametrů parametru u argumentů, jejichž text je totožný s názvem parametru.",
			"configuration.inlayHints.parameterTypes.enabled": "Povolit nebo zakázat pomocná upozornění vloženého kódu pro implicitní typy parametrů:\r\n```typescript\r\n\r\nel.addEventListener('click', e /* :MouseEvent */ => ...)\r\n \r\n```",
			"configuration.inlayHints.propertyDeclarationTypes.enabled": "Povolit nebo zakázat pomocná upozornění pro vložené typy v deklaracích vlastností:\r\n```typescript\r\n\r\nclass Foo {\r\n\tprop /* :number */ = Date.now();\r\n}\r\n \r\n```",
			"configuration.inlayHints.variableTypes.enabled": "Povolit nebo zakázat pomocná upozornění pro vložené proměnné pro implicitní typy proměnných:\r\n```typescript\r\n\r\nconst foo /* :number */ = Date.now();\r\n \r\n```",
			"configuration.inlayHints.variableTypes.suppressWhenTypeMatchesName": "Potlačit typové nápovědy u proměnných, jejichž název je shodný s názvem typu.",
			"configuration.javascript.checkJs.checkJs.deprecation": "Toto nastavení je zastaralé a místo něj se používá js/ts.implicitProjectConfig.checkJs.",
			"configuration.javascript.checkJs.experimentalDecorators.deprecation": "Toto nastavení je zastaralé a místo něj se používá js/ts.implicitProjectConfig.experimentalDecorators.",
			"configuration.preferGoToSourceDefinition": "Umožňuje provést příkaz Přejít k definici a vyhnout se při tom souborům deklarací typu (pokud je to možné) tím, že místo toho aktivuje příkaz Přejít na definici zdroje. To umožňuje aktivaci příkazu Přejít na definici zdroje pomocí gesta myší.",
			"configuration.suggest.autoImports": "Umožňuje povolit nebo zakázat návrhy automatického importu.",
			"configuration.suggest.classMemberSnippets.enabled": "Umožňuje povolit nebo zakázat dokončování fragmentů kódu pro členy třídy.",
			"configuration.suggest.completeFunctionCalls": "Dokončovat funkce pomocí jejich podpisu parametru",
			"configuration.suggest.completeJSDocs": "Umožňuje povolit nebo zakázat návrh na dokončování komentářů JSDoc.",
			"configuration.suggest.includeAutomaticOptionalChainCompletions": "Umožňuje povolit nebo zakázat zobrazování dokončování pro potenciálně nedefinované hodnoty, které vkládají volitelné volání řetězce. Vyžaduje povolení striktních kontrol hodnot null.",
			"configuration.suggest.includeCompletionsForImportStatements": "Umožňuje povolit nebo zakázat dokončení automatického importu stylů a příkazů částečně typového importu.",
			"configuration.suggest.jsdoc.generateReturns": "Umožňuje povolit nebo zakázat generování poznámek @returns pro šablony JSDoc.",
			"configuration.suggest.names": "Umožňuje povolit nebo zakázat zahrnutí jedinečných názvů ze souboru do návrhů JavaScriptu. Poznámka: Návrhy názvů jsou vždy zakázány v kódu JavaScriptu, který je sémanticky kontrolován pomocí @ts-check nebo checkJs.",
			"configuration.suggest.objectLiteralMethodSnippets.enabled": "Umožňuje povolit nebo zakázat dokončování fragmentů kódu pro metody v literálech objektů.",
			"configuration.suggest.paths": "Umožňuje povolit nebo zakázat návrhy pro cesty v příkazech importu a vyžadovat volání.",
			"configuration.surveys.enabled": "Umožňuje povolit nebo zakázat příležitostné průzkumy, které nám pomůžou vylepšit podporu JavaScriptu a TypeScriptu ve VS Code.",
			"configuration.tsserver.experimental.enableProjectDiagnostics": "Povolí zasílání zpráv o chybách v rámci celého projektu.",
			"configuration.tsserver.maxTsServerMemory": "Maximální velikost paměti (v MB), která se přidělí procesu serveru TypeScriptu. Pokud chcete použít limit paměti větší než 4 GB, použijte #typescript.tsserver.nodePath# a spusťte TS Server s vlastní instalací uzlu.",
			"configuration.tsserver.nodePath": "Spusťte TS Server na vlastní instalaci uzlu. Může to Může to být cesta ke spustitelnému uzlu nebo „uzlu\", pokud chcete, aby VS Code detekoval instalaci uzlu.",
			"configuration.tsserver.useSeparateSyntaxServer": "Umožňuje povolit nebo zakázat vytváření samostatného serveru TypeScriptu, který může rychleji reagovat na operace související se syntaxí, jako je například výpočet sbalení nebo symbolů dokumentu.",
			"configuration.tsserver.useSeparateSyntaxServer.deprecation": "Toto nastavení je zastaralé, používá se typescript.tsserver.useSyntaxServer.",
			"configuration.tsserver.useSyntaxServer": "Určuje, jestli TypeScript spustí vyhrazený server, aby se rychleji zpracovaly operace související se syntaxí, jako je například výpočet sbalování kódu.",
			"configuration.tsserver.useSyntaxServer.always": "Pro zpracování všech operací IntelliSense použijte zjednodušený server syntaxe. Tento server syntaxe může poskytovat IntelliSense pouze pro otevřené soubory.",
			"configuration.tsserver.useSyntaxServer.auto": "Vytvoří úplný i zjednodušený server vyhrazený pro operace syntaxe. Server syntaxe se používá k urychlení operací syntaxe a poskytování IntelliSense při načítání projektů.",
			"configuration.tsserver.useSyntaxServer.never": "Nepoužívejte vyhrazený server syntaxe. Pomocí jednoho serveru zpracujte všechny operace IntelliSense.",
			"configuration.tsserver.useVsCodeWatcher": "Místo sledovacích procesů souborů TypeScriptu použijte sledovací procesy souborů VS Code. Vyžaduje v pracovním prostoru použití TypeScriptu 5.4+.",
			"configuration.tsserver.useVsCodeWatcher.deprecation": "Použijte prosím místo toho nastavení #typescript.tsserver.watchOptions#.",
			"configuration.tsserver.watchOptions": "Umožňuje nakonfigurovat, které strategie sledování se mají používat ke sledování souborů a adresářů.",
			"configuration.tsserver.watchOptions.fallbackPolling": "Při použití událostí systému souborů tato možnost určuje strategii dotazování, která se má použít, když v systému dojdou prostředky nativního sledování souborů nebo pokud systém nativní sledování souborů nepodporuje.",
			"configuration.tsserver.watchOptions.fallbackPolling.dynamicPriorityPolling ": "Použít dynamickou frontu, ve které se budou méně často upravované soubory kontrolovat méně často",
			"configuration.tsserver.watchOptions.fallbackPolling.fixedPollingInterval": "Kontrolovat změny v každém souboru několikrát za sekundu v pevně stanoveném intervalu",
			"configuration.tsserver.watchOptions.fallbackPolling.priorityPollingInterval": "Kontrolovat změny v každém souboru několikrát za sekundu, ale pomocí heuristiky kontrolovat konkrétní typy souborů méně často",
			"configuration.tsserver.watchOptions.synchronousWatchDirectory": "Umožňuje zakázat odložené sledování adresářů. Odložené sledování je užitečné, když může v souboru najednou dojít k velkému počtu změn (např. ke změně v node_modules při spuštění instalace npm). U některých méně obvyklých instalací ale můžete chtít toto nastavení pomocí tohoto příznaku zakázat.",
			"configuration.tsserver.watchOptions.vscode": "Místo sledovacích procesů souborů TypeScriptu použijte sledovací procesy souborů VS Code. Vyžaduje v pracovním prostoru použití TypeScriptu 5.4+.",
			"configuration.tsserver.watchOptions.watchDirectory": "Strategie pro sledování celých adresářových stromů v systémech, kde neexistuje žádná funkce rekurzivního sledování souborů",
			"configuration.tsserver.watchOptions.watchDirectory.dynamicPriorityPolling": "Používat dynamickou frontu, ve které se budou méně často upravované adresáře kontrolovat méně často",
			"configuration.tsserver.watchOptions.watchDirectory.fixedChunkSizePolling": "V pravidelných intervalech dotazuje adresáře v blocích.",
			"configuration.tsserver.watchOptions.watchDirectory.fixedPollingInterval": "Zkontrolovat změny v každém adresáři několikrát za sekundu v pevně stanoveném intervalu",
			"configuration.tsserver.watchOptions.watchDirectory.useFsEvents": "Pokus o použití nativních událostí operačního systému / systému souborů pro změny v adresáři",
			"configuration.tsserver.watchOptions.watchFile": "Strategie pro sledovaní jednotlivých souborů",
			"configuration.tsserver.watchOptions.watchFile.dynamicPriorityPolling": "Použít dynamickou frontu, ve které se budou méně často upravované soubory kontrolovat méně často",
			"configuration.tsserver.watchOptions.watchFile.fixedChunkSizePolling": "V pravidelných intervalech dotazuje soubory v blocích.",
			"configuration.tsserver.watchOptions.watchFile.fixedPollingInterval": "Kontrolovat změny v každém souboru několikrát za sekundu v pevně stanoveném intervalu",
			"configuration.tsserver.watchOptions.watchFile.priorityPollingInterval": "Kontrolovat změny v každém souboru několikrát za sekundu, ale pomocí heuristiky kontrolovat konkrétní typy souborů méně často",
			"configuration.tsserver.watchOptions.watchFile.useFsEvents": "Pokus o použití nativních událostí operačního systému / systému souborů pro změny v souboru",
			"configuration.tsserver.watchOptions.watchFile.useFsEventsOnParentDirectory": "Pokus o použití nativních událostí operačního systému / systému souborů k naslouchání změnám v adresářích obsahujících daný soubor. Může to vést k používání menšího počtu sledovacích procesů souborů, ale zároveň ke snížení přesnosti.",
			"configuration.tsserver.web.projectWideIntellisense.enabled": "Povolí nebo zakáže IntelliSense pro celý projekt na webu. Vyžaduje, aby byl nástroj VS Code spuštěn v důvěryhodném kontextu.",
			"configuration.tsserver.web.projectWideIntellisense.suppressSemanticErrors": "Potlačí sémantické chyby na webu, i když je povolená funkce IntelliSense pro celý projekt. Je vždy zapnuté, když funkce IntelliSense není povolená pro celý projekt nebo není dostupná. Viz #typescript.tsserver.web.projectWideIntellisense.enabled#",
			"configuration.tsserver.web.typeAcquisition.enabled": "Povolit/zakázat získávání balíčků na webu. Povolí IntelliSense pro importované balíčky. Vyžaduje #typescript.tsserver.web.projectWideIntellisense.enabled#. V současnosti není podporováno pro Safari.",
			"configuration.typescript": "TypeScript",
			"configuration.updateImportsOnPaste": "Povolí aktualizace importů při vkládání kódu. Vyžaduje TypeScript 5.7+.\r\n\r\nVe výchozím nastavení zobrazí možnost aktualizace importů po vložení. Nastavení #editor.pasteAs.preferences# můžete použít k automatické aktualizaci importů při vkládání: \"editor.pasteAs.preferences\": [ \"text.updateImports.jsts\" ].",
			"description": "Poskytuje rozšířenou podporu jazyka pro JavaScript a TypeScript.",
			"displayName": "Funkce jazyka TypeScript a JavaScript",
			"format.indentSwitchCase": "Odsadit klauzule case v příkazech switch. Vyžaduje v pracovním prostoru použití TypeScriptu 5.1+.",
			"format.insertSpaceAfterCommaDelimiter": "Určuje, jak zpracovávat mezery za oddělovačem v podobě čárky.",
			"format.insertSpaceAfterConstructor": "Určuje, jak zpracovávat mezery za klíčovým slovem constructor (konstruktor).",
			"format.insertSpaceAfterFunctionKeywordForAnonymousFunctions": "Určuje, jak zpracovávat mezery za klíčovým slovem function (funkce) pro anonymní funkce.",
			"format.insertSpaceAfterKeywordsInControlFlowStatements": "Určuje, jak zpracovávat mezery za klíčovými slovy v příkazu řídicího toku.",
			"format.insertSpaceAfterOpeningAndBeforeClosingEmptyBraces": "Určuje, jak zpracovávat mezery po levé složené závorce a před pravou složenou závorkou, pokud jsou tyto závorky prázdné.",
			"format.insertSpaceAfterOpeningAndBeforeClosingJsxExpressionBraces": "Určuje, jak zpracovávat mezery po levé složené závorce a před pravou složenou závorkou výrazu JSX.",
			"format.insertSpaceAfterOpeningAndBeforeClosingNonemptyBraces": "Určuje, jak zpracovávat mezery po levé složené závorce a před pravou složenou závorkou, pokud tyto závorky nejsou prázdné.",
			"format.insertSpaceAfterOpeningAndBeforeClosingNonemptyBrackets": "Určuje, jak zpracovávat mezery po levé hranaté závorce a před pravou hranatou závorkou, pokud tyto závorky nejsou prázdné.",
			"format.insertSpaceAfterOpeningAndBeforeClosingNonemptyParenthesis": "Určuje, jak zpracovávat mezery za levou kulatou závorkou a před pravou kulatou závorkou, pokud tyto závorky nejsou prázdné.",
			"format.insertSpaceAfterOpeningAndBeforeClosingTemplateStringBraces": "Určuje, jak zpracovávat mezery po levé složené závorce a před pravou složenou závorkou řetězce šablony.",
			"format.insertSpaceAfterSemicolonInForStatements": "Určuje, jak zpracovávat mezery za středníkem v příkazu for.",
			"format.insertSpaceAfterTypeAssertion": "Určuje, jak zpracovávat mezery za kontrolními výrazy v TypeScriptu.",
			"format.insertSpaceBeforeAndAfterBinaryOperators": "Určuje, jak zpracovávat mezery za binárním operátorem.",
			"format.insertSpaceBeforeFunctionParenthesis": "Určuje, jak zpracovávat mezery před kulatými závorkami argumentů funkcí.",
			"format.placeOpenBraceOnNewLineForControlBlocks": "Určuje, jestli je levá složená závorka v řídicích blocích umístěna na nový řádek.",
			"format.placeOpenBraceOnNewLineForFunctions": "Určuje, jestli je levá složená závorka ve funkcích umístěna na nový řádek.",
			"format.semicolons": "Definuje zpracování volitelných středníků.",
			"format.semicolons.ignore": "Nevkládat ani neodebírat žádné středníky",
			"format.semicolons.insert": "Vkládat středníky na konec příkazů",
			"format.semicolons.remove": "Odebrat nepotřebné středníky",
			"inlayHints.parameterNames.all": "Povolte tipy pro názvy parametrů pro argumenty literálu a neliterálu.",
			"inlayHints.parameterNames.literals": "Tipy pro názvy parametrů povolte pouze pro argumenty literálu.",
			"inlayHints.parameterNames.none": "Zakažte nápovědu k názvu parametru.",
			"javascript.format.enable": "Umožňuje povolit nebo zakázat výchozí formátovací modul JavaScriptu.",
			"javascript.goToProjectConfig.title": "Přejít na konfiguraci projektu (jsconfig / tsconfig)",
			"javascript.preferences.jsxAttributeCompletionStyle.auto": "Vložte „={}“ nebo „=\"\"“ za názvy atributů na základě typu vlastnosti. Pokud chcete určit typy uvozovek používaných u atributů řetězců, podívejte se na nastavení #javascript.preferences.quoteStyle#.",
			"javascript.preferences.organizeImports": "Upřesňující předvolby, které řídí způsob řazení importů.",
			"javascript.referencesCodeLens.enabled": "Umožňuje povolit nebo zakázat odkazy CodeLens v souborech JavaScriptu.",
			"javascript.referencesCodeLens.showOnAllFunctions": "Umožňuje povolit nebo zakázat odkazy CodeLens pro všechny funkce v souborech JavaScriptu.",
			"javascript.suggestionActions.enabled": "Umožňuje povolit nebo zakázat diagnostiku návrhů pro soubory JavaScriptu v editoru.",
			"javascript.validate.enable": "Umožňuje povolit nebo zakázat ověřování JavaScriptu.",
			"reloadProjects.title": "Znovu načíst projekt",
			"taskDefinition.tsconfig.description": "Soubor tsconfig, který definuje sestavení TS",
			"typescript.autoClosingTags": "Umožňuje povolit nebo zakázat automatické zavírání značek JSX.",
			"typescript.check.npmIsInstalled": "Zkontrolujte, zda je npm nainstalován pro [Automatické získávání typů](https://code.visualstudio.com/docs/nodejs/working-with-javascript#_typings-and-automatic-type-acquisition).",
			"typescript.disableAutomaticTypeAcquisition": "Zakáže [Automatické získávání typů](https://code.visualstudio.com/docs/nodejs/working-with-javascript#_typings-and-automatic-type-acquisition). Automatické získávání typů načte balíčky @types z npm, aby se vylepšila funkce IntelliSense pro externí knihovny.",
			"typescript.enablePromptUseWorkspaceTsdk": "Umožňuje dotazovat se uživatelů na použití verze TypeScript nakonfigurované v pracovním prostoru pro Intellisense.",
			"typescript.findAllFileReferences": "Vyhledat odkazy na soubory",
			"typescript.format.enable": "Umožňuje povolit nebo zakázat výchozí formátovací modul TypeScriptu.",
			"typescript.goToProjectConfig.title": "Přejít na konfiguraci projektu (tsconfig)",
			"typescript.goToSourceDefinition": "Přejít na definici zdroje",
			"typescript.implementationsCodeLens.enabled": "Umožňuje povolit nebo zakázat implementace CodeLens. Tato funkce CodeLens zobrazí implementátory rozhraní.",
			"typescript.implementationsCodeLens.showOnInterfaceMethods": "Umožňuje povolit nebo zakázat implementace CodeLens v metodách rozhraní.",
			"typescript.locale": "Nastaví národní prostředí, které se používá k hlášení chyb JavaScriptu a TypeScriptu. Ve výchozím nastavení se používá národní prostředí VS Code.",
			"typescript.locale.auto": "Umožňuje použít nakonfigurovaný jazyk zobrazení VS Code.",
			"typescript.npm": "Určuje cestu ke spustitelnému souboru npm používanému pro [Automatické získávání typů](https://code.visualstudio.com/docs/nodejs/working-with-javascript#_typings-and-automatic-type-acquisition).",
			"typescript.openTsServerLog.title": "Otevřít protokol serveru TS",
			"typescript.preferences.autoImportFileExcludePatterns": "Zadejte vzory glob souborů, které se mají vyloučit z automatických importů. Relativní cesty se řeší relativně vzhledem ke kořeni pracovního prostoru. Vzory se vyhodnocují pomocí sémantiky tsconfig.json ['exclude'](https://www.typescriptlang.org/tsconfig#exclude).",
			"typescript.preferences.autoImportSpecifierExcludeRegexes": "Zadejte regulární výrazy pro vyloučení automatických importů s odpovídajícími specifikátory importu. Příklady:\r\n\r\n- ^node:\r\n- lib/internal (lomítka se nemusí uvozovat řídicími znaky...)\r\n- /lib\\/internal/i (... pokud se nezahrnou okolní lomítka pro příznaky i nebo u)\r\n- ^lodash$ (povolit pouze import dílčích cest z lodash)",
			"typescript.preferences.importModuleSpecifier": "Upřednostňovaný styl cesty pro automatické importy",
			"typescript.preferences.importModuleSpecifier.nonRelative": "Upřednostňuje import, který není relativní, na základě hodnot baseUrl nebo paths nakonfigurovaných v souboru jsconfig.json/tsconfig.json.",
			"typescript.preferences.importModuleSpecifier.projectRelative": "Upřednostňovat nerelativní import jen v případě, že by relativní cesta importu opustila balíček nebo adresář projektu.",
			"typescript.preferences.importModuleSpecifier.relative": "Upřednostňuje relativní cestu k umístění importovaného souboru.",
			"typescript.preferences.importModuleSpecifier.shortest": "Upřednostňuje import, který není relativní, pouze pokud je k dispozici takový, který má méně segmentů cesty než relativní import.",
			"typescript.preferences.importModuleSpecifierEnding": "Upřednostňované konce cest pro automatické importy",
			"typescript.preferences.importModuleSpecifierEnding.auto": "Výchozí nastavení vyberte pomocí nastavení projektu.",
			"typescript.preferences.importModuleSpecifierEnding.index": "Zkracovat ./component/index.js na ./component/index",
			"typescript.preferences.importModuleSpecifierEnding.js": "Nezkracovat konce cesty; zahrnout příponu .js nebo .ts.",
			"typescript.preferences.importModuleSpecifierEnding.label.js": ".js / .ts",
			"typescript.preferences.importModuleSpecifierEnding.minimal": "Zkracovat ./component/index.js na ./component",
			"typescript.preferences.includePackageJsonAutoImports": "Umožňuje povolit nebo zakázat hledání závislostí package.json pro dostupné automatické importy.",
			"typescript.preferences.includePackageJsonAutoImports.auto": "Hledat závislosti na základě odhadovaného dopadu na výkon",
			"typescript.preferences.includePackageJsonAutoImports.off": "Nikdy nehledat závislosti",
			"typescript.preferences.includePackageJsonAutoImports.on": "Vždy hledat závislosti",
			"typescript.preferences.jsxAttributeCompletionStyle": "Upřednostňovaný styl pro dokončování atributů JSX.",
			"typescript.preferences.jsxAttributeCompletionStyle.auto": "Vložte „={}“ nebo „=\"\"“ za názvy atributů na základě typu vlastnosti. Pokud chcete určit typy uvozovek používaných u atributů řetězců, podívejte se na nastavení #typescript.preferences.quoteStyle#.",
			"typescript.preferences.jsxAttributeCompletionStyle.braces": "Vložte „={}“ za názvy atributů.",
			"typescript.preferences.jsxAttributeCompletionStyle.none": "Vkládejte pouze názvy atributů.",
			"typescript.preferences.organizeImports": "Upřesňující předvolby, které řídí způsob řazení importů.",
			"typescript.preferences.organizeImports.accentCollation": "Vyžaduje organizeImports.unicodeCollation: 'unicode'. Při porovnávání vyhodnocovat znaky s diakritickými znaménky jako nerovnocenné se znakem bez diakritického znaménka.",
			"typescript.preferences.organizeImports.caseFirst": "Vyžaduje, aby nastavení organizeImports.unicodeCollation: 'unicode' a organizeImports.caseSensitivity` nebylo caseInsensitive. Určuje, jestli budou velká písmena řazena před malými písmeny.",
			"typescript.preferences.organizeImports.caseFirst.default": "Výchozí pořadí je dané nastavením locale.",
			"typescript.preferences.organizeImports.caseFirst.lower": "Malá písmena předchází velkým písmenům. Příklad: a, A, z, Z.",
			"typescript.preferences.organizeImports.caseFirst.upper": "Velká písmena předchází malým písmenům. Příklad: A, a, B, b.",
			"typescript.preferences.organizeImports.caseSensitivity": "Určuje způsob řazení importů s ohledem na rozlišování velkých a malých písmen. Pokud je nastaveno na hodnotu auto nebo není zadáno, zjistíme rozlišování velkých a malých písmen v jednotlivých souborech automaticky.",
			"typescript.preferences.organizeImports.caseSensitivity.auto": "Rozlišovat malá a velká písmena pro řazení importů.",
			"typescript.preferences.organizeImports.caseSensitivity.insensitive": "Řadit importy s rozlišováním malých a velkých písmen.",
			"typescript.preferences.organizeImports.caseSensitivity.sensitive": "Řadit importy s rozlišováním malých a velkých písmen.",
			"typescript.preferences.organizeImports.locale": "Vyžaduje organizeImports.unicodeCollation: 'unicode'. Přepíše národní prostředí používané pro kolaci. Pokud chcete použít národní prostředí uživatelského rozhraní, zadejte hodnotu auto.",
			"typescript.preferences.organizeImports.numericCollation": "Vyžaduje organizeImports.unicodeCollation: 'unicode'. Seřadit číselné řetězce podle celočíselné hodnoty.",
			"typescript.preferences.organizeImports.typeOrder": "Určete, jak se mají řadit pojmenované importy, při kterých se importují jen informace o typu.",
			"typescript.preferences.organizeImports.typeOrder.auto": "Zjišťovat, kde by se měly řadit pojmenované importy pouze s importem informací o typu.",
			"typescript.preferences.organizeImports.typeOrder.first": "Pojmenované importy pouze s importem informací o typu jsou řazeny na začátek seznamu importů. Příklad: import { type A, type Y, B, Z } from 'module';",
			"typescript.preferences.organizeImports.typeOrder.inline": "Pojmenované importy se řadí pouze podle názvu. Příklad: import { type A, B, type Y, Z } from 'module';",
			"typescript.preferences.organizeImports.typeOrder.last": "Pojmenované importy pouze s importem informací o typu jsou řazeny až na konec seznamu importů. Příklad: import { B, Z, type A, type Y } from 'module';",
			"typescript.preferences.organizeImports.unicodeCollation": "Určuje, jestli se mají importy řadit pomocí kolace Unicode nebo Řadový.",
			"typescript.preferences.organizeImports.unicodeCollation.ordinal": "Seřadí importy pomocí číselné hodnoty každého bodu kódu.",
			"typescript.preferences.organizeImports.unicodeCollation.unicode": "Řadit importy pomocí kolace kódu Unicode.",
			"typescript.preferences.preferTypeOnlyAutoImports": "Pokud je to možné, zahrnout klíčové slovo type do automatických importů Vyžaduje v pracovním prostoru použití TypeScriptu 5.3+.",
			"typescript.preferences.quoteStyle": "Upřednostňovaný styl uvozovek, který se má použít pro rychlé opravy.",
			"typescript.preferences.quoteStyle.auto": "Odvodit typ uvozovek z existujícího kódu",
			"typescript.preferences.quoteStyle.double": "Vždy používat dvojité uvozovky „ \" “",
			"typescript.preferences.quoteStyle.single": "Vždy používat dvojité uvozovky „ ' “",
			"typescript.preferences.renameMatchingJsxTags": "Při použití značky JSX se místo přejmenování symbolu pokuste přejmenovat odpovídající značku. Vyžaduje v pracovním prostoru použití TypeScriptu 5.1+.",
			"typescript.preferences.renameShorthandProperties.deprecationMessage": "Nastavení typescript.preferences.renameShorthandProperties je zastaralé. Místo něj se používá nastavení typescript.preferences.useAliasesForRenames.",
			"typescript.preferences.useAliasesForRenames": "Umožňuje povolit nebo zakázat zavádění aliasů pro sdružené vlastnosti objektů při přejmenovávání.",
			"typescript.problemMatchers.tsc.label": "Problémy s TypeScriptem",
			"typescript.problemMatchers.tscWatch.label": "Problémy s TypeScriptem (režim sledování)",
			"typescript.referencesCodeLens.enabled": "Umožňuje povolit nebo zakázat odkazy CodeLens v souborech TypeScriptu.",
			"typescript.referencesCodeLens.showOnAllFunctions": "Umožňuje povolit nebo zakázat odkazy CodeLens pro všechny funkce v souborech TypeScriptu.",
			"typescript.removeUnusedImports": "Odebrat nepoužívané importy",
			"typescript.reportStyleChecksAsWarnings": "Hlásit kontroly stylu jako upozornění",
			"typescript.restartTsServer": "Restartovat server TS",
			"typescript.selectTypeScriptVersion.title": "Vybrat verzi TypeScriptu...",
			"typescript.sortImports": "Seřadit importy",
			"typescript.suggest.enabled": "Umožňuje povolit nebo zakázat návrhy automatického dokončování.",
			"typescript.suggestionActions.enabled": "Umožňuje povolit nebo zakázat diagnostiku návrhů pro soubory TypeScriptu v editoru.",
			"typescript.tsc.autoDetect": "Řídí automatické zjišťování úloh tsc.",
			"typescript.tsc.autoDetect.build": "Umožňuje vytvářet úlohy kompilace pouze pro jedno spuštění.",
			"typescript.tsc.autoDetect.off": "Zakázat tuto funkci",
			"typescript.tsc.autoDetect.on": "Vytvořit jak úlohy sestavení, tak úlohy sledování",
			"typescript.tsc.autoDetect.watch": "Vytvořit pouze úlohy kompilace a sledování",
			"typescript.tsdk.desc": "Určuje cestu ke složce pro soubory tsserver a lib*.d.ts v rámci instalace TypeScriptu, která se má používat pro technologii IntelliSense, například: ./node_modules/typescript/lib.\r\n\r\n- Pokud je zadáno jako uživatelské nastavení, verze TypeScriptu ze souboru typescript.tsdk automaticky nahradí integrovanou verzi TypeScriptu.\r\n- Pokud je zadáno jako nastavení pracovního prostoru, umožňuje vám soubor typescript.tsdk přepnout na používání verze TypeScriptu tohoto pracovního prostoru pro IntelliSense příkazem TypeScript: vybrat verzi TypeScriptu.r\r\n\r\nDalší informace o správě verzí TypeScriptu najdete v [dokumentaci k TypeScriptu](https://code.visualstudio.com/docs/typescript/typescript-compiling#_using-newer-typescript-versions).",
			"typescript.tsserver.enableRegionDiagnostics": "Povolí diagnostiku založenou na oblasti v TypeScriptu. Vyžaduje v pracovním prostoru použití TypeScriptu 5.6+.",
			"typescript.tsserver.enableTracing": "Umožňuje povolit sledování výkonu serveru TS do adresáře. Tyto sledovací soubory lze použít k diagnostikování problémů s výkonem serveru TS. Protokol může obsahovat cesty k souborům, zdrojový kód a další potenciálně citlivé informace z vašeho projektu.",
			"typescript.tsserver.log": "Umožňuje povolit protokolování serveru TS do souboru. Tento protokol lze použít k diagnostikování problémů se serverem TS. Protokol může obsahovat cesty k souborům, zdrojový kód a další potenciálně citlivé informace z vašeho projektu.",
			"typescript.tsserver.pluginPaths": "Další cesty ke zjišťování modulů plug-in služby jazyka TypeScript",
			"typescript.tsserver.pluginPaths.item": "Buď absolutní, nebo relativní cesta. Relativní cesta bude relativní ve vztahu ke složkám pracovního prostoru.",
			"typescript.tsserver.trace": "Umožňuje povolit trasování zpráv odesílaných na server TS. Toto trasování lze použít k diagnostikování problémů se serverem TS. Trasování může obsahovat cesty k souborům, zdrojový kód a další potenciálně citlivé informace z vašeho projektu.",
			"typescript.updateImportsOnFileMove.enabled": "Umožňuje povolit nebo zakázat automatické aktualizace cest importu při přejmenovávání nebo přesouvání souboru ve VS Code.",
			"typescript.updateImportsOnFileMove.enabled.always": "Vždy automaticky aktualizovat cesty",
			"typescript.updateImportsOnFileMove.enabled.never": "Nikdy nepřejmenovávat cesty a nezobrazovat dotaz",
			"typescript.updateImportsOnFileMove.enabled.prompt": "Dotázat se na každé přejmenování",
			"typescript.validate.enable": "Umožňuje povolit nebo zakázat ověřování TypeScriptu.",
			"typescript.workspaceSymbols.excludeLibrarySymbols": "Ve výsledcích příkazu Přejít na symbol v pracovním prostoru vylučte symboly, které pocházejí ze souborů knihovny. Vyžaduje v pracovním prostoru použití TypeScriptu 5.3+.",
			"typescript.workspaceSymbols.scope": "Určuje, které soubory se prohledávají pomocí funkce [přejít na symbol v pracovním prostoru](https://code.visualstudio.com/docs/editor/editingevolved#_open-symbol-by-name).",
			"typescript.workspaceSymbols.scope.allOpenProjects": "Vyhledejte symboly ve všech otevřených projektech JavaScriptu nebo TypeScriptu.",
			"typescript.workspaceSymbols.scope.currentProject": "Hledat symboly pouze v aktuálním projektu JavaScriptu nebo TypeScriptu",
			"virtualWorkspaces": "Ve virtuálních pracovních prostorech se nepodporuje řešení a vyhledávání odkazů v souborech.",
			"walkthroughs.nodejsWelcome.debugJsFile.altText": "Pomocí Visual Studio Code můžete ladit a spouštět kód JavaScriptu v Node.js.",
			"walkthroughs.nodejsWelcome.debugJsFile.description": "Po instalaci Node.js můžete v terminálu spouštět javascriptové programy tak, že zadáte node your-file-name.js\r\nDalším snadným způsobem, jak spouštět programy Node.js, je použití ladicího programu VS Code, který umožňuje spouštět kód, pozastavit se v různých bodech a pomoct vám pochopit, co se děje krok za krokem.\r\n[Spustit ladění](command:javascript-walkthrough.commands.debugJsFile)",
			"walkthroughs.nodejsWelcome.debugJsFile.title": "Spuštění a ladění JavaScriptu",
			"walkthroughs.nodejsWelcome.description": "Využijte Visual Studio Code prvotřídního javascriptového prostředí na maximum.",
			"walkthroughs.nodejsWelcome.downloadNode.forLinux.description": "Node.js je snadný způsob, jak spouštět javascriptový kód. Můžete ho použít k rychlému vytváření aplikací a serverů příkazového řádku. Součástí je také npm, správce balíčků, který usnadňuje opakované použití a sdílení javascriptového kódu.\r\n[Instalace Node.js](https://nodejs.org/en/download/package-manager/)",
			"walkthroughs.nodejsWelcome.downloadNode.forLinux.title": "Nainstalovat Node.js",
			"walkthroughs.nodejsWelcome.downloadNode.forMacOrWindows.description": "Node.js je snadný způsob, jak spouštět javascriptový kód. Můžete ho použít k rychlému vytváření aplikací a serverů příkazového řádku. Součástí je také npm, správce balíčků, který usnadňuje opakované použití a sdílení javascriptového kódu.\r\n[Nainstalovat Node.js](https://nodejs.org/en/download/)",
			"walkthroughs.nodejsWelcome.downloadNode.forMacOrWindows.title": "Nainstalovat Node.js",
			"walkthroughs.nodejsWelcome.learnMoreAboutJs.altText": "Další informace o JavaScriptu a Node.js najdete v Visual Studio Code.",
			"walkthroughs.nodejsWelcome.learnMoreAboutJs.description": "Chcete se blíže seznámit s JavaScriptem, Node.js a VS Code? Určitě se podívejte na naše dokumenty!\r\nMáme spoustu prostředků pro učení [JavaScript](https://code.visualstudio.com/docs/nodejs/working-with-javascript) a [Node.js](https://code.visualstudio.com/docs/nodejs/nodejs-tutorial).\r\n\r\n[Další informace](https://code.visualstudio.com/docs/nodejs/nodejs-tutorial)",
			"walkthroughs.nodejsWelcome.learnMoreAboutJs.title": "Prozkoumat více",
			"walkthroughs.nodejsWelcome.makeJsFile.description": "Pojďme napsat náš první javascriptový soubor. Budeme muset vytvořit nový soubor a uložit ho s příponou „.js“ na konci názvu souboru.\r\n[Vytvoření javascriptového souboru](command:javascript-walkthrough.commands.createJsFile)",
			"walkthroughs.nodejsWelcome.makeJsFile.title": "Vytvoření javascriptového souboru",
			"walkthroughs.nodejsWelcome.title": "Začínáme s JavaScriptem a Node.js",
			"workspaceTrust": "Pokud se používá verze pracovního prostoru, rozšíření vyžaduje vztah důvěryhodnosti pracovního prostoru, protože spouští kód určený pracovním prostorem."
		}
	}
}